Date,Open,High,Low,Close,Volume
2017-10-02,4.461376675610774,4.490494075284112,4.367609009695415,4.4169602394104,503480000.0
2017-10-03,4.423129846880807,4.455948935664281,4.381921372349738,4.426091194152832,390332000.0
2017-10-04,4.43225860398216,4.4853115091058555,4.395738313594542,4.463103294372559,427848000.0
2017-10-05,4.487532518252558,4.490987108514947,4.430777930245663,4.460635662078857,437364000.0
2017-10-06,4.433000071527911,4.487039948991806,4.416960696650129,4.473714828491211,318800000.0
2017-10-09,4.510481343624446,4.607704072279075,4.491727716060073,4.574638366699219,563492000.0
2017-10-10,4.723679551360036,4.761186803261181,4.620781701279181,4.661990165710449,974876000.0
2017-10-11,4.678523154191402,4.713069532949091,4.632626514945159,4.7115888595581055,529508000.0
2017-10-12,4.7150421169046925,4.764640425601471,4.686665061750541,4.713808536529541,528292000.0
2017-10-13,4.775992009268941,4.81177196504256,4.729108416171767,4.801654815673828,628728000.0
2017-10-16,4.83151263262083,4.8870331734610435,4.768342574124737,4.8840718269348145,576640000.0
2017-10-17,4.863345045992021,4.908008107656263,4.845085131945194,4.879631042480469,478596000.0
2017-10-18,4.888512892167094,4.889252758001524,4.770316030549128,4.875434398651123,567316000.0
2017-10-19,4.7979539723186315,4.8857994136257155,4.748849365587751,4.88086462020874,570772000.0
2017-10-20,4.897890474990252,4.92503348342569,4.849772360974303,4.85865592956543,451620000.0
2017-10-23,4.880370239666877,4.906773381119188,4.8315122616098165,4.851746559143066,428696000.0
2017-10-24,4.860876651927827,4.904306125975059,4.83496722308686,4.902578830718994,407244000.0
2017-10-25,4.863097870424959,4.915904159649188,4.71726425537581,4.7787065505981445,828160000.0
2017-10-26,4.806342032272754,4.840394212070857,4.782406528191093,4.828796863555908,322744000.0
2017-10-27,4.880864040723219,4.981294252288455,4.854954142760017,4.981047630310059,572192000.0
2017-10-30,4.9810473431084725,5.085425382920258,4.965254595001695,5.029905319213867,504056000.0
2017-10-31,5.061737718778116,5.1298425725651375,5.056062118190584,5.1031928062438965,411908000.0
2017-11-01,5.165868281800248,5.181167315021661,5.048658371741765,5.1128153800964355,502576000.0
2017-11-02,5.083205793911416,5.127868851709636,5.025217617115734,5.081725120544434,342308000.0
2017-11-03,5.112816422204503,5.149583339691162,5.066919783838081,5.149583339691162,353640000.0
2017-11-06,5.112816511363405,5.18141508342609,5.1004788215337555,5.172778606414795,389944000.0
2017-11-07,5.195479105060958,5.253467266688198,5.1833880405829715,5.231998920440674,427700000.0
2017-11-08,5.227558048459335,5.231259731387411,5.113803190610119,5.16118049621582,522988000.0
2017-11-09,5.0651912662464555,5.091347312526664,4.9442801487197015,5.06642484664917,978564000.0
2017-11-10,5.25791014059188,5.395847618109438,5.222130182028636,5.333417892456055,1253256000.0
2017-11-13,5.333418007285244,5.358833723577544,5.231507108144709,5.2468061447143555,582376000.0
2017-11-14,5.255934905067065,5.300351333272847,5.212258813418393,5.285052299499512,529292000.0
2017-11-15,5.230025482309857,5.231259533456734,5.127621357791847,5.1814141273498535,501948000.0
2017-11-16,5.255442335399168,5.285546692219255,5.212753196798798,5.2216362953186035,441768000.0
2017-11-17,5.278636065440799,5.313922298509696,5.200414083529743,5.215466022491455,515664000.0
2017-11-20,5.2310119706509575,5.294675731703782,5.194245062612149,5.2825846672058105,396100000.0
2017-11-21,5.322312734237784,5.342793652522641,5.290481087341017,5.331195831298828,399176000.0
2017-11-22,5.358358777921161,5.358358777921161,5.274649684699717,5.307244300842285,356640000.0
2017-11-24,5.323541324645499,5.358358491793912,5.299095128354143,5.357370376586914,180752000.0
2017-11-27,5.366012740536126,5.367247177941411,5.284525742400765,5.287735939025879,422896000.0
2017-11-28,5.292921377164338,5.302304702692142,5.142047788870571,5.203039169311523,512752000.0
2017-11-29,5.185754483332419,5.188470622521679,4.722021874427324,4.850178241729736,1396788000.0
2017-11-30,4.918825857593671,5.004757046867638,4.8558591677924925,4.956111907958984,823768000.0
2017-12-01,4.921542276935536,4.941790637594679,4.752642822128657,4.881292819976807,811548000.0
2017-12-04,4.9398142569824,4.945987858540212,4.555840071657967,4.6091766357421875,1240844000.0
2017-12-05,4.503985460880966,4.75832253190958,4.45904457324678,4.63584566116333,981488000.0
2017-12-06,4.585471987872158,4.69510853690682,4.564235982135408,4.673378944396973,467032000.0
2017-12-07,4.740047608922165,4.780544315834879,4.694612681270943,4.740788459777832,542600000.0
2017-12-08,4.790669944524561,4.809683868173237,4.720048414331491,4.7284440994262695,466876000.0
2017-12-11,4.742519595337102,4.80968461555238,4.726716338215758,4.806721210479736,372748000.0
2017-12-12,4.763260014025102,4.7864713030833475,4.688934247785812,4.712392330169678,455016000.0
2017-12-13,4.7533825139629435,4.754616951540734,4.589915379257983,4.597323417663574,554280000.0
2017-12-14,4.590904815063273,4.675354790316013,4.558310186926384,4.604485988616943,438164000.0
2017-12-15,4.648436934932598,4.750418601483884,4.5834945108112315,4.730170249938965,670036000.0
2017-12-18,4.770668021901644,4.889687882002822,4.741036806785302,4.886724948883057,477704000.0
2017-12-19,4.877341701368436,4.882527187648366,4.8141277506400355,4.842524528503418,373100000.0
2017-12-20,4.881785084824168,4.890921146319655,4.804002339590581,4.859561443328857,288820000.0
2017-12-21,4.863020311197797,4.887960101443575,4.8286971915643235,4.837092876434326,300904000.0
2017-12-22,4.800299318064418,4.831165439374797,4.722516560487966,4.821782112121582,466276000.0
2017-12-26,4.766470988250175,4.8830215216898765,4.736592503739777,4.875366687774658,355080000.0
2017-12-27,4.862031403609721,4.9378383991714205,4.847462591054052,4.8686981201171875,329488000.0
2017-12-28,4.892403530705232,4.923269651424748,4.868204597560567,4.874377727508545,240248000.0
2017-12-29,4.900553025610104,4.900553025610104,4.778076171875,4.778076171875,279964000.0
2018-01-02,4.834376422218206,4.926234430041643,4.802769912707063,4.922530174255371,355616000.0
2018-01-03,5.039820025695842,5.276872071724263,5.031177549791746,5.246499538421631,914704000.0
2018-01-04,5.327740884969575,5.38428765630567,5.2519333965557236,5.2741570472717285,583268000.0
2018-01-05,5.288972038755744,5.356136563849528,5.212176921617321,5.318850517272949,580124000.0
2018-01-08,5.442316266167222,5.555903398465564,5.3973749058474505,5.48182487487793,881216000.0
2018-01-09,5.487254937822689,5.526763530565923,5.398854426236234,5.480340957641602,497000000.0
2018-01-10,5.387989231876989,5.526763359765202,5.333665036278787,5.523306369781494,582664000.0
2018-01-11,5.555902238512881,5.58726241973231,5.511701738594264,5.533185005187988,406032000.0
2018-01-12,5.521332117817926,5.555655230806842,5.465526210043849,5.5060224533081055,359916000.0
2018-01-16,5.532446659523428,5.617883822997505,5.350706826705211,5.435156345367432,702348000.0
2018-01-17,5.449723250238655,5.558865734748603,5.3558904323801855,5.5489888191223145,538408000.0
2018-01-18,5.529727471644802,5.596398410676426,5.498614555155242,5.542074203491211,408632000.0
2018-01-19,5.632202609560371,5.706281108604967,5.605287537749139,5.682082176208496,609380000.0
2018-01-22,5.689986000109189,5.772213420155584,5.632451579613808,5.770484924316406,550944000.0
2018-01-23,5.8238204730048055,5.922098396043224,5.805301079848276,5.899381160736084,475228000.0
2018-01-24,5.902589462007986,5.938394272835507,5.767025521047098,5.822584629058838,579972000.0
2018-01-25,5.876908937643834,5.9201217873348,5.8213502995805415,5.836165904998779,409884000.0
2018-01-26,5.879873009855168,6.008769780706532,5.867032691438194,6.008522987365723,516356000.0
2018-01-29,5.993954179465622,6.126555205457101,5.941358468062582,6.095441818237305,455116000.0
2018-01-30,5.953705258700726,6.084824594355995,5.887034314269972,5.993460655212402,570832000.0
2018-01-31,6.068773423608203,6.155198660306278,6.036178805971639,6.069514274597168,478576000.0
2018-02-01,5.889749150422555,6.096675919910666,5.878390535502139,5.93864107131958,519224000.0
2018-02-02,5.852215618983216,5.87616775447474,5.708256012755054,5.766283988952637,718464000.0
2018-02-05,5.605289180259561,5.75912576655241,5.062045124814408,5.276873588562012,1165204000.0
2018-02-06,5.047228245708797,5.57318674114251,5.037350860903087,5.570223808288574,1114800000.0
2018-02-07,5.668995208734599,5.802089811251349,5.597879640627276,5.6497344970703125,802932000.0
2018-02-08,5.775175357693804,5.808263563642714,5.3709523435207815,5.371199607849121,1144000000.0
2018-02-09,5.8830834821942375,5.898886734378586,5.371199687913183,5.7307281494140625,1674604000.0
2018-02-12,5.811720959806684,5.814684364116072,5.556643531879623,5.6307220458984375,1093172000.0
2018-02-13,5.594421578693166,5.790483293315582,5.562073762452617,5.744307518005371,625524000.0
2018-02-14,5.704059548216401,5.990250334803967,5.692947725246007,5.96135950088501,744988000.0
2018-02-15,6.044574880316106,6.132975411384869,5.963829181989082,6.086799621582031,698900000.0
2018-02-16,6.059635770665357,6.17322284494212,6.011978294374921,6.021114826202393,637656000.0
2018-02-20,6.043586590630636,6.219399989606605,6.039882335841647,6.150506973266602,686240000.0
2018-02-21,6.21495763557512,6.2218716190789864,5.9598796842223125,5.963583469390869,892292000.0
2018-02-22,5.997431333117807,6.069084984781661,5.917623728420351,5.983100414276123,534364000.0
2018-02-23,6.042894427609289,6.076497554779053,5.992242554545335,6.076497554779053,415300000.0
2018-02-26,6.122703332679039,6.12715073010271,6.030294359867452,6.092559337615967,469312000.0
2018-02-27,6.065872980795746,6.150128455906252,6.0567312407746385,6.079710006713867,455436000.0
2018-02-28,6.0905826933433405,6.130115850206077,5.967782771820318,5.979395866394043,523116000.0
2018-03-01,5.9771709264830095,6.031034996811385,5.636444334778007,5.73750114440918,1040120000.0
2018-03-02,5.630021027743416,5.850913006314892,5.481524503696904,5.844488620758057,913428000.0
2018-03-05,5.79432989276352,5.86203051741551,5.671035629274928,5.822497367858887,620776000.0
2018-03-06,5.907740260386819,6.002620096098202,5.86474797473906,5.983347415924072,636808000.0
2018-03-07,5.880561610998472,6.02757595760045,5.879326406215545,5.9754414558410645,581208000.0
2018-03-08,6.002867703637452,6.002867703637452,5.9149061354144825,5.959134101867676,411912000.0
2018-03-09,6.006573419720669,6.0745209900779376,5.9905134019466875,6.061673164367676,505524000.0
2018-03-12,6.1029366088716035,6.251185699554829,6.094782654396949,6.171131134033203,605060000.0
2018-03-13,6.21387633344253,6.288248295020169,6.0792163846093725,6.120479106903076,619772000.0
2018-03-14,6.163471023940503,6.190650241531687,6.083663411876089,6.145928382873535,505496000.0
2018-03-15,6.159518045344583,6.241796067659434,6.118749218602539,6.16075325012207,401952000.0
2018-03-16,6.177061410716089,6.207946717769669,6.139504771773921,6.1889214515686035,399456000.0
2018-03-19,6.132092909851031,6.161001230709759,5.855854702051574,5.954687595367432,713772000.0
2018-03-20,5.957652681990522,6.2054764753903155,5.957652681990522,6.166684627532959,554696000.0
2018-03-21,6.160258768339329,6.226477242198689,6.1110895132459655,6.141480922698975,438688000.0
2018-03-22,6.078227892491126,6.124679321622564,5.938379240415697,5.975688457489014,551196000.0
2018-03-23,5.989278912147866,5.991749793357609,5.745161692403051,5.756280422210693,735620000.0
2018-03-26,5.880561289586409,6.041906076450035,5.828674208637452,6.040670871734619,611424000.0
2018-03-27,6.12146888557702,6.177062542715958,5.432108950871604,5.57220458984375,1409000000.0
2018-03-28,5.537858984553236,5.66782412342045,5.3616893596201365,5.469170093536377,945904000.0
2018-03-29,5.537363877539234,5.81879073560349,5.453108871312396,5.722181797027588,916628000.0
2018-04-02,5.651763826874527,5.79778944981991,5.37404303062302,5.461757183074951,922092000.0
2018-04-03,5.628539069498361,5.69154489459939,5.469170756638939,5.5680036544799805,667432000.0
2018-04-04,5.31251870810874,5.600369939066566,5.287563426422367,5.589992523193359,789168000.0
2018-04-05,5.6483046477489145,5.661399892464157,5.398504383685218,5.469911098480225,701240000.0
2018-04-06,5.3673718781755655,5.475346975127524,5.264585489977508,5.293741226196289,662988000.0
2018-04-09,5.3567469184188905,5.484488578032637,5.30238848463379,5.322402477264404,499524000.0
2018-04-10,5.552436272948301,5.658187426207416,5.495360010454197,5.631255626678467,761676000.0
2018-04-11,5.616430427510846,5.657693144322585,5.557377652942625,5.589992523193359,460244000.0
2018-04-12,5.682895452087172,5.814343192923242,5.638667489395287,5.796553134918213,593920000.0
2018-04-13,5.860054395742504,5.868455297300609,5.671777778510735,5.719958782196045,503036000.0
2018-04-16,5.726630059112489,5.75306796845744,5.625573237199884,5.719711780548096,350792000.0
2018-04-17,5.771846621525627,5.8904460934350125,5.716252971795476,5.869196891784668,447224000.0
2018-04-18,5.818791538526428,5.911447457746737,5.751338323408006,5.840287685394287,391364000.0
2018-04-19,5.72613615440308,5.759492344992151,5.603830593515571,5.659176826477051,471996000.0
2018-04-20,5.65052806954587,5.734783081732713,5.6198901831966905,5.651022434234619,386200000.0
2018-04-23,5.668813338356715,5.7199591196415245,5.505738944906398,5.53168249130249,427508000.0
2018-04-24,5.557377269794424,5.6532448866715415,5.400232948627083,5.465462684631348,414596000.0
2018-04-25,5.43581313300979,5.4748523883524705,5.196143359985117,5.353287696838379,588492000.0
2018-04-26,5.5148796816834365,5.572944202692886,5.44890862482424,5.56479024887085,375824000.0
2018-04-27,5.670542920771416,5.69030949968004,5.549966459538119,5.592217445373535,400848000.0
2018-04-30,5.608525874575471,5.658189512993663,5.5376135017529275,5.556885719299316,327844000.0
2018-05-01,5.548730126055674,5.614948128368746,5.490171241475929,5.61223030090332,253788000.0
2018-05-02,5.608770757760308,5.653245194599308,5.565531054308875,5.591722011566162,268248000.0
2018-05-03,5.62359615167403,5.782964431798426,5.57837992758132,5.756773471832275,443144000.0
2018-05-04,5.728112095618816,5.9099647785900515,5.710816400978454,5.906752586364746,400660000.0
2018-05-07,6.011269508298041,6.201523122632213,6.001385983322153,6.144446849822998,687616000.0
2018-05-08,6.1446911390178025,6.189660404173261,6.095768842599583,6.1869425773620605,506616000.0
2018-05-09,6.206958372783613,6.322098697844663,6.1797791521493535,6.3198747634887695,596760000.0
2018-05-10,6.372749907244618,6.4364970300968425,6.3549598480978355,6.4273552894592285,994080000.0
2018-05-11,6.245749828996159,6.4189546705779925,6.190403604251868,6.288989067077637,1214456000.0
2018-05-14,6.32704047074805,6.386834567735954,6.285777746273571,6.309497356414795,523140000.0
2018-05-15,6.245996110622868,6.2487144092462685,5.967040139842372,6.067355632781982,963528000.0
2018-05-16,6.028809956971289,6.140491109402539,5.99199464100619,6.0784735679626465,553828000.0
2018-05-17,6.080204642737312,6.214123280156427,6.064144152159315,6.120479106903076,519784000.0
2018-05-18,6.172366186643895,6.23561894338696,6.071803271734639,6.07674503326416,483716000.0
2018-05-21,6.17409665197543,6.177802738024202,5.9420859571111215,6.0347418785095215,640624000.0
2018-05-22,6.048083460402511,6.073285689316128,5.936154874773719,5.996690273284912,518264000.0
2018-05-23,5.940568644889118,6.121297837896558,5.939826874995442,6.12006139755249,442956000.0
2018-05-24,6.116351575562364,6.1660459026312795,6.063195970849392,6.123768329620361,437372000.0
2018-05-25,6.136378857375659,6.1793977382555845,6.100777203792342,6.163080215454102,292112000.0
2018-05-29,6.145031066439956,6.214009995996872,6.099292684366807,6.14601993560791,352684000.0
2018-05-30,6.179646296831554,6.263458762327375,6.154922673455589,6.254805564880371,390996000.0
2018-05-31,6.222911408000627,6.30944384185246,6.2122804730806225,6.235025882720947,493868000.0
2018-06-01,6.279774631680784,6.375454920453975,6.271121436515737,6.369273662567139,421968000.0
2018-06-04,6.40339274467173,6.570029246817029,6.371252370342508,6.548025608062744,642024000.0
2018-06-05,6.551239103160533,6.591044274303789,6.506489585670984,6.553464412689209,391712000.0
2018-06-06,6.46346994643949,6.558655557966693,6.447152426508077,6.555441379547119,371356000.0
2018-06-07,6.551733202346104,6.563600575670102,6.409572764990452,6.499814033508301,369448000.0
2018-06-08,6.427128385230457,6.5270112719663675,6.408338451209349,6.484487056732178,360456000.0
2018-06-11,6.471877203081521,6.513412544338041,6.4305889612666265,6.443445205688477,265372000.0
2018-06-12,6.469900615413379,6.50401873541634,6.419711597569327,6.491904258728027,319160000.0
2018-06-13,6.493386671427395,6.568298828613451,6.478305117274815,6.487452983856201,338208000.0
2018-06-14,6.53244910381306,6.655572041586089,6.51761465130932,6.598955154418945,430016000.0
2018-06-15,6.541843262192052,6.613047027250425,6.510938861735974,6.558160781860352,432260000.0
2018-06-18,6.514155618599125,6.571514295317593,6.486960056096303,6.553960800170898,356268000.0
2018-06-19,6.4508615239808345,6.518109821084411,6.304993169028046,6.432319164276123,594932000.0
2018-06-20,6.473360210722888,6.538135626390589,6.435038580049156,6.485227584838867,369780000.0
2018-06-21,6.5171198631193095,6.535415120342882,6.348999855790934,6.356664180755615,359516000.0
2018-06-22,6.377431989047714,6.39078290107934,6.189038982088868,6.204367160797119,434160000.0
2018-06-25,6.098056779670731,6.1017651569803375,5.823378441826234,5.911888599395752,665816000.0
2018-06-26,6.025123366416597,6.073334165648005,5.931420804969788,5.982845783233643,478884000.0
2018-06-27,6.026359139611977,6.092618098974124,5.822389872414972,5.827829360961914,453892000.0
2018-06-28,5.817939830519477,5.966775746026835,5.810275503778183,5.95490837097168,338012000.0
2018-06-29,6.01993183011891,6.032540504475527,5.855767248384286,5.857003688812256,392300000.0
2018-07-02,5.787530159257591,5.99273540122519,5.7670095879044485,5.98902702331543,357572000.0
2018-07-03,6.023638839036991,6.02957252567643,5.847112722532093,5.855518817901611,222732000.0
2018-07-05,5.910654104559699,6.006086849349894,5.871838265044366,6.001142501831055,306216000.0
2018-07-06,5.976666013529852,6.123276646426896,5.955403668596883,6.114870548248291,296352000.0
2018-07-09,6.189040564563735,6.198682630405443,6.083718195534143,6.162338733673096,303880000.0
2018-07-10,6.174699951455548,6.283236013497181,6.134400582636994,6.261232376098633,360016000.0
2018-07-11,6.168519385515629,6.203132167984538,6.109182513334937,6.119813919067383,367508000.0
2018-07-12,6.165057776067518,6.259254053520863,6.155168140714099,6.21129035949707,345508000.0
2018-07-13,6.2298320106434515,6.2298320106434515,6.122037269203718,6.164067268371582,246988000.0
2018-07-16,6.136377811431885,6.189286319689047,6.124016239608383,6.136377811431885,197036000.0
2018-07-17,6.08718009722832,6.287193448983059,6.061714704120097,6.272111892700195,362136000.0
2018-07-18,6.264692830334168,6.278537941006047,6.171979631458935,6.222909927368164,277640000.0
2018-07-19,6.204121583157917,6.264694429372078,6.189040500139685,6.231070041656494,235752000.0
2018-07-20,6.228599075115796,6.267414915146389,6.192008073607239,6.202886581420898,222352000.0
2018-07-23,6.176430833249131,6.178161472378731,6.014738681218389,6.166294097900391,301584000.0
2018-07-24,6.214258822618776,6.300791264976543,6.131434758562498,6.148988723754883,354620000.0
2018-07-25,6.158383304050002,6.239723823051808,6.1005299654223775,6.227114677429199,319112000.0
2018-07-26,6.207087845992745,6.337380444989533,6.1902756543473405,6.30054235458374,325124000.0
2018-07-27,6.3371342789732275,6.344056836184781,6.176925650601559,6.230823040008545,295420000.0
2018-07-30,6.244914898588753,6.25084858563641,6.000893374499714,6.0357537269592285,340340000.0
2018-07-31,6.025369543202064,6.12846658338702,5.986553716003607,6.053801536560059,283988000.0
2018-08-01,6.085201323968267,6.1403346781881565,6.0298203987489805,6.093606948852539,283556000.0
2018-08-02,6.02240420083108,6.200166339106687,5.963562458766129,6.196210861206055,269668000.0
2018-08-03,6.220684105515508,6.2565333193013535,6.2038723888982235,6.2327985763549805,214288000.0
2018-08-06,6.22019135556885,6.283977902639579,6.173711199442598,6.280516624450684,207508000.0
2018-08-07,6.329223065931543,6.3712530810900025,6.3025217055626666,6.352710247039795,258132000.0
2018-08-08,6.353945886167342,6.43404995717187,6.319085532312254,6.389052867889404,262100000.0
2018-08-09,6.406853724259384,6.409573232602088,6.332930442341758,6.34059476852417,204280000.0
2018-08-10,6.258761346011126,6.331695773648009,6.247635739369436,6.299307823181152,256396000.0
2018-08-13,6.307958234252533,6.452838156076515,6.30622759557409,6.332187175750732,375208000.0
2018-08-14,6.437510398377402,6.477562664453501,6.354439258750255,6.463469982147217,466220000.0
2018-08-15,6.484238341164835,6.51810982494344,6.326749711256938,6.405370712280273,591136000.0
2018-08-16,6.4750909943011195,6.477563403260773,6.304745648022211,6.364823818206787,801260000.0
2018-08-17,6.253568622621382,6.2543103925105195,6.025864600772823,6.052813529968262,1143188000.0
2018-08-20,6.012266602031291,6.2599960342789815,5.901999427630956,6.127478122711182,854388000.0
2018-08-21,6.143795822264557,6.267413442545277,6.124017021882193,6.26296329498291,673988000.0
2018-08-22,6.230327888717319,6.502780930675262,6.226866610640642,6.497836112976074,749856000.0
2018-08-23,6.45926778484295,6.662495277887314,6.445422671676492,6.597225189208984,720684000.0
2018-08-24,6.60563053130619,6.744823888499425,6.6011803842341825,6.730237007141113,531512000.0
2018-08-27,6.759903895807996,6.895388854199207,6.728505300320473,6.821218490600586,505776000.0
2018-08-28,6.815287517358268,6.838033400094436,6.663732080296084,6.783641338348389,475384000.0
2018-08-29,6.775971957096754,6.914004818889428,6.755192928225578,6.8890204429626465,420108000.0
2018-08-30,6.8578514316187205,6.968921097221528,6.835340816995856,6.872199058532715,346608000.0
2018-08-31,6.852162521502722,6.956058142533176,6.842267475775179,6.94319486618042,306592000.0
2018-09-04,6.93008453290711,7.0555013711453,6.901636981506901,7.017901420593262,391720000.0
2018-09-05,7.0003375439705895,7.035711437732241,6.806398978892806,6.887289047241211,393156000.0
2018-09-06,6.870962477559457,6.873436239069993,6.713387691094614,6.746287822723389,322796000.0
2018-09-07,6.6542664246592444,6.850431523836252,6.609492424088,6.725014686584473,295420000.0
2018-09-10,6.747524187778689,6.825693249881618,6.703739604745101,6.796008586883545,220140000.0
2018-09-11,6.749751053228916,6.837320229812747,6.728972022545656,6.74826717376709,243112000.0
2018-09-12,6.708439905373068,6.727982290265793,6.479127459547784,6.634476184844971,419092000.0
2018-09-13,6.700276232050866,6.8026874906289745,6.68296037574801,6.7121500968933105,305536000.0
2018-09-14,6.802441633296546,6.904110736928437,6.765583386637337,6.838062763214111,386936000.0
2018-09-17,6.812581703085187,6.861561035710957,6.756923263323712,6.776217937469482,205528000.0
2018-09-18,6.7801785777711885,6.8828370966635966,6.697556915936694,6.704235553741455,299520000.0
2018-09-19,6.685682284622454,6.74579332075343,6.63571352908889,6.727982521057129,224860000.0
2018-09-20,6.606028740721624,6.648328976373774,6.533054429241362,6.586981296539307,430584000.0
2018-09-21,6.598854869429416,6.644371040128891,6.483827562009334,6.516974925994873,435128000.0
2018-09-24,6.486052567078255,6.576095483729649,6.398978352286372,6.572632312774658,293912000.0
2018-09-25,6.63868143865924,6.664655225404641,6.5530910878733595,6.6396708488464355,280388000.0
2018-09-26,6.6446170936828155,6.6849384999421115,6.586979832923512,6.602811336517334,268548000.0
2018-09-27,6.637939279939521,6.659213250394395,6.583270710339509,6.614686489105225,214428000.0
2018-09-28,6.746535538948417,6.973868701782201,6.718582458478351,6.951605319976807,709396000.0
2018-10-01,7.029279962617605,7.224702405153943,6.99069013205169,7.157912731170654,622060000.0
2018-10-02,7.1304545096009555,7.242018180778075,7.06440654019592,7.086669921875,383964000.0
2018-10-03,7.15692221834448,7.16434350227602,6.988957930209659,7.092853546142578,320552000.0
2018-10-04,7.056737575588032,7.08097977620803,6.831877717918174,6.908810138702393,391220000.0
2018-10-05,6.88407290090465,6.946162752757861,6.618149457920154,6.675539493560791,426636000.0
2018-10-08,6.592421738214711,6.707696258236478,6.433609876142793,6.574363708496094,408612000.0
2018-10-09,6.553832474711893,6.648327977631686,6.50089549740489,6.5686750411987305,273500000.0
2018-10-10,6.462800430668301,6.508564304974288,6.075418298363033,6.0776448249816895,684940000.0
2018-10-11,5.990571424036066,6.123904491672256,5.794901731290086,5.816422939300537,725436000.0
2018-10-12,6.073192591043174,6.1728828608288815,5.9282333853283555,6.0986714363098145,608236000.0
2018-10-15,6.085313590991073,6.085313590991073,5.821616676578489,5.822606086730957,449760000.0
2018-10-16,5.935159948793996,6.092240260599139,5.885933370361248,6.081108570098877,408712000.0
2018-10-17,6.143200120594956,6.1812954908649065,5.9636091436196645,6.0125885009765625,329668000.0
2018-10-18,6.081851655057716,6.120193783319005,5.864907511074294,5.925265789031982,524020000.0
2018-10-19,5.980428301828371,5.999970213076318,5.63262540611847,5.6689887046813965,613608000.0
2018-10-22,5.721185164674777,5.8211226836767285,5.617042297973618,5.719700813293457,368844000.0
2018-10-23,5.452786649064465,5.545798274216757,5.360764905817128,5.468371391296387,626436000.0
2018-10-24,5.430028780507337,5.476534356991268,4.918961436491268,4.932814121246338,884288000.0
2018-10-25,4.835350738187719,5.188595640562211,4.791071213211139,5.141347885131836,951720000.0
2018-10-26,4.905603397827116,5.067136276704087,4.777218352825311,4.90510892868042,664784000.0
2018-10-29,5.046110048303205,5.049573219640273,4.353967419109413,4.591690540313721,758016000.0
2018-10-30,4.614696653597426,5.031515796486237,4.5916910961498605,5.021620750427246,807192000.0
2018-10-31,5.186121330841789,5.258848395218674,5.046604134189498,5.215311050415039,745772000.0
2018-11-01,5.251674171032682,5.404796812303259,5.125267959235983,5.395396709442139,566528000.0
2018-11-02,5.385997978722489,5.491625191679545,5.199975165957487,5.316486835479736,452960000.0
2018-11-05,5.303375339716033,5.3266286019097615,5.0780210135951505,5.238564491271973,379332000.0
2018-11-06,5.230648486695261,5.314754480788869,5.183895201789508,5.221001148223877,299012000.0
2018-11-07,5.287543800590485,5.3780812001815415,5.223969597297446,5.2885332107543945,483812000.0
2018-11-08,5.22941192102683,5.230154096652301,5.042152470746677,5.095584869384766,511352000.0
2018-11-09,5.006776948844899,5.177957129728231,4.9731346529754035,5.087666988372803,413240000.0
2018-11-12,4.996387874034105,5.018404015671048,4.666890284037056,4.688659191131592,617116000.0
2018-11-13,4.7863709813956286,5.051551751775536,4.780186342799276,4.93034029006958,644712000.0
2018-11-14,5.103251540849771,5.117599164823573,4.770044027789219,4.877897262573242,526580000.0
2018-11-15,4.871961542286755,5.078516139035172,4.836092709345151,5.006531238555908,840708000.0
2018-11-16,4.040053429877878,4.221623112946388,3.9977527379674234,4.067511558532715,1963520000.0
2018-11-19,4.002207133571936,4.002948837344284,3.5777192599394287,3.579450845718384,1697820000.0
2018-11-20,3.3162483512074563,3.815936547258066,3.2976956142785774,3.6877987384796143,1692032000.0
2018-11-21,3.824841761239901,3.8416629117220666,3.552486945159913,3.579697608947754,1025496000.0
2018-11-23,3.5450658623026983,3.7004143271210364,3.532202588078987,3.586871385574341,411968000.0
2018-11-26,3.707836190930004,3.7963947733887093,3.6254617760851735,3.7860052585601807,814832000.0
2018-11-27,3.760030521513061,3.883963208046904,3.7241619315247965,3.802825689315796,738060000.0
2018-11-28,3.9203268607208215,3.9648536180619653,3.7879837051911442,3.9596588611602783,804524000.0
2018-11-29,3.9618874509163176,3.9990300513099,3.866306995508318,3.8965163230895996,549172000.0
2018-11-30,3.9061748160178986,4.057469466332653,3.855908332655457,4.0468220710754395,729564000.0
2018-12-03,4.273886762475256,4.325391352126382,4.143639451874544,4.210496425628662,890804000.0
2018-12-04,4.165924565853092,4.170877038586875,3.8752211229519062,3.8903260231018066,812112000.0
2018-12-06,3.7499274355322187,3.924498126672629,3.734327567752433,3.919545888900757,692308000.0
2018-12-07,3.9237549295416496,3.933907358665661,3.6058135415596,3.6550893783569336,681676000.0
2018-12-10,3.610270140791863,3.78508851645278,3.6065557860673674,3.760326623916626,629472000.0
2018-12-11,3.8519450829701536,3.8601164740954412,3.590460566960948,3.6694507598876953,671912000.0
2018-12-12,3.6751462375945487,3.7831076499447813,3.5860038455252448,3.6870319843292236,654136000.0
2018-12-13,3.733832059604428,3.797965080222705,3.6508800174820264,3.686784505844116,471384000.0
2018-12-14,3.645185404674084,3.7288803829376285,3.602842833388337,3.62636661529541,471820000.0
2018-12-17,3.5964034794123507,3.6684601640487577,3.4973561485793327,3.5552988052368164,662868000.0
2018-12-18,3.5991267171907424,3.7224404871048242,3.5718888288257578,3.638498067855835,564372000.0
2018-12-19,3.6048222500158973,3.658307868542155,3.3782518207392216,3.4297564029693604,745364000.0
2018-12-20,3.421337306033163,3.511222600958668,3.2856425865262016,3.345318555831909,749588000.0
2018-12-21,3.3718142659664654,3.4047475530491926,3.180900807661958,3.2083864212036133,863740000.0
2018-12-24,3.132120004078285,3.2185386771140743,3.0828439351668155,3.1467294692993164,463840000.0
2018-12-26,3.1927855766949023,3.2967851253413962,3.0818527562915565,3.295794725418091,695100000.0
2018-12-27,3.243547638552544,3.277966519732493,3.0996815231709913,3.248004674911499,637044000.0
2018-12-28,3.268556721332383,3.4020229159567084,3.226709371211834,3.3094136714935303,628728000.0
2018-12-31,3.3527478587170454,3.385185710467524,3.274995771165083,3.3057005405426025,465140000.0
2019-01-02,3.2348816098750253,3.429013985511077,3.2202721439803406,3.3730523586273193,508752000.0
2019-01-03,3.31288056659941,3.3468042474041915,3.1618336982213986,3.169262170791626,705552000.0
2019-01-04,3.242310091713328,3.4104426909025465,3.211605559520312,3.372309684753418,585620000.0
2019-01-07,3.4295095174791683,3.587737410041579,3.378252408279678,3.55084228515625,709160000.0
2019-01-08,3.6323083116588215,3.634537066324582,3.389890270266063,3.462442398071289,786016000.0
2019-01-09,3.513699147202186,3.577832398815382,3.463185196648294,3.5305373668670654,617260000.0
2019-01-10,3.5112232812615605,3.60482271243211,3.4508043821688683,3.596156120300293,523156000.0
2019-01-11,3.5738701643159874,3.7080792986049738,3.546137071809889,3.685298442840576,874764000.0
2019-01-14,3.6330510639730837,3.750421983358888,3.609527289244213,3.7251648902893066,730168000.0
2019-01-15,3.7578501011768437,3.7972214553578696,3.6927266924338165,3.711050510406494,617012000.0
2019-01-16,3.7382888658650337,3.7712219153154525,3.680098722595817,3.6855461597442627,470104000.0
2019-01-17,3.652612500548177,3.796726093450091,3.6253743747652405,3.756859540939331,493436000.0
2019-01-18,3.8066320466661843,3.9118697576292667,3.7551274506045385,3.8858697414398193,651336000.0
2019-01-22,3.855660303850537,3.867298334059227,3.653603998599175,3.6838133335113525,661552000.0
2019-01-23,3.7390314439548784,3.8276786281555033,3.6654889238183594,3.696688652038574,591020000.0
2019-01-24,3.781127503457463,3.9259838270649965,3.7764227475736374,3.908403158187866,708972000.0
2019-01-25,3.8489739187978556,3.9836780228449444,3.7464601814829033,3.965601921081543,1154572000.0
2019-01-28,3.3812228913100077,3.5072603788243772,3.2437950957291846,3.417375087738037,2511528000.0
2019-01-29,3.371318852816988,3.419604521098029,3.2440432219899566,3.258652687072754,1153932000.0
2019-01-30,3.3346709174990994,3.4163848216897934,3.255185531395992,3.4020230770111084,974228000.0
2019-01-31,3.398804902318965,3.5951660470436764,3.3770144428723934,3.559509038925171,842852000.0
2019-02-01,3.5780794122343567,3.6347839467533984,3.530536904544244,3.5837745666503906,625048000.0
2019-02-04,3.599623079457199,3.731108281950679,3.577585138042063,3.6939656734466553,528592000.0
2019-02-05,3.7058500632451805,3.7496784508051646,3.6721741021013155,3.713031053543091,542424000.0
2019-02-06,3.7462130588822213,3.852936604217907,3.7407656209787006,3.788555860519409,702464000.0
2019-02-07,3.7422505305478992,3.7444790489285333,3.6075464299573263,3.6503841876983643,637120000.0
2019-02-08,3.583280046178188,3.679603434088364,3.5689182983735197,3.6689560413360596,461604000.0
2019-02-11,3.624880778466024,3.6791090997989206,3.5780809328391037,3.62636661529541,495180000.0
2019-02-12,3.664746308472057,3.758841173246999,3.6503843252168604,3.74324107170105,591060000.0
2019-02-13,3.7727075881158356,3.8586310580795686,3.7590885235415303,3.785583734512329,605372000.0
2019-02-14,3.784593687951043,3.8546695815008256,3.741507971816293,3.8264410495758057,827264000.0
2019-02-15,4.034935515256683,4.057716138051119,3.8732409840151694,3.896021842956543,1516748000.0
2019-02-19,3.885373172054626,3.959163402804241,3.866306673409214,3.8786873817443848,551892000.0
2019-02-20,3.907907325588882,3.9930878868882407,3.896764732411786,3.925983428955078,540988000.0
2019-02-21,3.9386119879459383,3.963125928417421,3.8425360819180625,3.8571455478668213,448548000.0
2019-02-22,3.908898059387055,3.960650134003871,3.895278992952339,3.941831111907959,401740000.0
2019-02-25,4.025277974848738,4.092629906107369,3.920782969091811,3.9294497966766357,656020000.0
2019-02-26,3.924745147447787,3.980706770363881,3.856650060045319,3.890078544616699,488464000.0
2019-02-27,3.8757166877971616,3.90221166213233,3.791278819599665,3.848231077194214,500256000.0
2019-02-28,3.8420343108237707,3.8643429349671288,3.801383218768535,3.8236916065216064,324944000.0
2019-03-01,3.8735138360064068,3.9201139220134413,3.815263728497613,3.8779757022857666,357188000.0
2019-03-04,3.91639678806972,3.9392011254135535,3.8296410695087153,3.8861563205718994,409992000.0
2019-03-05,3.870539918606182,3.917883695502126,3.8162557224446934,3.879711389541626,362924000.0
2019-03-06,3.8707875372597664,3.8792150871425233,3.766185074620006,3.768911600112915,403524000.0
2019-03-07,3.7453631390484396,3.7550303184168716,3.6536501036869375,3.699754476547241,450104000.0
2019-03-08,3.610520934256211,3.7446204227699456,3.589203729921153,3.733961820602417,422416000.0
2019-03-11,3.757509727569514,4.017032700084646,3.710413689817647,3.9942286014556885,859728000.0
2019-03-12,4.021991713560843,4.074788558433833,3.9458945785165676,4.028436660766602,579576000.0
2019-03-13,4.065864197328034,4.208886955020743,4.058427830892932,4.179637908935547,768900000.0
2019-03-14,4.188808493413833,4.200706488078726,4.096103797162113,4.103787899017334,519384000.0
2019-03-15,4.146918545379427,4.251768992766471,4.143448335689288,4.209135055541992,661484000.0
2019-03-18,4.240614882158362,4.294403607702958,4.16079958269572,4.1878180503845215,486992000.0
2019-03-19,4.282257909627242,4.399750057369177,4.265402805229695,4.355380535125732,854972000.0
2019-03-20,4.384381717046923,4.437674500448435,4.2882067807375135,4.322909355163574,719148000.0
2019-03-21,4.345961202599472,4.5856543609111515,4.341003624958164,4.559379577636719,824312000.0
2019-03-22,4.532113174346897,4.580696104244209,4.385867965071541,4.399748802185059,747644000.0
2019-03-25,4.3590980863019135,4.423296963469352,4.2413582249487405,4.307540416717529,525212000.0
2019-03-26,4.4490759014802626,4.505095202851292,4.3278658277383935,4.384133338928223,703508000.0
2019-03-27,4.409664422261027,4.4560163056173785,4.305557660121188,4.374961853027344,474372000.0
2019-03-28,4.400988196292479,4.459238546118691,4.340507267685018,4.393552303314209,480264000.0
2019-03-29,4.460230117103884,4.47510284912212,4.409912078172584,4.45081090927124,456896000.0
2019-04-01,4.542523331173803,4.548472328288547,4.470888101591923,4.5182318687438965,483824000.0
2019-04-02,4.542275182545903,4.580447477190688,4.499393048921042,4.536077976226807,440920000.0
2019-04-03,4.585653602140534,4.734377597306607,4.580696025319537,4.675383567810059,783504000.0
2019-04-04,4.660016045538845,4.708847191535176,4.603749006002984,4.666460990905762,457376000.0
2019-04-05,4.709590303097136,4.750489603716596,4.673153105395864,4.733138084411621,481744000.0
2019-04-08,4.7026502006155395,4.778995283235704,4.678606470878102,4.753960132598877,424192000.0
2019-04-09,4.720497462602522,4.731651775718686,4.649109953215193,4.691248416900635,439972000.0
2019-04-10,4.690504119471046,4.787422242324242,4.686042489364285,4.761643409729004,444772000.0
2019-04-11,4.764121349042002,4.795601436750863,4.698435121424397,4.7477617263793945,374600000.0
2019-04-12,4.7864307259554595,4.790396881960387,4.701162390484168,4.709837913513184,471708000.0
2019-04-15,4.702152628309187,4.707110203872968,4.538556416947821,4.578216075897217,440092000.0
2019-04-16,4.617381963527399,4.684059630158757,4.584662709190543,4.665221214294434,394964000.0
2019-04-17,4.70017232313052,4.720993584395809,4.62010927842184,4.642417907714844,351004000.0
2019-04-18,4.649110803145635,4.683069222789732,4.590116754088731,4.617878437042236,380988000.0
2019-04-22,4.594329640256938,4.687282088559057,4.56285001675358,4.671666145324707,279936000.0
2019-04-23,4.684802471796713,4.757429596465563,4.675135528567097,4.726197242736816,346856000.0
2019-04-24,4.736608356517647,4.779242762354824,4.67587969287701,4.73859167098999,318204000.0
2019-04-25,4.698436983070616,4.720745611248034,4.553431372698059,4.632998466491699,499296000.0
2019-04-26,4.479315470538155,4.483777573015792,4.295641659746213,4.41437292098999,868988000.0
2019-04-29,4.422304799143129,4.472871039316649,4.350173621257163,4.4451093673706055,391920000.0
2019-04-30,4.412886002523264,4.512035177805658,4.39379985128873,4.486504554748535,362920000.0
2019-05-01,4.538806198242796,4.580944659564607,4.473119481229608,4.473367691040039,354280000.0
2019-05-02,4.483034721987003,4.582431642632066,4.439904838935968,4.5407891273498535,394684000.0
2019-05-03,4.54921630099399,4.559130981628011,4.474854068726424,4.536326885223389,336824000.0
2019-05-06,4.350174987888833,4.470145918397513,4.312994098026153,4.458000183105469,422176000.0
2019-05-07,4.409664416633841,4.409664416633841,4.242845671273384,4.290933132171631,555220000.0
2019-05-08,4.2634183789142295,4.391072900167956,4.251520384477504,4.311009883880615,419168000.0
2019-05-09,4.242100839419127,4.251767781834073,4.099821809864849,4.218552589416504,660248000.0
2019-05-10,4.187817580474004,4.253256086285527,4.06512014568711,4.184595108032227,569500000.0
2019-05-13,4.052726044945658,4.075778349719839,3.91168616389326,3.9275500774383545,656912000.0
2019-05-14,3.967208687667229,4.0517337877219655,3.9285406870976733,4.016535758972168,524880000.0
2019-05-15,3.9610134971586377,3.991997646177927,3.9017719611969133,3.9555604457855225,502320000.0
2019-05-16,3.9501069539339073,4.013314643034374,3.9077207575150528,3.9706802368164062,781088000.0
2019-05-17,3.9287902508678076,4.057932163280862,3.8405474063361402,3.8799591064453125,1022068000.0
2019-05-20,3.7813051589114903,3.8363330317771744,3.7366879135846607,3.7614753246307373,572064000.0
2019-05-21,3.8222046272629533,3.8593855113872992,3.7835363753950677,3.8435215950012207,361848000.0
2019-05-22,3.804853518983099,3.830880090177963,3.7617234009611513,3.772629976272583,325868000.0
2019-05-23,3.710414141406992,3.710414141406992,3.5919308215307812,3.6516683101654053,591844000.0
2019-05-24,3.6705058291125585,3.705703868653798,3.591186489834491,3.59787917137146,357584000.0
2019-05-28,3.615478059102354,3.6481973089986552,3.550783006705381,3.5527660846710205,428356000.0
2019-05-29,3.5051745191916663,3.5401245858320607,3.4439499092198114,3.478652238845825,559800000.0
2019-05-30,3.4818789866497557,3.517613485625066,3.41388415966478,3.4521002769470215,394300000.0
2019-05-31,3.403212716131436,3.470462996970709,3.3597853510032443,3.3615224361419678,389720000.0
2019-06-03,3.3726891685254583,3.41140155089737,3.2905496616915424,3.3198320865631104,478644000.0
2019-06-04,3.3838566011741076,3.553843638882873,3.361770770092565,3.5486323833465576,641836000.0
2019-06-05,3.6223346757717674,3.627794187677335,3.469718728804367,3.5059494972229004,511616000.0
2019-06-06,3.510168309378134,3.5925560834584522,3.507686691465688,3.567988634109497,408140000.0
2019-06-07,3.5739447099018427,3.644917189289571,3.554836534431191,3.6106717586517334,348856000.0
2019-06-10,3.666755000117653,3.751872655352404,3.666755000117653,3.6833815574645996,402780000.0
2019-06-11,3.743187045520333,3.7809068840243474,3.701496996639221,3.7409536838531494,383872000.0
2019-06-12,3.6975256211119234,3.7037296653156537,3.6129044934497947,3.628041982650757,358892000.0
2019-06-13,3.650128093826062,3.6975259065653265,3.632508985583392,3.6791625022888184,308080000.0
2019-06-14,3.5861040439813654,3.6104232370452425,3.5446620185259192,3.589329957962036,394428000.0
2019-06-17,3.5875925454851405,3.6359831440619303,3.5647621832656573,3.5990078449249268,276040000.0
2019-06-18,3.6603028234074393,3.8491495539651006,3.6493840353792044,3.7938108444213867,581920000.0
2019-06-19,3.8290489699747865,3.840464034000002,3.773710025118292,3.7997665405273438,331644000.0
2019-06-20,3.8903434446776135,3.9042401265985758,3.809692754251881,3.8240857124328613,350168000.0
2019-06-21,3.809196547210423,3.858331447746775,3.759565133744916,3.766017198562622,434428000.0
2019-06-24,3.787358983193938,3.817882224013038,3.740209184640813,3.788351535797119,282948000.0
2019-06-25,3.793314392133921,3.868257549349684,3.756339089777915,3.759068727493286,311868000.0
2019-06-26,3.8863726800215015,4.0131806021573935,3.8734685516761678,3.952133893966675,584072000.0
2019-06-27,4.0377488491486995,4.0697609217846145,4.001766092418589,4.050652980804443,445440000.0
2019-06-28,4.094576959535593,4.103758900994328,4.02881572346617,4.075469017028809,397668000.0
2019-07-01,4.2824312563687,4.316676930903953,4.086139624100569,4.1236114501953125,709756000.0
2019-07-02,4.10698294598494,4.1280764589695265,4.012683843586055,4.025835990905762,400228000.0
2019-07-03,4.049163624268675,4.054871393496555,3.978935674716614,4.038741111755371,246636000.0
2019-07-05,3.980423574530253,3.9848902966819946,3.912924809467903,3.9762048721313477,396552000.0
2019-07-08,3.9166477915283986,3.935507708463473,3.8712353210074615,3.901262044906616,329788000.0
2019-07-09,3.8590753327807126,3.9317851233026713,3.8464194609578852,3.9037435054779053,342860000.0
2019-07-10,3.9471717760950926,4.029311306914646,3.9332750922092683,3.97198748588562,452076000.0
2019-07-11,4.044943051336172,4.1670359605264995,4.0077197419449915,4.126338481903076,682560000.0
2019-07-12,4.154133417324343,4.230317623047764,4.154133417324343,4.159344673156738,506392000.0
2019-07-15,4.180437961065009,4.196567767290937,4.122617637138921,4.150907039642334,289840000.0
2019-07-16,4.13601758306642,4.173240902590646,4.0906048776539645,4.1461920738220215,341444000.0
2019-07-17,4.147929163474818,4.21840559286607,4.118646736708043,4.211457252502441,348204000.0
2019-07-18,4.22187916368047,4.285903283176077,4.165299423048929,4.223119735717773,442192000.0
2019-07-19,4.261336629200927,4.2677884566092805,4.173985389511124,4.179941177368164,344896000.0
2019-07-22,4.201284446861759,4.26431604829374,4.193839590634533,4.2514119148254395,315940000.0
2019-07-23,4.290618559250615,4.361094506318851,4.274984322109431,4.359109401702881,428176000.0
2019-07-24,4.402288551880053,4.4392638473480694,4.326352856306315,4.433556079864502,366236000.0
2019-07-25,4.392114655728459,4.404770764474118,4.279203649431086,4.302530288696289,392700000.0
2019-07-26,4.3295803113607425,4.39112283356102,4.3295803113607425,4.3444695472717285,274160000.0
2019-07-29,4.337272389733334,4.35439522088235,4.250169641994567,4.3382649421691895,248160000.0
2019-07-30,4.291859974102234,4.366058598546031,4.277466779509722,4.353899002075195,197772000.0
2019-07-31,4.322383253715491,4.323376279602597,4.144703564601696,4.186890125274658,359416000.0
2019-08-01,4.197312436118388,4.2876413418581345,4.040477778383073,4.092590808868408,421212000.0
2019-08-02,4.000027179718018,4.069263023315142,3.952629615343231,4.000027179718018,428348000.0
2019-08-05,3.8166411229256076,3.81788193191472,3.6950446819140272,3.741946220397949,589156000.0
2019-08-06,3.816641475956048,3.8620539531895375,3.7330128829674027,3.780658721923828,361272000.0
2019-08-07,3.7198604941277384,3.830786414031856,3.702489640001422,3.8188748359680176,372560000.0
2019-08-08,3.8764461197161166,3.9285589049351604,3.8191220796411756,3.9273180961608887,309300000.0
2019-08-09,3.886372482917003,3.889846652936848,3.775694845156045,3.826070547103882,341816000.0
2019-08-12,3.7739583908097614,3.8260711864760557,3.7364868102909505,3.75832462310791,279200000.0
2019-08-13,3.7568356798883134,3.918385328045698,3.717875269269923,3.87247633934021,351956000.0
2019-08-14,3.7843805962513932,3.7955476398944517,3.680403269804808,3.72407865524292,419880000.0
2019-08-15,3.7429394418296345,3.7627919158830494,3.6575737560679187,3.691819190979004,477200000.0
2019-08-16,3.954367259111893,4.00871317017012,3.8930725347505315,3.959578514099121,1007960000.0
2019-08-19,4.072736964109604,4.253890754055309,4.056606689483732,4.238008499145508,815112000.0
2019-08-20,4.23255052653228,4.233047039437114,4.144703241392675,4.165796756744385,463188000.0
2019-08-21,4.231805176878109,4.304266701141818,4.210215626109679,4.249176025390625,427244000.0
2019-08-22,4.258854800460947,4.301289372684599,4.216171735153766,4.255380630493164,303488000.0
2019-08-23,4.178950515841766,4.233296690472719,4.011196774156784,4.0310492515563965,568056000.0
2019-08-26,4.10971456933421,4.133785748312866,4.067528001157621,4.105743885040283,318208000.0
2019-08-27,4.1439605678685645,4.14669020676926,3.9858852716479527,4.015167713165283,290968000.0
2019-08-28,3.988836052711197,4.057394715003418,3.9495883352004126,4.004733562469482,255612000.0
2019-08-29,4.096145560926398,4.180602209505402,4.092667950942162,4.14831018447876,357976000.0
2019-08-30,4.194511654964686,4.244192191922564,4.142844048140882,4.160977363586426,290616000.0
2019-09-03,4.088196075544937,4.1212333644939685,4.055158786595906,4.078011512756348,296140000.0
2019-09-04,4.138621157565341,4.199479791476243,4.138621157565341,4.192027568817139,227728000.0
2019-09-05,4.29412065312646,4.470982649442789,4.292381848684692,4.464772701263428,695676000.0
2019-09-06,4.441421853679588,4.498305861445579,4.3996905531512915,4.4376959800720215,376976000.0
2019-09-09,4.468747189641803,4.570095333288617,4.467256650349984,4.483651161193848,417524000.0
2019-09-10,4.450861807319939,4.576801470938794,4.441174250223567,4.550222873687744,352812000.0
2019-09-11,4.564879273300177,4.62697971233285,4.535816123801105,4.578789710998535,361512000.0
2019-09-12,4.6252403716790145,4.679888581131553,4.56934988826807,4.577298641204834,327840000.0
2019-09-13,4.510727553957993,4.547739457034524,4.475702720883678,4.519421577453613,324592000.0
2019-09-16,4.444404304309437,4.510975888289779,4.433971475955046,4.476448059082031,231832000.0
2019-09-17,4.4831560832659125,4.502034674450324,4.436704875192278,4.497811794281006,223048000.0
2019-09-18,4.490855935824604,4.506505179870407,4.384291359052513,4.4707350730896,258152000.0
2019-09-19,4.476697770157631,4.495079832156579,4.3845406161425435,4.395222187042236,245476000.0
2019-09-20,4.394227465347032,4.4178254630479215,4.279465873580673,4.289649963378906,350244000.0
2019-09-23,4.289897582534042,4.388512900765688,4.286171234762367,4.343055248260498,249712000.0
2019-09-24,4.37435601241722,4.403915698846809,4.25015510779471,4.2856764793396,317268000.0
2019-09-25,4.28517829278737,4.4468880685788506,4.240465903650763,4.427264213562012,308432000.0
2019-09-26,4.417576506449211,4.426270529177949,4.354233799381316,4.405156135559082,234564000.0
2019-09-27,4.36342614042172,4.4141002265778075,4.205939201389443,4.266549587249756,362056000.0
2019-09-30,4.2923830327616175,4.3341143508758595,4.261084070387128,4.323929786682129,186184000.0
2019-10-01,4.3470300745038895,4.4960712003874725,4.317470398867783,4.322189807891846,366008000.0
2019-10-02,4.300330251156426,4.312253616011611,4.226058196740605,4.298343181610107,293372000.0
2019-10-03,4.302816605872232,4.509983640235588,4.272511647177593,4.5037736892700195,450588000.0
2019-10-04,4.506007221819678,4.5494778087583105,4.440926184733962,4.520166397094727,265524000.0
2019-10-07,4.584999660144053,4.6783985839980335,4.576305636582578,4.578789710998535,480984000.0
2019-10-08,4.487128266013431,4.487128266013431,4.3842900684221195,4.40242338180542,444436000.0
2019-10-09,4.47917972567834,4.538299551257255,4.450365319380643,4.488867282867432,292412000.0
2019-10-10,4.486632242810454,4.597419205277108,4.481415829074276,4.546496868133545,309124000.0
2019-10-11,4.630457509788729,4.703239045355618,4.611578922491844,4.620024681091309,446404000.0
2019-10-14,4.611330178825796,4.65430376772576,4.5802799580793065,4.6334381103515625,200040000.0
2019-10-15,4.723607756181353,4.950398575300106,4.709696845354287,4.877864837646484,664124000.0
2019-10-16,4.843834501041377,4.9486602675172895,4.812784279880855,4.8242106437683105,428944000.0
2019-10-17,4.868674204295252,4.913634858641434,4.771797203408737,4.826197624206543,263436000.0
2019-10-18,4.826695767133726,4.859236534851453,4.6575341861381645,4.73180627822876,307440000.0
2019-10-21,4.793160569496206,4.882337095465651,4.774281981387723,4.868923187255859,261868000.0
2019-10-22,4.925805251740618,5.0308792448350665,4.851284937917296,4.858985424041748,328720000.0
2019-10-23,4.777015098409995,4.860229471534852,4.745219604513323,4.846070766448975,279916000.0
2019-10-24,4.887304246339131,4.92357087913144,4.853273422604732,4.8900370597839355,232020000.0
2019-10-25,4.970518687306741,5.1016747707713055,4.9628181995435785,5.080809116363525,423092000.0
2019-10-28,5.124528046514247,5.18911256029062,5.095216631561461,5.13670015335083,330792000.0
2019-10-29,5.122789176999456,5.12924786518978,5.021193234752128,5.0405683517456055,211236000.0
2019-10-30,5.067395601925326,5.073109020316152,4.9744932110349795,5.042555332183838,205960000.0
2019-10-31,5.021689843522698,5.042555500236992,4.913635211403139,4.993371963500977,209732000.0
2019-11-01,4.958098503171702,5.064663061893138,4.9330099691241465,5.0323710441589355,283640000.0
2019-11-04,5.1133506463871905,5.241277891080467,5.090249651247196,5.228857517242432,376716000.0
2019-11-05,5.228608631295536,5.25469070257639,5.158807702113853,5.206749439239502,300868000.0
2019-11-06,5.182654128470489,5.208239193813134,5.070127883140323,5.157565593719482,269012000.0
2019-11-07,5.244009282725252,5.258664989551244,5.1304895027004385,5.175201892852783,280340000.0
2019-11-08,5.158310994282021,5.192838822826329,5.120802086957309,5.161291599273682,189100000.0
2019-11-11,5.16054684051113,5.194329402705062,5.074351393267429,5.171228408813477,243436000.0
2019-11-12,5.209481779022911,5.26263993040473,5.1744569448823645,5.206749439239502,283504000.0
2019-11-13,5.17545020261961,5.203022811864566,5.114592039558323,5.180915355682373,300188000.0
2019-11-14,5.1898580791915965,5.213456550501658,5.12999344609169,5.211220741271973,518080000.0
2019-11-15,5.208983968056477,5.260651571996702,4.983931972589848,5.072114944458008,1053628000.0
2019-11-18,5.064662094642309,5.2996498835559365,5.061681490379088,5.2730712890625,574588000.0
2019-11-19,5.242023029540466,5.265621028558215,5.108382842640245,5.166508674621582,414564000.0
2019-11-20,5.143655568076796,5.329459888793397,5.130986930145402,5.245748519897461,472588000.0
2019-11-21,5.241278248863883,5.296920011332322,5.199298187866641,5.220909118652344,288388000.0
2019-11-22,5.243511661537723,5.289962850869842,5.214945520920422,5.23854398727417,224100000.0
2019-11-25,5.366472629168528,5.499864561715449,5.353555723910621,5.494896411895752,506476000.0
2019-11-26,5.477257177288771,5.481977059647323,5.38385827655539,5.390316963195801,385244000.0
2019-11-27,5.435809325871139,5.470113709339363,5.398770112423443,5.425119876861572,215784000.0
2019-11-29,5.39429514122711,5.422633439116357,5.363967359032828,5.387831687927246,141556000.0
2019-12-02,5.380870546472608,5.394294348036424,5.18647719119734,5.201640605926514,372036000.0
2019-12-03,5.018187079136687,5.166095031073407,4.980899411957676,5.162117958068848,465232000.0
2019-12-04,5.245642296763433,5.268014992392997,5.177281493067951,5.205868721008301,273424000.0
2019-12-05,5.227743187677746,5.2434039758007955,5.1583876592407085,5.188963890075684,184884000.0
2019-12-06,5.258071837333856,5.307043224374402,5.248128206322438,5.274229526519775,232236000.0
2019-12-09,5.2513599338149906,5.32891854880573,5.242659493749211,5.274229526519775,211880000.0
2019-12-10,5.304307483137535,5.370928661542184,5.251607480586127,5.319222927093506,256388000.0
2019-12-11,5.329662999617729,5.408215862705567,5.327177092503382,5.402746677398682,233796000.0
2019-12-12,5.373911504079874,5.588191691238599,5.364962616953304,5.570044994354248,404348000.0
2019-12-13,5.573028875466691,5.692101147516369,5.514113860741178,5.568057060241699,454704000.0
2019-12-16,5.6155369040627265,5.669231181851166,5.587446574271158,5.596892833709717,320976000.0
2019-12-17,5.615534893433675,5.697567920166059,5.606088637377326,5.6749467849731445,321196000.0
2019-12-18,5.709749979241984,5.765681710318968,5.70129798892131,5.705275535583496,343548000.0
2019-12-19,5.739828646095502,5.866607074155543,5.734856831472361,5.853183269500732,445360000.0
2019-12-20,5.919556591738878,5.97573677951805,5.900415623542293,5.950381278991699,603044000.0
2019-12-23,5.978967929874309,6.011035330842272,5.9260194747075206,5.936708450317383,355060000.0
2019-12-24,5.921295942461581,5.948888898777331,5.886991083444516,5.931736469268799,138864000.0
2019-12-26,5.935217188670649,5.973996494995526,5.916324669629933,5.945906639099121,182852000.0
2019-12-27,5.961068893221164,5.974492697227238,5.861883424733075,5.888233661651611,254644000.0
2019-12-30,5.86635874393249,5.871579007150527,5.743806308417609,5.77512788772583,258056000.0
2019-12-31,5.739829359820422,5.858653183741712,5.720688392693401,5.849206924438477,231004000.0
2020-01-02,5.9349671466123946,5.963802814483643,5.884504609303141,5.963802814483643,237536000.0
2020-01-03,5.844235338329303,5.912099244033298,5.819376735286252,5.868348121643066,205384000.0
2020-01-06,5.775127201579622,5.898176519464269,5.74902588859055,5.892956256866455,262636000.0
2020-01-07,5.9212948654387905,6.010039801296708,5.876301039294927,5.964300155639648,314856000.0
2020-01-08,5.960074415808599,6.01675195985036,5.920052401950536,5.975486755371094,277108000.0
2020-01-09,6.061745979509196,6.113451710976994,5.987419109058815,6.041113376617432,255112000.0
2020-01-10,6.148254795938454,6.1785821115195265,6.059261385717087,6.07343053817749,316296000.0
2020-01-13,6.156457847574533,6.288953447003874,6.133836231355337,6.263846397399902,319840000.0
2020-01-14,6.221089234322224,6.246445205302498,6.133835923434662,6.1470112800598145,359088000.0
2020-01-15,6.15968810642731,6.182060796386267,6.078649335978341,6.104502201080322,263104000.0
2020-01-16,6.157949468694057,6.193994419240896,6.134582505212435,6.188028335571289,284192000.0
2020-01-17,6.207168278849511,6.2146260007402,6.149248013832999,6.196727752685547,253792000.0
2020-01-21,6.160185135994632,6.196975895565761,6.129360458357694,6.163416862487793,217916000.0
2020-01-22,6.20866005785512,6.303867986192193,6.189767541283975,6.217360496520996,239240000.0
2020-01-23,6.2573834759438345,6.294173769700094,6.168638520500725,6.285721778869629,244516000.0
2020-01-24,6.401063843902919,6.450781034287568,6.17236562158241,6.22655725479126,373512000.0
2020-01-27,5.92229013718489,6.0219729859012325,5.772890562498944,5.971013069152832,470536000.0
2020-01-28,6.0368887223115895,6.196480395425806,5.983691339894044,6.1641645431518555,310976000.0
2020-01-29,6.149744040520787,6.185788977238313,6.063981917010932,6.103755950927734,258848000.0
2020-01-30,6.006064063462553,6.123893625117595,5.951127066926015,6.110469818115234,290504000.0
2020-01-31,6.064728525606393,6.076660689920249,5.835533393119387,5.87729549407959,370420000.0
2020-02-03,5.859148005273648,5.993632572841682,5.852933475492537,5.9742431640625,255564000.0
2020-02-04,6.115938379346584,6.162423853757808,6.0659727292741294,6.143282413482666,271544000.0
2020-02-05,6.264094359762809,6.2742864375752365,6.15024236438546,6.233518600463867,208220000.0
2020-02-06,6.267824693189665,6.320275783538818,6.186785899977554,6.320275783538818,218284000.0
2020-02-07,6.280251702987878,6.302375943450668,6.228794423639679,6.254150390625,189752000.0
2020-02-10,6.276771965769414,6.537786055878757,6.2718001514092725,6.537040710449219,529608000.0
2020-02-11,6.645174095338608,6.773941033991019,6.583276295760601,6.659343242645264,638556000.0
2020-02-12,6.712045540613247,6.781401084473175,6.673266234387665,6.774937629699707,374644000.0
2020-02-13,6.717016762163457,6.798303991866709,6.689672254333135,6.7311859130859375,528016000.0
2020-02-14,7.1408547082051,7.332513775197744,7.109533125809277,7.203746795654297,1041924000.0
2020-02-18,7.100582772620869,7.3906819386275275,7.081193359788082,7.372286319732666,620164000.0
2020-02-19,7.494590248906968,7.8406206663356475,7.494590248906968,7.822970867156982,694332000.0
2020-02-20,7.774995472066673,7.863243059615663,7.366818730914301,7.673821449279785,810052000.0
2020-02-21,7.56170894332457,7.586815992154604,7.225373204609657,7.310140609741211,768180000.0
2020-02-24,6.716518843394687,7.006866456625877,6.662078754814775,6.793331623077393,856916000.0
2020-02-25,6.86840412228699,6.930301930876322,6.412499271487127,6.5141706466674805,1055496000.0
2020-02-26,6.5144208452217285,6.847276461969412,6.512929679824246,6.653379917144775,747732000.0
2020-02-27,6.340222462355224,6.6411905100878075,6.190733538467209,6.283013820648193,906416000.0
2020-02-28,6.030797116537449,6.776998186127318,6.0141320997454795,6.717550754547119,1133252000.0
2020-03-02,6.887436477672803,6.904599164176833,6.491949845703625,6.87574577331543,890744000.0
2020-03-03,6.931462850373076,6.991158887369875,6.528265410526086,6.61358118057251,652792000.0
2020-03-04,6.720785660126154,7.086175484127031,6.646165254678037,7.076723575592041,597408000.0
2020-03-05,6.8774879345472195,7.04413956219387,6.753121062405599,6.79764461517334,540328000.0
2020-03-06,6.618306340364054,6.675764049860248,6.417329367295338,6.617311477661133,515412000.0
2020-03-09,5.967123096403663,6.45215413856938,5.924341142174752,6.104921817779541,614160000.0
2020-03-10,6.381015119188688,6.493940353393555,6.118601425283802,6.493940353393555,580648000.0
2020-03-11,6.354152046429975,6.3825077726804995,6.033534363514282,6.130540370941162,499964000.0
2020-03-12,5.607950774664352,5.8731009372494505,5.367674080920537,5.380359649658203,816540000.0
2020-03-13,5.733312524970292,5.99498043118963,5.4624417815793365,5.990503311157227,634836000.0
2020-03-16,5.28335358926961,5.623870451229937,4.825434836944395,4.885130882263184,726972000.0
2020-03-17,4.997308549659035,5.493532478151604,4.750813652361393,5.404236793518066,833632000.0
2020-03-18,4.977162031994791,5.221915838198457,4.494121265098619,5.0448174476623535,874268000.0
2020-03-19,5.023425510217554,5.39080547512759,4.810261119944137,5.297281742095947,765512000.0
2020-03-20,5.447267152042697,5.728833652375301,5.102273776073664,5.117695331573486,804636000.0
2020-03-23,5.116701401410118,5.3845880223773275,4.93786188180685,5.290317535400391,643876000.0
2020-03-24,5.696002435464178,6.284506733213007,5.672372901435857,6.197947025299072,1101644000.0
2020-03-25,6.312862293100567,6.512346769675058,6.060646288704762,6.109398365020752,793432000.0
2020-03-26,6.316344419292104,6.522296211921472,6.218343548888782,6.3984270095825195,696108000.0
2020-03-27,6.21834277196547,6.544681468954972,6.185509929720243,6.286247253417969,638828000.0
2020-03-30,6.351664371055623,6.615322467118645,6.307638489346079,6.606119155883789,602252000.0
2020-03-31,6.646165375488359,6.850127441216497,6.41111206661912,6.556621551513672,949960000.0
2020-04-01,6.358877293798993,6.5051325489684855,6.0014468918111765,6.0459699630737305,656912000.0
2020-04-02,6.075072846746822,6.36758387464943,6.027067511719613,6.354401111602783,675764000.0
2020-04-03,6.316840683163334,6.358379163287888,5.929562530422744,6.066863536834717,663212000.0
2020-04-06,6.348679425541923,6.712825761305832,6.291221713068466,6.676012992858887,727884000.0
2020-04-07,6.897385702203857,6.921015708413255,6.399918279480084,6.442949295043945,784520000.0
2020-04-08,6.551894702646605,6.664819927163349,6.482000494418423,6.639946460723877,542444000.0
2020-04-09,6.765557136655976,6.7884404027807115,6.477523263677439,6.54045295715332,525564000.0
2020-04-13,6.4807566311857645,6.7207846897053765,6.392456281522787,6.712079048156738,398408000.0
2020-04-14,6.840177873439645,7.096870991524128,6.8125684130235316,7.0627946853637695,530948000.0
2020-04-15,6.894898243400246,7.068265763838534,6.849628905717081,6.985437393188477,366148000.0
2020-04-16,7.1406472096626326,7.4371376439735055,7.127464448617053,7.330182075500488,745620000.0
2020-04-17,7.41226464837836,7.433655858312724,7.137165405215727,7.270984172821045,539120000.0
2020-04-20,7.144626397895936,7.300333543679682,7.095625738085958,7.139900207519531,449388000.0
2020-04-21,7.02200066509569,7.08318874737835,6.643925361883159,6.7036213874816895,735160000.0
2020-04-22,6.89564456745756,7.16029750557425,6.850126632313321,7.1175150871276855,483356000.0
2020-04-23,7.159551578055297,7.291380147551621,7.039164167732887,7.064286231994629,424160000.0
2020-04-24,7.054089379164619,7.205070379941824,6.979468968693204,7.203080654144287,352328000.0
2020-04-27,7.337396152234377,7.54906850647414,7.312771282405198,7.389381408691406,479388000.0
2020-04-28,7.536633026613732,7.566481287701527,7.241635045437592,7.247107028961182,442904000.0
2020-04-29,7.381671326882136,7.476439012322255,7.306553724860844,7.423707485198975,379160000.0
2020-04-30,7.3697314829466665,7.423706940505074,7.2560604626028455,7.269989490509033,375916000.0
2020-05-01,7.0727439323957615,7.185917767812462,6.985438429326991,7.033692836761475,342096000.0
2020-05-04,6.98643322473106,7.259045574623268,6.98643322473106,7.245365142822266,317556000.0
2020-05-05,7.349336910956672,7.468729006510758,7.245365903013493,7.306305885314941,368896000.0
2020-05-06,7.385650337882286,7.511758322789601,7.34784270723366,7.407041072845459,323464000.0
2020-05-07,7.54608282489044,7.646322475594118,7.49484383831785,7.583144187927246,373732000.0
2020-05-08,7.6547801034035805,7.779146962839616,7.620952397339861,7.772928714752197,339216000.0
2020-05-11,7.767951366459305,8.071406707104636,7.739347055146661,8.02464485168457,469060000.0
2020-05-12,8.08235470925487,8.131106313920263,7.753279954497471,7.7629804611206055,493060000.0
2020-05-13,7.87739824289948,8.037582561321718,7.556282865827379,7.740594863891602,625852000.0
2020-05-14,7.802030552114325,7.99529675418394,7.648561706335305,7.9898247718811035,602312000.0
2020-05-15,7.8497872616478075,8.457443446163204,7.834117106027025,8.44774341583252,987660000.0
2020-05-18,8.716127930897029,8.87133792590906,8.63653320763608,8.70592975616455,774460000.0
2020-05-19,8.745727533174101,9.04147176793053,8.718366667845403,8.760900497436523,717320000.0
2020-05-20,8.945458854708415,8.997195509235931,8.843726673941868,8.924565315246582,587536000.0
2020-05-21,9.00565317637838,9.006647564701275,8.693243502257346,8.730802536010742,761068000.0
2020-05-22,8.780550482687504,9.046945086488144,8.669118239607736,8.9805326461792,1038764000.0
2020-05-26,9.110368077882535,9.13524201478955,8.628073685053018,8.673591613769531,770780000.0
2020-05-27,8.581315266741862,8.589025573529495,7.956247166584829,8.482070922851562,1175892000.0
2020-05-28,8.369641310493597,8.71612780265419,8.336808463910437,8.444013595581055,734896000.0
2020-05-29,8.51117118789498,8.830545425415039,8.442023234926523,8.830545425415039,745256000.0
2020-06-01,8.788509941773912,8.795971650904905,8.645487840751274,8.761646270751953,389876000.0
2020-06-02,8.751696604772091,8.792488351879058,8.614146503329726,8.780549049377441,391320000.0
2020-06-03,8.777564844600539,8.821341654091105,8.655933498137044,8.725081443786621,365440000.0
2020-06-04,8.687754775208147,8.902012270046486,8.637487714854524,8.726078033447266,424280000.0
2020-06-05,8.753949903758494,8.955515591607057,8.667848578409801,8.878870964050293,481748000.0
2020-06-08,8.83631386844822,8.84875603707868,8.645697225026101,8.764397621154785,387736000.0
2020-06-09,8.759425488772147,9.067746910502335,8.710900339336797,9.004290580749512,468488000.0
2020-06-10,9.125476073854845,9.456193647383984,9.111291031556593,9.32355785369873,632180000.0
2020-06-11,9.10780969358321,9.218546652685198,8.745488699129474,8.755691528320312,583652000.0
2020-06-12,9.120251596693144,9.14488723008976,8.663118775221182,8.891311645507812,570908000.0
2020-06-15,8.774600467003559,9.139907740894026,8.703429401686769,9.131446838378906,400004000.0
2020-06-16,9.182466863344153,9.224024321918867,8.79799724459226,9.026687622070312,535716000.0
2020-06-17,9.071724989420082,9.256120093438188,9.028424681181738,9.193410873413086,408304000.0
2020-06-18,9.184455382209771,9.23969950716199,9.07247391956649,9.175497055053711,254408000.0
2020-06-19,9.19988217763818,9.401447821597749,9.184702291926113,9.218544960021973,524160000.0
2020-06-22,9.257116662206737,9.48730014807517,9.230489448016012,9.482820510864258,398468000.0
2020-06-23,9.506959593896607,9.598037964663789,9.364121900954425,9.406425476074219,375108000.0
2020-06-24,9.432552256999996,9.512432940136698,9.102332125574206,9.192913055419922,449372000.0
2020-06-25,9.312609776761736,9.461171600336776,9.139909742005443,9.446240425109863,376072000.0
2020-06-26,9.456195773769487,9.456195773769487,9.082924887962797,9.112786293029785,592084000.0
2020-06-29,9.12746645295521,9.162056197776709,8.858959737939557,9.157576560974121,342248000.0
2020-06-30,9.271053714697091,9.48232479694981,9.22377307669493,9.453956604003906,367892000.0
2020-07-01,9.476848338743391,9.531595028681618,9.369595252046542,9.486055374145508,326648000.0
2020-07-02,9.594554582855501,9.692600650706597,9.534084693053664,9.567928314208984,364056000.0
2020-07-06,9.696829246456272,9.863059004757494,9.667713977846143,9.793879508972168,315892000.0
2020-07-07,9.900389486802665,10.023568630701273,9.805329828732345,9.82623291015625,357800000.0
2020-07-08,9.94766768707391,10.177852135345317,9.919548208152843,10.168892860412598,365480000.0
2020-07-09,10.332387440764878,10.52126223708513,10.186313645698538,10.460543632507324,494548000.0
2020-07-10,10.53992323755913,10.606116305406612,10.33089154771138,10.430928230285645,497676000.0
2020-07-13,10.546145179705201,10.742485046509767,9.978772887106153,10.005897521972656,457076000.0
2020-07-14,10.028542714415202,10.35478162287087,9.740377400008319,10.329150199890137,542676000.0
2020-07-15,10.366227924927914,10.384890705042778,10.009380570559676,10.180089950561523,403984000.0
2020-07-16,9.968820569091442,10.159685972931204,9.84987143136345,10.088018417358398,344964000.0
2020-07-17,10.178349454335393,10.201243163954526,10.041234957876577,10.154459953308105,266284000.0
2020-07-20,10.22687761380154,10.482692610209122,10.109919077942694,10.462286949157715,284852000.0
2020-07-21,10.464520337675115,10.511304484811653,10.239313961028076,10.280871391296387,277036000.0
2020-07-22,10.319696888255717,10.55361298706139,10.244047103356172,10.390618324279785,367292000.0
2020-07-23,10.401816020804677,10.498368886085727,9.984997020400378,10.083043098449707,411660000.0
2020-07-24,9.829465676237367,10.3169573132017,9.731917986447955,10.147492408752441,473292000.0
2020-07-27,10.185068171231439,10.393601505544966,10.170634417210804,10.373445510864258,292132000.0
2020-07-28,10.326413559651314,10.334127383052609,10.162174431448639,10.168395042419434,271636000.0
2020-07-29,10.342836785635788,10.467757814861779,10.299288712626408,10.417242050170898,284508000.0
2020-07-30,10.327160428519084,10.574017034136663,10.24777809844735,10.565058708190918,308880000.0
2020-07-31,10.514541633004042,10.71685531257527,10.384892248538662,10.565804481506348,386080000.0
2020-08-03,10.683012873856836,11.047574145206553,10.665842352281864,10.959482192993164,412720000.0
2020-08-04,10.999048630506225,11.175978660583496,10.855712561468552,11.175978660583496,310336000.0
2020-08-05,11.192153640280633,11.319314022602223,11.114761945386586,11.234705924987793,249924000.0
2020-08-06,11.297413921234702,11.305626114488891,11.127202902435064,11.28322982788086,244316000.0
2020-08-07,11.26033652411239,11.451700283827373,10.986604966220375,11.147857666015625,342516000.0
2020-08-10,11.28198686153084,11.355645046304279,10.80643904948696,11.113516807556152,427796000.0
2020-08-11,11.022688071909158,11.085398252455002,10.745970061739232,10.799970626831055,354512000.0
2020-08-12,10.940070521825936,11.414124166853671,10.907720117790364,11.387497901916504,464412000.0
2020-08-13,11.49275872959911,11.667699042003894,11.303386562871257,11.390233993530273,374460000.0
2020-08-14,11.47683562197929,11.650780187159281,11.387748824908543,11.510679244995117,366436000.0
2020-08-17,11.79660376231853,12.352528815873693,11.762761090180327,12.28011417388916,621300000.0
2020-08-18,12.392592403457424,12.43838077420562,12.030520161674376,12.204215049743652,503448000.0
2020-08-19,12.239799549527746,12.258213621054422,12.042214226825553,12.082528114318848,622624000.0
2020-08-20,11.919781339780561,12.317936482744432,11.823974635542019,12.085015296936035,921388000.0
2020-08-21,12.145488010516427,12.749689506590398,12.139017738747308,12.625017166137695,999868000.0
2020-08-24,12.82434125696798,12.852959104530782,12.449825930553745,12.661595344543457,490564000.0
2020-08-25,12.572510303018028,12.702408418241676,12.515772966083365,12.691210746765137,289076000.0
2020-08-26,12.74023159092039,12.809162381604702,12.619291819047708,12.714102745056152,321244000.0
2020-08-27,12.722564739853016,12.790749404758962,12.508555946693578,12.570021629333496,317604000.0
2020-08-28,12.616555911556786,13.087374488755257,12.584205502883087,13.087125778198242,537160000.0
2020-08-31,13.121962673479885,13.512404027360901,12.977631777675004,13.31282901763916,500840000.0
2020-09-01,13.421857130089242,13.933391281331938,13.378544809007552,13.76138687133789,511316000.0
2020-09-02,14.640330592742224,14.663232105009527,13.84004722644748,14.284622192382812,874012000.0
2020-09-03,13.769103935928273,13.824613370460439,12.823201635457625,12.959362030029297,945128000.0
2020-09-04,12.728608789534096,13.118171798924816,11.654263373150707,12.568055152893066,1463684000.0
2020-09-08,11.683887757182136,12.495870675289437,11.653768631335238,11.861618041992188,795728000.0
2020-09-09,12.346516275086678,12.754001367320672,12.178991882881057,12.660158157348633,736200000.0
2020-09-10,12.933224521841012,13.008896928842086,12.114520712963447,12.258646965026855,698684000.0
2020-09-11,12.431646509399577,12.597926004409656,11.844439994967425,12.112030982971191,636928000.0
2020-09-14,13.024578926203295,13.257568885233198,12.576768855905764,12.816728591918945,1201744000.0
2020-09-15,13.222717153107856,13.24138646588189,12.772418380661053,12.934964179992676,727556000.0
2020-09-16,12.901361003410214,13.036276504289093,12.459774389516712,12.46052074432373,556384000.0
2020-09-17,12.07991998724421,12.535447115383795,11.98284068441075,12.409741401672363,792512000.0
2020-09-18,12.539430184632225,12.578012742879299,11.937040148177086,12.136674880981445,698460000.0
2020-09-21,11.873564364275431,12.468487029467878,11.853152604133797,12.46325969696045,721044000.0
2020-09-22,12.520763197052464,12.59344829876963,12.103073121959817,12.583242416381836,646452000.0
2020-09-23,12.521260177157716,12.67210744174115,12.027151349496169,12.07145881652832,647012000.0
2020-09-24,12.020178955986067,12.515283765429503,11.962179781141215,12.29473876953125,731240000.0
2020-09-25,12.393810139922095,12.827929401956277,12.19293055034486,12.818221092224121,588016000.0
2020-09-28,12.984004264530533,12.995455019452848,12.695006353439096,12.978776931762695,573808000.0
2020-09-29,12.88169735695408,13.384768065727984,12.877466113660384,13.16870403289795,621460000.0
2020-09-30,13.100749000983756,13.563743503042675,13.093530438991557,13.472140312194824,689184000.0
2020-10-01,13.698658927613552,13.703387740885159,13.40269029134298,13.555777549743652,525004000.0
2020-10-02,13.167957222470799,13.461186360734684,12.994706996717781,13.005908966064453,552496000.0
2020-10-05,13.178910712130937,13.585399709035006,13.165717512425775,13.583657264709473,479820000.0
2020-10-06,13.77034771021102,14.081002250444271,13.606059434041683,13.677250862121582,784420000.0
2020-10-07,13.939365681751335,14.058350407618336,13.803702868616245,13.903769493103027,418084000.0
2020-10-08,14.01429129045017,14.023750816263338,13.698659142162176,13.779060363769531,378900000.0
2020-10-09,13.707621361148332,13.764624457346555,13.601829820935107,13.703389167785645,346892000.0
2020-10-12,13.929157894735607,14.285115934249808,13.852490359908824,14.164637565612793,434744000.0
2020-10-13,14.234834452215292,14.28661020379566,13.958282468908806,14.186792373657227,344604000.0
2020-10-14,14.228861750713278,14.280886294295177,13.899787616295503,14.034454345703125,276100000.0
2020-10-15,13.751180888345079,13.945339502121929,13.70836613749125,13.909744262695312,267224000.0
2020-10-16,13.976207032310032,14.060591666359802,13.733010226412944,13.751928329467773,242392000.0
2020-10-19,13.843034950198934,13.923187396795523,13.348925170537576,13.439533233642578,298068000.0
2020-10-20,13.524910369339894,13.740228038744753,13.448740396598476,13.58664321899414,229212000.0
2020-10-21,13.5662332545089,13.732015205253962,13.419369406982236,13.466415405273438,219596000.0
2020-10-22,13.464174825263315,13.553039484968712,13.174678386058064,13.30337142944336,290480000.0
2020-10-23,13.391987145890786,13.534619742053748,13.233922285663485,13.531632423400879,233484000.0
2020-10-26,13.369085896916106,13.633689579571246,12.982261385916676,13.08456802368164,336896000.0
2020-10-27,13.248607109488976,13.384021132448181,13.134600935706988,13.338966369628906,250520000.0
2020-10-28,13.141074699241251,13.20280755599855,12.554615408729777,12.572537422180176,376520000.0
2020-10-29,12.783123951718173,13.135845925987597,12.695005654386499,12.96782398223877,320080000.0
2020-10-30,12.794575514658112,12.880701638769581,12.246947595239426,12.479938507080078,416820000.0
2020-11-02,12.603155860418942,12.781383714965845,12.341539456733278,12.526488304138184,299652000.0
2020-11-03,12.653684234543976,13.048473643303717,12.54839028330013,12.963342666625977,272900000.0
2020-11-04,13.331499752886495,13.767860047508005,13.279475206935611,13.734752655029297,410228000.0
2020-11-05,14.101412477856645,14.277150540043976,13.930652013276667,14.098922729492188,319028000.0
2020-11-06,14.048890531552257,14.525824562918741,13.83506746873094,14.499190330505371,383348000.0
2020-11-09,14.489730948690765,14.628131343754319,13.55204339364055,13.571956634521484,582976000.0
2020-11-10,13.54781121416907,13.54781121416907,12.573781115211155,12.714920043945312,644068000.0
2020-11-11,12.997445519056676,13.377051459709095,12.892400350122854,13.360124588012695,404744000.0
2020-11-12,13.4208615944081,13.706623391136638,13.258564550225856,13.398707389831543,365812000.0
2020-11-13,13.568472254694553,13.609793346805214,13.002922328890708,13.239646911621094,346312000.0
2020-11-16,13.11568372017377,13.590626548003572,13.099255366942009,13.456955909729004,413776000.0
2020-11-17,13.49404517800945,13.537606285755135,13.246368351488899,13.364356994628906,312028000.0
2020-11-18,13.407174041323103,13.547068129533042,13.1281331694844,13.370831489562988,510924000.0
2020-11-19,13.155760695717245,13.429325390449687,13.043496960142532,13.382279396057129,565936000.0
2020-11-20,13.395967937592868,13.436292933287069,13.008644962843594,13.03129768371582,341088000.0
2020-11-23,13.114440599717943,13.324778798429607,12.959362101310216,13.083325386047363,361356000.0
2020-11-24,13.085812968215139,13.105228639441574,12.829423935275962,12.901860237121582,346500000.0
2020-11-25,12.976287586431019,13.21226485548097,12.963841692206845,13.177664756774902,259916000.0
2020-11-27,13.317309884312802,13.34966996860032,13.113691752498204,13.204050064086914,167276000.0
2020-11-30,13.207784048659422,13.354647870792293,12.916296418336144,13.343694686889648,286952000.0
2020-12-01,13.434055855874425,13.47039840179349,13.171193648207254,13.332246780395508,296948000.0
2020-12-02,13.292916687996875,13.614523477807763,13.177168059878014,13.486080169677734,283360000.0
2020-12-03,13.532888346466882,13.605097180328642,13.275428168212782,13.342158317565918,199520000.0
2020-12-04,13.394447836338603,13.505500435655625,13.334938377043462,13.50375747680664,202244000.0
2020-12-07,13.546586206055725,13.676063849403539,13.445743434248142,13.552063941955566,223244000.0
2020-12-08,13.530401856332638,13.544096671002487,13.228121449551065,13.296346664428711,271920000.0
2020-12-09,13.24704531933605,13.360088806654998,12.816532505636271,12.87878131866455,401300000.0
2020-12-10,12.817279927246037,13.016227078884357,12.797857568260008,12.920114517211914,207764000.0
2020-12-11,12.91513334344989,12.967671921625609,12.77146318057453,12.960948944091797,209264000.0
2020-12-14,13.035398774169177,13.334939820019592,13.024941019943634,13.255261421203613,270156000.0
2020-12-15,13.385736496087336,13.409889067775675,13.133753973253151,13.306805610656738,193016000.0
2020-12-16,13.368552602157862,13.383243798398896,13.159396585899268,13.189276695251465,223116000.0
2020-12-17,13.313028850638311,13.325728231536273,13.12553583695301,13.28763198852539,231384000.0
2020-12-18,13.325226838927424,13.35112236253232,13.017967423113692,13.218657493591309,342064000.0
2020-12-21,13.022202644085827,13.316265976199928,12.915383468107274,13.278667449951172,302332000.0
2020-12-22,13.265718661021117,13.283645967615037,13.001534523080034,13.224883079528809,185580000.0
2020-12-23,13.202722663623348,13.221646354324898,12.952731999410004,12.956964492797852,179144000.0
2020-12-24,12.98485057196713,13.079717874685622,12.886747159830435,12.94152545928955,97884000.0
2020-12-28,13.009999423359698,13.009999423359698,12.711952513384338,12.848152160644531,212564000.0
2020-12-29,12.873053464210267,13.019960686571482,12.790635724681074,12.891229629516602,170372000.0
2020-12-30,12.938041042133536,13.16064303299953,12.844917637300343,13.092916488647461,225396000.0
2020-12-31,13.083703548789822,13.0981449376047,12.863093382639896,13.002531051635742,192424000.0
2021-01-04,13.051585177793282,13.597632008988445,12.910404523673787,13.060797691345215,560640000.0
2021-01-05,13.047100420987022,13.389468856919152,13.03440199119971,13.350874900817871,322760000.0
2021-01-06,13.169358986371599,13.1917685974878,12.535417654961735,12.563802719116211,580424000.0
2021-01-07,12.915381167862042,13.323982965116926,12.834707343598083,13.29036808013916,461480000.0
2021-01-08,13.3087946092629,13.367058829260577,12.989582367036666,13.223388671875,292528000.0
2021-01-11,13.364819940572676,13.904891272024647,13.308796388895459,13.566755294799805,518344000.0
2021-01-12,13.697227113464349,13.699219880759559,13.291365574551167,13.430553436279297,291476000.0
2021-01-13,13.435783333016113,13.570240994686895,13.331205784944276,13.477365493774414,210028000.0
2021-01-14,13.520438793549745,13.545089074503974,13.127524599253782,13.147194862365723,283120000.0
2021-01-15,13.17483621037775,13.271695346356372,12.796861987374657,12.807817459106445,277780000.0
2021-01-19,12.963936740649542,13.0413744649296,12.79237922661994,12.972901344299316,226188000.0
2021-01-20,13.059050070436864,13.376519310088362,13.004271775829071,13.312029838562012,258572000.0
2021-01-21,13.364568959095964,13.942985300241656,13.199734440258004,13.81176471710205,337780000.0
2021-01-22,13.68477736022851,13.78611878930567,13.572480460380298,13.657387733459473,246820000.0
2021-01-25,13.726360770124714,13.772922949913667,13.183302194742383,13.598377227783203,251112000.0
2021-01-26,13.52591884373518,13.589910611709367,13.33369468135409,13.381253242492676,163980000.0
2021-01-27,13.176829474701865,13.179568817856318,12.742332986520283,12.865835189819336,371272000.0
2021-01-28,12.944017154210293,13.28613673623266,12.90841044886563,12.998546600341797,228316000.0
2021-01-29,13.022451148945741,13.28115757374475,12.859608425570046,12.937543869018555,271552000.0
2021-02-01,13.000789980691422,13.217415593581187,12.850894535990365,13.183801651000977,217204000.0
2021-02-02,13.344900937302837,13.517453895988597,13.232105357802928,13.502265930175781,220440000.0
2021-02-03,13.581195250724157,13.875757217775313,13.4621763232891,13.476119995117188,245408000.0
2021-02-04,13.476615508351898,13.618542687589592,13.284142527002507,13.609330177307129,201340000.0
2021-02-05,13.669837251873458,13.68203796383216,13.491306974074035,13.536375045776367,169152000.0
2021-02-08,13.67207952886359,14.415579319657386,13.67207952886359,14.380720138549805,434624000.0
2021-02-09,14.283112900004856,14.524638573331769,14.165338264412211,14.205924987792969,287560000.0
2021-02-10,14.405118526839988,14.845092591051662,14.283857993918451,14.70490837097168,485352000.0
2021-02-11,14.920044844642259,15.21087111646074,14.865016726806148,15.189456939697266,450828000.0
2021-02-12,14.989512421221601,15.229792846310929,14.715617109549683,14.901119232177734,374756000.0
2021-02-16,15.003703165313603,15.310714660298338,14.889912181045197,15.268633842468262,321960000.0
2021-02-17,15.11002559817303,15.162315316732863,14.720597275681127,14.846091270446777,274756000.0
2021-02-18,14.669803078245188,14.813473242529565,14.51642173524086,14.769401550292969,233868000.0
2021-02-19,14.964117061512086,15.11600432241574,14.787081796007755,14.866511344909668,271724000.0
2021-02-22,14.715370418206222,15.072430094686014,14.267428005030796,14.298054695129395,325884000.0
2021-02-23,14.018678963854958,14.181522613543509,13.335685096571375,14.085161209106445,391780000.0
2021-02-24,14.06599194727329,14.448448503648297,13.700715175316017,14.440729141235352,448320000.0
2021-02-25,13.989051767919369,14.316978865969865,13.163135090164083,13.25401782989502,824436000.0
2021-02-26,13.69722734472465,13.798817635314652,13.307301288699822,13.659380912780762,500932000.0
2021-03-01,13.819233771345669,13.869033001931395,13.498777256520254,13.786117553710938,353184000.0
2021-03-02,13.844134511457842,13.864552302839884,13.34216041278066,13.35236930847168,264116000.0
2021-03-03,13.372288481570262,13.397436481579216,12.747309959818812,12.753286361694336,377592000.0
2021-03-04,12.749305578383757,12.922855895335568,12.035187081032344,12.320535659790039,573344000.0
2021-03-05,12.49955846462247,12.49955846462247,11.63230781059517,12.41141414642334,542840000.0
2021-03-08,12.399962837749444,12.421127205316727,11.520013555432708,11.546656608581543,543112000.0
2021-03-09,12.085666683941009,12.570378398131114,12.014927537191268,12.474233627319336,521824000.0
2021-03-10,12.793306731118925,12.932293687337854,12.41171496237117,12.422425270080566,384376000.0
2021-03-11,12.902403493519058,12.99830026920778,12.68769566195109,12.945743560791016,299916000.0
2021-03-12,12.601763379126412,12.841379915385886,12.543727990467413,12.80875015258789,243964000.0
2021-03-15,12.817465165722231,13.158208142901147,12.720323681685503,13.142765045166016,221988000.0
2021-03-16,13.307408839220948,13.462835609512782,13.068540113938292,13.242399215698242,272128000.0
2021-03-17,12.99182597197509,13.40380609566732,12.941760599252106,13.292218208312988,243864000.0
2021-03-18,13.088221126930026,13.135546212993678,12.670262522567052,12.675742149353027,293896000.0
2021-03-19,12.703139313327759,12.874009196386721,12.56614486370807,12.798537254333496,299208000.0
2021-03-22,12.865293491438804,13.345272507132586,12.85931502565977,13.137787818908691,297804000.0
2021-03-23,13.20553571417136,13.295454030041492,12.973392265762131,13.022710800170898,222048000.0
2021-03-24,13.102915085638799,13.110886055698332,12.59030636238717,12.596532821655273,245840000.0
2021-03-25,12.453562514626949,12.66802144997611,12.226898653291949,12.489180564880371,295144000.0
2021-03-26,12.508357423671487,12.808998568705801,12.328022905586126,12.792060852050781,363968000.0
2021-03-29,12.773132589205469,13.014492713127513,12.653324782729335,12.900662422180176,273520000.0
2021-03-30,12.794802331642357,12.927562839023832,12.658305758509186,12.824442863464355,200204000.0
2021-03-31,12.967665973766012,13.420993698216213,12.934787261773293,13.299193382263184,314776000.0
2021-04-01,13.522369358755661,13.819024583083182,13.46159272623592,13.76098918914795,308276000.0
2021-04-05,13.816532577415291,13.962493775777086,13.682526408463117,13.936091423034668,255672000.0
2021-04-06,13.94829577953062,14.00259509902504,13.722877637600922,13.810553550720215,191744000.0
2021-04-07,13.829732533836207,14.191149339324006,13.66110505727589,14.091517448425293,251284000.0
2021-04-08,14.20036660361676,14.418312621618602,14.196629588023145,14.26438045501709,244416000.0
2021-04-09,14.161759195266548,14.355046432497897,14.12290297240524,14.347075462341309,195172000.0
2021-04-12,14.237230908904042,15.296074841669363,14.087283745856782,15.153101921081543,869324000.0
2021-04-13,15.175519477903563,15.642297740883008,15.070158056314497,15.621872901916504,676212000.0
2021-04-14,15.56757439683238,15.662723403944465,15.17153526617019,15.220853805541992,385500000.0
2021-04-15,15.604938070709537,16.154660479530673,15.574051864074454,16.077943801879883,598480000.0
2021-04-16,15.994000959162806,16.106337579853726,15.806941121261284,15.854018211364746,335208000.0
2021-04-19,15.479398285932946,15.749402181564943,15.177013572325267,15.305290222167969,404420000.0
2021-04-20,15.266930774723033,15.440042098301998,14.90800531574817,15.115489959716797,334132000.0
2021-04-21,15.063182531098462,15.306037228333295,15.046743653685485,15.304044723510742,216776000.0
2021-04-22,15.318490643488769,15.38175765812385,14.729164364474554,14.795669555664062,277788000.0
2021-04-23,14.879363615592718,15.278640941311782,14.845489127080329,15.209147453308105,227500000.0
2021-04-26,15.129190614058306,15.422109741768356,15.069410715459696,15.421113014221191,197796000.0
2021-04-27,15.521246713685633,15.612908608923208,15.298069966592816,15.325220108032227,164572000.0
2021-04-28,15.308031874143953,15.47516571048191,15.15957931715517,15.220603942871094,209416000.0
2021-04-29,15.343399043611141,15.379764870090474,15.016106605297141,15.268425941467285,173196000.0
2021-04-30,15.118730665369561,15.308529842071689,14.941882296807739,14.954336166381836,201912000.0
2021-05-03,15.06940752217907,15.190709904083072,14.733148395553439,14.782217025756836,203912000.0
2021-05-04,14.583451032043849,14.583699976349582,13.958755702220373,14.298501968383789,405324000.0
2021-05-05,14.65493927929447,14.759055975565776,14.334621071122196,14.405360221862793,292024000.0
2021-05-06,14.441977443400178,14.517698344378216,14.165747041733361,14.469625473022461,193380000.0
2021-05-07,14.753828442975296,14.915730667114072,14.617829738549602,14.757813453674316,229328000.0
2021-05-10,14.732902772330645,14.751584051485553,14.197627731992897,14.213319778442383,268904000.0
2021-05-11,13.774188670983172,14.301991547121727,13.69946450914894,14.253669738769531,285584000.0
2021-05-12,13.958009406177771,14.207838345963491,13.65886383403718,13.707932472229004,303408000.0
2021-05-13,13.982169938542986,14.028998076504566,13.409532427846457,13.61502456665039,285404000.0
2021-05-14,13.838949606962357,14.275339526116129,13.697969198962545,14.190651893615723,258616000.0
2021-05-17,14.104967840462367,14.11717276437191,13.802584080647618,14.113436698913574,216980000.0
2021-05-18,14.214565019489333,14.351310534500186,13.952531130875531,13.964238166809082,186256000.0
2021-05-19,13.516639700292195,14.02775479367314,13.493475521861324,14.014055252075195,344000000.0
2021-05-20,14.249932964504612,14.629782114343872,14.218050986432957,14.558794021606445,321592000.0
2021-05-21,15.10801998185376,15.166056327513427,14.81485187119772,14.936652183532715,672992000.0
2021-05-24,15.156589134652451,15.687132304008871,15.120223305868196,15.554621696472168,554816000.0
2021-05-25,15.708056734442609,15.760363558877739,15.425598932323531,15.590241432189941,435408000.0
2021-05-26,15.676421168733075,15.735702226871508,15.528965356400244,15.64229679107666,370440000.0
2021-05-27,15.642047824221699,15.692113190945143,15.403179081309112,15.431076049804688,581476000.0
2021-05-28,15.444034637929313,16.21768077012577,15.444034637929313,16.18480110168457,644536000.0
2021-06-01,16.210203934751263,16.328019228538366,15.844801122756069,16.204723358154297,472804000.0
2021-06-02,16.19251743061265,16.85656787926671,16.17582865881313,16.716583251953125,594168000.0
2021-06-03,16.63936684781397,17.195565429117057,16.522049469970472,16.907377243041992,580008000.0
2021-06-04,17.049605310936567,17.596089458232893,17.032669494095202,17.51364517211914,617120000.0
2021-06-07,17.506675722418404,17.74703820489032,17.12956674334457,17.554248809814453,575756000.0
2021-06-08,17.4628288796533,17.5567321901198,17.18759340040824,17.392837524414062,323848000.0
2021-06-09,17.455370605646817,17.51441623745511,17.196266649300334,17.298412322998047,381656000.0
2021-06-10,17.290198386485635,17.431709138454295,17.11679834270945,17.364938735961914,287772000.0
2021-06-11,17.419252025765605,17.877418499159795,17.383625810372322,17.763811111450195,416308000.0
2021-06-14,17.84427788430058,17.97731685623669,17.60186647716937,17.95663833618164,321376000.0
2021-06-15,17.853247418996794,17.954148103362822,17.66689173938309,17.727182388305664,243032000.0
2021-06-16,17.729423980176904,17.8928582145457,17.52388380440414,17.748855590820312,307124000.0
2021-06-17,17.71322713643251,18.77007054502925,17.695040534944663,18.592933654785156,809656000.0
2021-06-18,18.71925067030263,19.30821305776164,18.51993932359038,18.574501037597656,968856000.0
2021-06-21,18.371703230531587,18.472605819565104,17.76131527148521,18.363731384277344,672384000.0
2021-06-22,18.4078357102783,18.898389540737384,18.32262968365104,18.821653366088867,580144000.0
2021-06-23,18.942234896938484,19.086735576664665,18.842579190204066,18.99156379699707,332356000.0
2021-06-24,19.161471913925485,19.353058520618433,19.022451210045137,19.139297485351562,320924000.0
2021-06-25,19.214042880819722,19.27881936597167,18.829373695027133,18.965402603149414,278364000.0
2021-06-28,19.294512263445398,20.009539746281707,19.25240821728546,19.916112899780273,495436000.0
2021-06-29,19.81396615542745,20.029470225090638,19.589243331185592,19.957719802856445,367632000.0
2021-06-30,19.930314776489794,20.093002037862693,19.795281878543864,19.93355369567871,326568000.0
2021-07-01,20.055628261505312,20.385486666849392,19.949992750888118,20.1423282623291,480136000.0
2021-07-02,20.369790056845883,20.43456652516882,20.217815593150004,20.416378021240234,342764000.0
2021-07-06,20.666018525350328,20.77015813867355,20.280104352666278,20.627153396606445,446708000.0
2021-07-07,20.78162664604888,20.803052179152907,20.26192441404299,20.301536560058594,418428000.0
2021-07-08,19.788062237444162,20.0636080377041,19.632848779315466,19.834152221679688,503300000.0
2021-07-09,19.893689311396027,20.011033596944927,19.686157099051567,19.981136322021484,296624000.0
2021-07-12,20.17023553460196,20.461975876319716,20.118165723734343,20.441797256469727,321984000.0
2021-07-13,20.330179245184596,20.390720799183015,20.044667777946696,20.180198669433594,290708000.0
2021-07-14,20.287576714298133,20.34736936190273,19.684662607285635,19.77310562133789,380100000.0
2021-07-15,19.743461697812513,19.778589906396334,18.793496553631783,18.900875091552734,550564000.0
2021-07-16,18.964900147522947,19.090963266733112,18.010700300983057,18.09839630126953,688224000.0
2021-07-19,17.85350083008128,18.97636621146561,17.80392103012152,18.71502113342285,749060000.0
2021-07-20,18.665437217414535,18.773064743639477,18.101388235116307,18.54784393310547,434687000.0
2021-07-21,18.816914001718725,19.459691152678595,18.677397187844907,19.343093872070312,371017000.0
2021-07-22,19.574295529309875,19.818449966161833,19.209555981723096,19.526460647583008,323826000.0
2021-07-23,19.58824901824623,19.63209798066953,19.183648299082556,19.49058723449707,195672000.0
2021-07-26,19.24443870206173,19.37498578095671,18.848805839371344,19.227497100830078,203943000.0
2021-07-27,19.19859503384595,19.55436484344968,18.676401037537744,19.14179229736328,248863000.0
2021-07-28,19.252406188851747,19.578278660578594,18.929523634403203,19.435771942138672,202191000.0
2021-07-29,19.451718199146022,19.78456845561129,19.261376580692936,19.594226837158203,190781000.0
2021-07-30,19.351065420539463,19.562334550057216,19.19660092206327,19.431787490844727,183497000.0
2021-08-02,19.632092214924064,19.892192193546077,19.29426009396144,19.68191909790039,217444000.0
2021-08-03,19.67195614363054,20.152295043077654,19.153748123448008,19.7466983795166,301811000.0
2021-08-04,19.921097238700884,20.247967690687908,19.759654974548358,20.204118728637695,231309000.0
2021-08-05,20.429339555669177,20.661536241718938,20.271883215334118,20.565866470336914,211435000.0
2021-08-06,20.453255584823058,20.499096555119213,20.140336838007727,20.295799255371094,178497000.0
2021-08-09,20.375526676723766,20.437313251264435,20.073571547056734,20.225048065185547,146443000.0
2021-08-10,20.251952033949838,20.359579568061065,19.76662927363891,19.86728286743164,179238000.0
2021-08-11,19.9739177253544,19.97989756236368,19.363031566187686,19.631103515625,185925000.0
2021-08-12,19.801506528249956,19.95995693048754,19.55236830867384,19.83638572692871,151652000.0
2021-08-13,19.83639035283201,20.144325279245585,19.78257563330717,20.1184139251709,183063000.0
2021-08-16,20.065593064053427,20.217069532094754,19.385942869614865,19.8812313079834,210876000.0
2021-08-17,19.61714508254788,19.70185307512891,19.20058666248463,19.390928268432617,204585000.0
2021-08-18,19.432784446374054,19.566323330393175,18.934507922108054,18.9743709564209,285913000.0
2021-08-19,19.42680621302626,20.424357250217014,18.69732897160498,19.729759216308594,766555000.0
2021-08-20,19.922090443139417,20.79307832111632,19.86429170671667,20.744247436523438,675741000.0
2021-08-23,20.898715368530024,21.921177903907907,20.877787845028326,21.882312774658203,575807000.0
2021-08-24,21.678019114764727,21.8833084230163,21.46077013569365,21.717880249023438,297299000.0
2021-08-25,21.662071688084197,22.392544826376568,21.64712400159845,22.136430740356445,347701000.0
2021-08-26,22.123480715517967,22.262997548429166,21.714894075614353,21.99193572998047,237940000.0
2021-08-27,22.107532230785125,22.643677862471055,22.090590631749375,22.557973861694336,304722000.0
2021-08-30,22.751303423762153,22.963568544992565,22.47326582404602,22.609792709350586,262580000.0
2021-08-31,22.62075868040585,22.62075868040585,22.047640789736928,22.3117733001709,259850000.0
2021-09-01,22.41144663929597,22.622753028655936,22.283865100248764,22.367589950561523,201767000.0
2021-09-02,22.444337387679806,22.51909280352411,22.222067304803737,22.322736740112305,187834000.0
2021-09-03,22.251971049959415,22.910808082103483,22.127379950913973,22.76827621459961,280532000.0
2021-09-07,22.758305960984877,22.82409003815894,22.448322522567985,22.587865829467773,198107000.0
2021-09-08,22.439356967135367,22.536039786741064,21.90510910488169,22.265926361083984,254434000.0
2021-09-09,22.239016490910437,22.464277065145424,22.058608795237394,22.10445785522461,196856000.0
2021-09-10,22.274890843403057,22.55198127895653,22.19714689291508,22.40446662902832,248376000.0
2021-09-13,22.609793787016553,22.88887850668766,21.786495670040438,22.07953453063965,297500000.0
2021-09-14,22.202133951589552,22.336692569612442,22.013753027023114,22.16924285888672,199755000.0
2021-09-15,22.236024626845165,22.293835464685625,21.894146209939382,22.267919540405273,166538000.0
2021-09-16,22.110435843651945,22.20412821528791,21.855272750166648,22.16924285888672,156033000.0
2021-09-17,22.227054614590994,22.24798583109001,21.758592696915716,21.8283634185791,294503000.0
2021-09-20,21.076826867613953,21.362888683857676,20.594410879277827,21.043935775756836,349440000.0
2021-09-21,21.3469404733302,21.35491372577289,20.88146906785273,21.17650032043457,204688000.0
2021-09-22,21.296102923922355,21.888159587451916,21.126658982440958,21.86922264099121,268726000.0
2021-09-23,22.067574601135654,22.461282925863888,21.818392405906536,22.408456802368164,248555000.0
2021-09-24,21.997804384215325,22.076546431149566,21.789488429342764,22.00876808166504,217655000.0
2021-09-27,21.63898325171852,21.72769282238247,21.255244302712523,21.589147567749023,245215000.0
2021-09-28,21.144603190689022,21.348932496688196,20.58344330923957,20.63128662109375,343069000.0
2021-09-29,20.87149907318932,20.94824684688675,20.400044932702517,20.44988250732422,218394000.0
2021-09-30,20.700065269029956,20.99709081329455,20.62032703375371,20.648235321044922,221009000.0
2021-10-01,20.682125627897644,20.790768337768267,20.136914012363036,20.674152374267578,240978000.0
2021-10-04,20.436923825487426,20.474799620417603,19.49102893557556,19.667449951171875,345635000.0
2021-10-05,19.884735680862036,20.58045217530821,19.78904906919752,20.384096145629883,279282000.0
2021-10-06,20.054183467600772,20.652219202114356,20.014313404708272,20.632286071777344,297202000.0
2021-10-07,21.023002332349666,21.252251394930184,20.90339594423825,21.006059646606445,256919000.0
2021-10-08,21.03197467494621,21.136630744836808,20.707040866525467,20.76285743713379,151258000.0
2021-10-11,20.507695778664687,20.994098397870303,20.443904055764555,20.627302169799805,163388000.0
2021-10-12,20.759868133383815,20.988119137089015,20.460850231226793,20.603382110595703,162134000.0
2021-10-13,20.849571259430128,20.921336231312484,20.645241941754325,20.870502471923828,180652000.0
2021-10-14,21.218358128233028,21.683829432378424,21.052900818856443,21.67486000061035,243589000.0
2021-10-15,21.738653534036047,21.85925800191469,21.59113886513245,21.790483474731445,226994000.0
2021-10-18,21.677853093300257,22.218079867426876,21.573195134718436,22.14930534362793,189494000.0
2021-10-19,22.203128841785272,22.305792542429998,21.964912250814812,22.217084884643555,161473000.0
2021-10-20,22.232037672694034,22.359619226163996,21.91009429442329,22.030698776245117,146276000.0
2021-10-21,22.02471815036075,22.636710001159347,22.010764006896952,22.61777114868164,187590000.0
2021-10-22,22.74833799814001,23.054332903700523,22.487195958001656,22.651655197143555,249384000.0
2021-10-25,22.897844376112094,23.278594648848006,22.695509364142318,23.090213775634766,230235000.0
2021-10-26,23.910523636621996,25.176369464220407,23.845735742786594,24.636140823364258,485898000.0
2021-10-27,24.393939116260093,25.00792321942295,24.20256586759915,24.371013641357422,245990000.0
2021-10-28,24.79661760339399,24.868382573846535,24.442779360511576,24.859411239624023,234204000.0
2021-10-29,24.91921749719109,25.624901707362692,24.91822131585797,25.483366012573242,292503000.0
2021-11-01,25.565096437115333,25.809293921603484,25.144476013269458,25.74251365661621,265740000.0
2021-11-02,25.7375260859474,26.59072475298332,25.715596794688107,26.31463050842285,294112000.0
2021-11-03,26.582757025267508,26.696384427226477,26.14918053197211,26.5109920501709,239910000.0
2021-11-04,27.139927249878582,31.26239704427072,27.02929029769168,29.703514099121094,1153631000.0
2021-11-05,30.088251003295557,31.297282321186877,29.313792339899493,29.654674530029297,851260000.0
2021-11-08,30.05038129398314,30.99827073877175,29.809172310040385,30.70323944091797,503101000.0
2021-11-09,32.17639722764453,32.20430550943804,29.86597932140083,30.556711196899414,646746000.0
2021-11-10,29.25996904882886,30.74908123163005,28.683858832683175,29.36263084411621,636206000.0
2021-11-11,30.368330421751022,30.489931064518142,29.679590905724567,30.290584564208984,332172000.0
2021-11-12,29.911828494952534,30.57963679954635,29.53307052458696,30.290584564208984,413054000.0
2021-11-15,30.45205912496515,30.543757233968925,29.151327703396426,29.926782608032227,384909000.0
2021-11-16,29.66164877670332,30.29058317308719,29.608820758848818,30.10419464111328,264484000.0
2021-11-17,30.31849611458015,30.409199941675634,28.705788874793846,29.165281295776367,428508000.0
2021-11-18,32.26111626069691,32.65282836277686,31.218536680348734,31.571378707885742,781711000.0
2021-11-19,32.13753223855901,32.97976943566429,31.800638500382686,32.877105712890625,533867000.0
2021-11-22,33.40735581710539,34.533660369454104,31.795646751201797,31.851463317871094,754335000.0
2021-11-23,31.431840673643133,32.25414264484403,30.77898266433961,31.64215087890625,532163000.0
2021-11-24,31.358088106593186,32.747527284466,30.826830664303046,32.56711959838867,435162000.0
2021-11-26,32.49335390329238,32.60299466798655,31.24744493690994,31.399944305419922,283069000.0
2021-11-29,32.26012461188157,33.30270053648563,31.931202291527786,33.26681900024414,454964000.0
2021-11-30,33.06048273898262,33.24388267932972,31.75975378505098,32.569095611572266,622066000.0
2021-12-01,33.114390390664795,33.184169646455935,31.281179063188567,31.33600616455078,484368000.0
2021-12-02,31.1157068428457,32.375726406688585,30.92730092976172,32.02483367919922,472890000.0
2021-12-03,31.89922328972484,32.02781864594945,30.03511159214112,30.59634017944336,544325000.0
2021-12-06,29.78589864714848,30.145761817550646,27.949700565814876,29.942405700683594,658938000.0
2021-12-07,30.85950333447819,32.34680493925572,30.554465406943,32.32487106323242,593053000.0
2021-12-08,31.898234128872442,32.188318120673316,31.32205326007069,31.725778579711914,475551000.0
2021-12-09,31.634061878266106,32.103581165831095,30.33217500414839,30.393980026245117,488507000.0
2021-12-10,31.051907053635162,31.206419637067192,29.766966606069154,30.1029052734375,488825000.0
2021-12-13,30.1537389247884,30.19859728465225,28.027454948851968,28.07231330871582,598344000.0
2021-12-14,27.611769480974516,28.587686497132797,27.16418406880267,28.247760772705078,667035000.0
2021-12-15,28.310561418103585,30.40394841022342,27.750331012948195,30.36307716369629,698297000.0
2021-12-16,31.053899534566042,31.06187376372511,28.004532628837605,28.297605514526367,707366000.0
2021-12-17,27.896868119225253,28.83091752139496,27.672576326059648,27.71344757080078,713758000.0
2021-12-20,27.219008583039486,28.055365116089646,27.059512623643005,27.631704330444336,461847000.0
2021-12-21,28.284643989318436,29.028294944690636,27.314706725168943,28.983436584472656,524385000.0
2021-12-22,28.800015295930997,29.461923742071825,28.359405933040755,29.307411193847656,395184000.0
2021-12-23,29.66129326312554,29.964336743268632,29.33831421297981,29.546655654907227,343022000.0
2021-12-27,29.566594412321887,30.98910054168439,29.546656940110104,30.84754753112793,403686000.0
2021-12-28,31.21339111350028,31.231334077242877,29.91748399123054,30.22650909423828,420591000.0
2021-12-29,30.1776616792126,30.451795238929865,29.273516611953507,29.906517028808594,343139000.0
2021-12-30,29.733066714604764,30.361083746132028,29.446971799242743,29.492826461791992,308864000.0
2021-12-31,29.580556471252606,29.935436326008325,29.238636166288817,29.318384170532227,266530000.0
2022-01-03,29.72110791823675,30.614286167328913,29.691201708964883,30.02614402770996,391547000.0
2022-01-04,30.18165084016446,30.372049319821922,28.25972307978426,29.1977596282959,527154000.0
2022-01-05,28.857828469194196,29.323358674496106,27.446289504860772,27.517065048217773,498064000.0
2022-01-06,27.55295615903355,28.348443450993756,26.979768076203065,28.089262008666992,454186000.0
2022-01-07,28.052377508601495,28.33249270432617,26.971789766731415,27.161191940307617,409939000.0
2022-01-10,26.497288278632688,27.382492201861595,25.563238883232685,27.313709259033203,594681000.0
2022-01-11,27.23695493896439,27.97661882621992,26.754479886883722,27.729398727416992,404089000.0
2022-01-12,27.97861047249407,28.50494756627951,27.52105632637495,27.910825729370117,383413000.0
2022-01-13,28.289631942753868,28.390313718259936,26.414554846853214,26.491313934326172,540171000.0
2022-01-14,26.217178269218586,27.111354801279813,26.127461534880105,26.85715675354004,395832000.0
2022-01-18,26.177304414004546,26.554114306336086,25.68884770952801,25.821428298950195,424270000.0
2022-01-19,25.996874104337753,26.45941170270569,24.973107843056518,24.988059997558594,488315000.0
2022-01-20,25.22431303336184,25.49844661807642,24.002172240904777,24.073945999145508,435181000.0
2022-01-21,23.432970816782724,24.74482640351697,23.189739748176777,23.300390243530273,718958000.0
2022-01-24,22.259678694181396,23.30637129274654,20.82222037714528,23.298397064208984,913982000.0
2022-01-25,22.474999365021613,22.870750425042836,21.93071925859125,22.253698348999023,664616000.0
2022-01-26,23.166807633010286,23.98123400750133,22.22976753998485,22.700281143188477,755959000.0
2022-01-27,23.493779360509365,23.91943467808651,21.606739331750255,21.874893188476562,573353000.0
2022-01-28,21.942680495703392,22.786017001467613,21.228935667863265,22.76807403564453,543774000.0
2022-01-31,23.108993615367613,24.431816145631064,22.979403852664547,24.40888786315918,564680000.0
2022-02-01,25.024935774955733,25.0658070117083,23.81475853287833,24.56040382385254,518925000.0
2022-02-02,25.712765789902505,25.7356921679696,24.475673031706393,25.162504196166992,543419000.0
2022-02-03,24.380977535591192,24.998027675942943,23.70511318165473,23.872583389282227,410178000.0
2022-02-04,23.896514651072224,24.55742703574627,23.557585125529503,24.242422103881836,354829000.0
2022-02-07,24.29524574603593,25.1026943053942,24.125781045791168,24.65012550354004,376868000.0
2022-02-08,24.28228698772841,25.150544291203026,23.904480837599923,25.028928756713867,410359000.0
2022-02-09,25.54131148574977,26.640838580536943,25.27315951224319,26.620901107788086,524282000.0
2022-02-10,25.913138706568642,26.84020840080806,25.519382164128384,25.74267578125,513200000.0
2022-02-11,25.834383427476414,26.069640256444483,23.69813270066166,23.873577117919922,605472000.0
2022-02-14,23.85862696314563,24.79666354683214,23.680189818886806,24.19057846069336,440424000.0
2022-02-15,24.870432839092235,26.46140756576052,24.705953427119574,26.41156578063965,699869000.0
2022-02-16,26.176300241357357,26.498282934115505,25.471526148883136,26.427505493164062,732676000.0
2022-02-17,25.549289571656853,25.70380215677522,24.088904647146872,24.429826736450195,810595000.0
2022-02-18,24.590314838865833,24.9073141846699,23.027253892651444,23.567546844482422,761255000.0
2022-02-22,22.9624597952012,23.988218678165815,22.92757016662024,23.316341400146484,633422000.0
2022-02-23,23.727040557473366,24.078929495655366,22.230768194872702,22.316495895385742,566511000.0
2022-02-24,20.94881900592277,23.72504833875335,20.82421265561137,23.6732120513916,735801000.0
2022-02-25,23.6462953618656,24.140731680792335,23.307365982681755,24.080921173095703,528866000.0
2022-02-28,23.91644642718018,24.587327391046674,23.632344083996866,24.308208465576172,477319000.0
2022-03-01,24.21450233159208,24.3002319386135,23.059151897859554,23.403064727783203,412056000.0
2022-03-02,23.685224100178537,24.336278491001387,23.34524043941183,24.14784049987793,389642000.0
2022-03-03,24.18971640143085,24.2535268091343,23.399079682408747,23.64335060119629,365095000.0
2022-03-04,23.314327556846347,23.609445145751835,22.415014662671393,22.86766242980957,431415000.0
2022-03-07,22.749022915307926,22.96438091313516,21.266453480055112,21.288387298583984,450821000.0
2022-03-08,21.24551242955818,22.306341548855194,20.588475444727642,21.449901580810547,557467000.0
2022-03-09,22.32029806776181,23.15081636408371,22.18071580003234,22.945430755615234,492742000.0
2022-03-10,22.46387173081111,22.720105999777736,21.816805180949956,22.59049415588379,428066000.0
2022-03-11,22.953408821575593,23.076043457185644,21.980316832138143,22.034156799316406,367209000.0
2022-03-14,21.80384067249969,22.195669376851416,21.095957034349265,21.266447067260742,385354000.0
2022-03-15,21.45388943534592,22.96936124008591,21.258474245006287,22.90455436706543,491996000.0
2022-03-16,23.429986500774472,24.523718332751294,23.10296459283885,24.423019409179688,671422000.0
2022-03-17,24.04813783867153,24.767984935801795,23.83477472930563,24.69221305847168,471941000.0
2022-03-18,24.72511591515251,26.489842995481,24.55063805480904,26.374187469482422,730719000.0
2022-03-21,26.42802919116261,27.071108036211722,25.889637069261166,26.65435218811035,591727000.0
2022-03-22,26.647373045195117,27.1568522339767,25.994325666723434,26.444978713989258,547007000.0
2022-03-23,26.04816147769014,26.532713584181124,25.49880439684632,25.557628631591797,502120000.0
2022-03-24,26.08804332010231,28.23562518243766,25.829814189665502,28.066131591796875,877379000.0
2022-03-25,27.802915490968033,28.27350932502247,27.18974806430795,27.609493255615234,579016000.0
2022-03-28,27.67330780734801,28.165835529081235,27.124945266667112,28.13492774963379,425494000.0
2022-03-29,28.60950676132991,28.85975839254765,27.896636856560235,28.57062339782715,488984000.0
2022-03-30,28.219671024878537,28.411098411151755,27.421056956130638,27.607500076293945,463487000.0
2022-03-31,27.699226807551824,28.163838026854247,27.188753110757293,27.20470428466797,523440000.0
2022-04-01,27.293440575757664,27.414080364707395,26.188741881916698,26.632415771484375,517235000.0
2022-04-04,26.648367352938315,27.475894378510496,26.533710211634048,27.278484344482422,397120000.0
2022-04-05,27.17279688323679,27.237603749312893,25.743069446541703,25.85373878479004,436615000.0
2022-04-06,24.859716112456148,25.22462494159722,23.93149001085727,24.334285736083984,703833000.0
2022-04-07,24.36818131196346,24.648344247170577,23.40805109513817,24.135875701904297,557992000.0
2022-04-08,23.845738250132285,23.851720890168128,22.993286209983477,23.05011558532715,524781000.0
2022-04-11,22.14781195679892,22.253495115555605,21.595461800973677,21.851696014404297,575207000.0
2022-04-12,22.469853150059922,22.657292742627583,21.218591274800133,21.439929962158203,662258000.0
2022-04-13,21.663267032253867,22.432966395854017,21.39107965829104,22.136850357055664,516943000.0
2022-04-14,22.437944431565548,22.70913525716762,21.099943928443917,21.194660186767578,569097000.0
2022-04-18,21.13683828693259,22.02219119866503,21.016198500677564,21.718101501464844,525701000.0
2022-04-19,21.655288033662476,22.306342402426626,21.250497509099134,22.131864547729492,512781000.0
2022-04-20,22.44991555152109,22.602459598625735,21.136839837783892,21.417999267578125,468974000.0
2022-04-21,21.644320110833693,22.325285752038848,19.940412249254727,20.122867584228516,656209000.0
2022-04-22,20.24251007228569,20.424965416989473,19.441902979823055,19.456857681274414,624713000.0
2022-04-25,19.144795100205567,19.885581663708464,19.039111888261125,19.842710494995117,641566000.0
2022-04-26,19.659252706344454,19.729043844449905,18.614374777282016,18.732023239135742,653143000.0
2022-04-27,18.542589470786602,19.10989445940128,18.235508451875706,18.360136032104492,499460000.0
2022-04-28,18.910491964188285,19.977305783390694,18.434913772859694,19.723064422607422,570327000.0
2022-04-29,19.344193301516768,20.068030059623467,18.461829879065967,18.491741180419922,500435000.0
2022-05-02,18.48575712100829,19.515678320426133,18.33620442904849,19.474802017211914,572049000.0
2022-05-03,19.342202225014407,19.76593718597662,19.075997486229383,19.54360008239746,475751000.0
2022-05-04,19.863643621096067,20.339221777103816,18.695134485364377,20.273418426513672,648855000.0
2022-05-05,19.807809899114023,19.86563575823811,18.444882087815973,18.787857055664062,626331000.0
2022-05-06,18.680179051563016,19.453866151773262,17.936401353934347,18.619359970092773,633297000.0
2022-05-09,17.980273914729565,18.2006142842985,16.77686905131604,16.899503707885742,644455000.0
2022-05-10,17.636295630660026,18.1437798648561,16.974274428777502,17.54257583618164,761474000.0
2022-05-11,17.295316703632178,17.70010720962238,16.518638315122686,16.58045196533203,670167000.0
2022-05-12,16.170675786077656,16.73798070919897,15.520618927510899,16.126806259155273,708728000.0
2022-05-13,16.73797994693999,17.874582687114945,16.543561257348554,17.653244018554688,670437000.0
2022-05-16,17.456833430342392,17.735001491928404,17.055034273977807,17.212562561035156,521446000.0
2022-05-17,18.020149031920944,18.31626502100498,17.58146135414091,18.12284278869629,585830000.0
2022-05-18,17.65225609455197,18.06402585924725,16.81376185923218,16.887540817260742,545161000.0
2022-05-19,16.88653775929863,17.634303190844598,16.684141563200637,17.072980880737305,621310000.0
2022-05-20,17.280363930362633,17.35813066451446,15.708061631405265,16.644264221191406,739105000.0
2022-05-23,16.2255129579709,16.864603890150594,16.130796688219526,16.847654342651367,639889000.0
2022-05-24,16.460813405318188,16.54755410720824,15.732987737093548,16.105873107910156,588550000.0
2022-05-25,15.972275924953209,17.060025375610792,15.952335049741066,16.92443084716797,781132000.0
2022-05-26,15.988220610755953,18.038094588752674,15.974262384109384,17.797813415527344,996575000.0
2022-05-27,18.13181926193302,18.82474834379244,18.046075040592772,18.75495719909668,738379000.0
2022-05-31,18.923452187686582,19.142797955948794,18.29532999144944,18.616371154785156,664100000.0
2022-06-01,18.668218552747707,18.99623696880328,18.068010839185806,18.26542091369629,544514000.0
2022-06-02,18.237500543404728,19.560546538437922,18.14378074438324,19.533626556396484,648656000.0
2022-06-03,19.025149434663984,19.274404605825605,18.466816482062402,18.664226531982422,598779000.0
2022-06-06,19.08197511741872,19.279385129007327,18.508687574396717,18.730026245117188,422406000.0
2022-06-07,18.416965795176733,18.9433925831492,18.133811531545238,18.869613647460938,388914000.0
2022-06-08,18.74695170077605,19.12689735772894,18.48368268854018,18.596370697021484,363252000.0
2022-06-09,18.42983530392258,18.880583584037574,17.991052933850728,17.99803352355957,395574000.0
2022-06-10,17.551277974686933,17.648009569524117,16.82230071773937,16.927011489868164,465248000.0
2022-06-13,15.955702996068341,16.266839478389468,15.562793756532253,15.603680610656738,604153000.0
2022-06-14,15.68744927445471,16.021521877799216,15.369332170298332,15.792159080505371,469680000.0
2022-06-15,16.050439932166825,16.821300578805904,15.881908139766276,16.481245040893555,563936000.0
2022-06-16,15.816090696879078,15.897864407425715,15.358361819515217,15.557807922363281,545749000.0
2022-06-17,15.604677679322638,15.950717118320277,15.285563915858456,15.83603572845459,630334000.0
2022-06-21,16.429384421134937,16.96090769276326,16.3615719081893,16.520132064819336,483089000.0
2022-06-22,16.181077014713374,16.61587073985761,16.135204840649315,16.314706802368164,437135000.0
2022-06-23,16.473267119438244,16.53908438669256,15.80911149125112,16.180082321166992,463680000.0
2022-06-24,16.454316515193973,17.092543941061024,16.26484203486428,17.078582763671875,472153000.0
2022-06-27,17.26407044859053,17.282020263994987,16.579968879448046,16.822296142578125,427968000.0
2022-06-28,16.853210426478878,17.15437435755345,15.900854507260869,15.937752723693848,461149000.0
2022-06-29,15.770216310534561,15.776199264816002,15.127999283665375,15.498969078063965,482352000.0
2022-06-30,15.31847343700277,15.523903457243852,14.820855311845145,15.117033004760742,686070000.0
2022-07-01,14.857751323588166,15.021296837715987,14.352155016267275,14.482791900634766,577610000.0
2022-07-05,14.135755105271844,14.929550817854716,14.016087452919178,14.92257022857666,651397000.0
2022-07-06,14.968445164272264,15.276589715480245,14.748056331462374,15.088112831115723,529066000.0
2022-07-07,15.413208995404638,15.900854523259023,15.346394102933195,15.814095497131348,492903000.0
2022-07-08,15.387281829188536,15.992601679207207,15.346394973873567,15.79415225982666,467972000.0
2022-07-11,15.483014331967349,15.484011966579512,14.996365505258906,15.110050201416016,437321000.0
2022-07-12,15.225729983268637,15.388278822055844,14.835812677537918,15.040245056152344,458483000.0
2022-07-13,14.549606661502255,15.332433178961859,14.424952733218012,15.122016906738281,521918000.0
2022-07-14,15.066172037556123,15.430161276206992,14.687223985290593,15.32944107055664,456235000.0
2022-07-15,15.615647329390558,15.738305988579,15.40223910380052,15.718361854553223,385935000.0
2022-07-18,16.25686691896844,16.850218938777058,15.957698248928537,16.05642318725586,670517000.0
2022-07-19,16.440358091474902,17.062631077163257,16.127228231279975,16.944957733154297,702366000.0
2022-07-20,16.900084012250357,17.8833544065657,16.754488293525725,17.757701873779297,760538000.0
2022-07-21,17.835480724788574,18.093762486581372,17.496421955411886,18.000022888183594,557049000.0
2022-07-22,17.843461655137467,17.917256187628578,17.089554175506528,17.27105140686035,536671000.0
2022-07-25,16.971878546789405,17.076589278551587,16.602904032037294,16.976865768432617,480748000.0
2022-07-26,16.842239834616713,16.872157459195602,16.43237845884533,16.487226486206055,397865000.0
2022-07-27,16.984842903526864,17.886341221329417,16.866172897497414,17.740745544433594,569776000.0
2022-07-28,17.925233960102176,18.089776144359217,17.391715338129444,17.934207916259766,474646000.0
2022-07-29,17.763683382729887,18.193489890290078,17.64301808926749,18.112714767456055,435460000.0
2022-08-01,18.131662250640616,18.793825424102035,17.94019436661478,18.38994598388672,476469000.0
2022-08-02,18.07182959440469,18.885570510659182,18.041911963650172,18.47471046447754,489527000.0
2022-08-03,18.1336539858444,18.915483721167206,18.086783232155426,18.84069061279297,418146000.0
2022-08-04,18.796816360490926,19.220638962108396,18.708062062276774,19.161802291870117,409652000.0
2022-08-05,18.75792468015069,19.17576531807126,18.61432423658541,18.936429977416992,386068000.0
2022-08-08,17.45354536402082,18.188504443935763,17.19426496293747,17.743738174438477,981859000.0
2022-08-09,17.2042332163322,17.398692993146874,16.67769527219368,17.038692474365234,668263000.0
2022-08-10,17.64900236749365,18.067839657584745,17.269056663137828,18.046897888183594,597422000.0
2022-08-11,18.080804181955322,18.65520971795895,17.82650909360647,17.89232635498047,509327000.0
2022-08-12,18.109721945226894,18.666177625548745,17.903294316475968,18.657201766967773,478094000.0
2022-08-15,18.649224212452747,19.1109416861416,18.561468505502724,18.979307174682617,457666000.0
2022-08-16,18.867621402461417,19.089006932991676,18.449780750266285,18.82673454284668,451240000.0
2022-08-17,18.47171996728055,18.636262177287165,18.094766197974923,18.284238815307617,446799000.0
2022-08-18,18.250332132443727,18.812769810722802,18.13265879882492,18.721025466918945,415447000.0
2022-08-19,18.35504051013906,18.468725204485096,17.720801686073024,17.799583435058594,441588000.0
2022-08-22,17.44157616837466,17.509388691765842,16.91902677104241,16.986839294433594,409593000.0
2022-08-23,16.94197018119619,17.416652317313172,16.923021774033224,17.133438110351562,369986000.0
2022-08-24,16.96490062655106,17.357810823683003,16.84822587028311,17.174320220947266,522661000.0
2022-08-25,16.797366467637275,17.897313400062618,16.78639724119501,17.863407135009766,770691000.0
2022-08-26,17.807563767738106,17.874377717185446,16.192047853448514,16.214984893798828,769127000.0
2022-08-29,15.97564911347893,16.292767620206746,15.723349284871533,15.757254600524902,496132000.0
2022-08-30,15.91581117353894,15.994591964876042,15.139965363979472,15.42517375946045,530181000.0
2022-08-31,15.34140885146709,15.49697709866868,14.917585283969304,15.05221176147461,573710000.0
2022-09-01,14.169658975117944,14.340186004315418,13.233259619419709,13.898412704467773,1178865000.0
2022-09-02,14.060962564890257,14.131765139366534,13.553371026300562,13.609216690063477,743157000.0
2022-09-06,13.692985344440922,13.740852790055504,13.314037269416279,13.427721977233887,535751000.0
2022-09-07,13.529468012385438,13.803788702525829,13.313004492414725,13.680094718933105,512657000.0
2022-09-08,13.425724579883743,13.973368010349136,13.335947888457856,13.955411911010742,624873000.0
2022-09-09,14.122002784340559,14.43821953278812,14.09108023220205,14.351434707641602,486612000.0
2022-09-12,14.333475654409431,14.511035078989412,14.16289794182431,14.469139099121094,484159000.0
2022-09-13,13.767876088333708,13.887579287110125,13.06661411156495,13.09853458404541,714956000.0
2022-09-14,13.22123276604588,13.25714401689083,12.881076192438005,13.095544815063477,588507000.0
2022-09-15,12.982823422794079,13.200283922132007,12.758379308646864,12.897035598754883,523625000.0
2022-09-16,12.71049612736367,13.179334359132639,12.585805179118893,13.165369033813477,670751000.0
2022-09-19,12.979830907792524,13.429716127163072,12.97783599693244,13.348916053771973,569685000.0
2022-09-20,13.182330992088998,13.449668111931604,13.024721595787252,13.143426895141602,524818000.0
2022-09-21,13.180335452104883,13.99631305335464,13.07758944681726,13.228216171264648,807679000.0
2022-09-22,13.03768878499316,13.116493957539719,12.397276654319372,12.529947280883789,759162000.0
2022-09-23,12.389295442898492,12.579823238873681,12.22669830375946,12.485057830810547,663309000.0
2022-09-26,12.460118479404896,12.627703351069655,12.18380288466906,12.197768211364746,547343000.0
2022-09-27,12.47607929062904,12.70451323216134,12.227695289178223,12.382311820983887,553854000.0
2022-09-28,12.37932021781137,12.791299318139588,12.323458902869692,12.704514503479004,542414000.0
2022-09-29,12.417225794477423,12.469097284845578,11.916466992118151,12.189789772033691,532763000.0
2022-09-30,12.057117275528151,12.601767882452046,12.045146859340639,12.108988761901855,565638000.0
2022-10-03,12.316476553047927,12.646658600455845,12.075074233627726,12.48106861114502,547478000.0
2022-10-04,12.847159945252836,13.187317472632325,12.847159945252836,13.134448051452637,584182000.0
2022-10-05,12.879081259534201,13.288067492068219,12.589798244962582,13.17634391784668,507131000.0
2022-10-06,13.187315633969387,13.622237554535424,13.070604321982783,13.097537994384766,644157000.0
2022-10-07,12.474085736672928,12.638677792000106,11.992279988471251,12.046146392822266,672478000.0
2022-10-10,12.00724185114814,12.094026663340596,11.379797153136787,11.641149520874023,698699000.0
2022-10-11,11.532419021743818,11.816714298827332,11.255106408972765,11.557357788085938,667482000.0
2022-10-12,11.550375185170276,11.705988711915621,11.316953468077253,11.471570014953613,492590000.0
2022-10-13,10.943876148054613,12.048139665363264,10.786266778590695,11.930431365966797,850103000.0
2022-10-14,12.027193495602644,12.081059900782172,11.176302548165202,11.19924545288086,713432000.0
2022-10-17,11.48952497727775,11.918462240438945,11.48852799742512,11.858610153198242,580774000.0
2022-10-18,12.313481973149718,12.4611158389974,11.589277019716143,11.937414169311523,659362000.0
2022-10-19,11.849631206949502,12.3194674213086,11.804742384541735,12.02120590209961,523131000.0
2022-10-20,12.083051675521514,12.737429914885366,12.075071081844804,12.163851737976074,652398000.0
2022-10-21,12.068090417832614,12.467102092739703,11.85761257031653,12.4351806640625,609494000.0
2022-10-24,12.477077391333092,12.678577660700563,12.034174829585528,12.567852020263672,517457000.0
2022-10-25,12.662618457515958,13.267120266355917,12.632691937809854,13.228216171264648,505482000.0
2022-10-26,12.837184898566917,13.354900896725308,12.676582681545735,12.864117622375488,532953000.0
2022-10-27,13.596305021274278,13.803791001482493,13.089560488943963,13.143426895141602,583113000.0
2022-10-28,13.071604141512527,13.815760155792058,13.028710226197942,13.799798965454102,521040000.0
2022-10-31,13.743938035026355,13.803790122164811,13.264127212017728,13.463632583618164,486341000.0
2022-11-01,13.776856684484033,13.890575176364532,13.485578741755033,13.509519577026367,432817000.0
2022-11-02,13.815759886644688,14.174869538553562,13.17833970749939,13.186319351196289,672628000.0
2022-11-03,13.01075449802835,13.74692988442399,12.92396969143258,13.387819290161133,500065000.0
2022-11-04,13.951424297335134,14.193823590572745,13.66313824443395,14.121004104614258,612576000.0
2022-11-07,14.192826490611674,14.37637163738225,13.919504632950106,14.265645980834961,410061000.0
2022-11-08,14.764408236163073,14.854185888099915,14.18085444989022,14.565900802612305,595292000.0
2022-11-09,14.126988780724597,14.175868382440134,13.724985188452262,13.741943359375,454414000.0
2022-11-10,14.76341213300267,15.734006289264514,14.51103733225041,15.711063385009766,700819000.0
2022-11-11,15.767918688568072,16.34847952206211,15.44372241385744,16.286632537841797,655487000.0
2022-11-14,16.17790566297231,16.49911010478808,15.882636965812782,16.254714965820312,527852000.0
2022-11-15,16.680661045178866,16.955977806854108,16.341501419582265,16.624799728393555,545876000.0
2022-11-16,16.122044306055884,16.321548716407033,15.833758273609781,15.87066650390625,649547000.0
2022-11-17,15.676147926956387,16.225786282199604,15.496592636887353,15.6382417678833,710894000.0
2022-11-18,15.926528055174298,15.962440257527843,15.082619839364542,15.370905876159668,492072000.0
2022-11-21,15.109551164252508,15.438735202574657,15.042716425610418,15.279130935668945,404739000.0
2022-11-22,15.290107226570333,16.01830306476984,15.084616158544712,15.99835205078125,472866000.0
2022-11-23,16.05820026675545,16.486140496528126,16.008324643497133,16.478158950805664,427241000.0
2022-11-25,16.277658047637875,16.44623895293213,16.13201909254946,16.22977638244629,167934000.0
2022-11-28,15.98637975502715,16.31656273871607,15.68612519322037,15.787872314453125,303741000.0
2022-11-29,15.787871978822768,15.89261289133373,15.481631739149844,15.600337028503418,298384000.0
2022-11-30,15.662199992090873,16.89246723894382,15.562422258629718,16.885482788085938,565298000.0
2022-12-01,16.961311508590725,17.22672059418411,16.598118225185257,17.097009658813477,470977000.0
2022-12-02,16.62206317311855,16.89545581318878,16.408536964976825,16.838581085205078,371389000.0
2022-12-05,16.64202269753776,16.95732209492753,16.435480895818028,16.57317543029785,352255000.0
2022-12-06,16.493352558842304,16.536256494140442,15.783928452332743,15.951556205749512,352694000.0
2022-12-07,15.737033837548465,16.150116510882306,15.632266127408133,16.08426284790039,372388000.0
2022-12-08,16.236922259213415,17.140913726572844,15.923617339692608,17.130935668945312,515456000.0
2022-12-09,17.121956228129644,17.544018774553155,16.93736690492108,16.963308334350586,465338000.0
2022-12-12,16.999231007459425,17.49911978299442,16.759763296368646,17.496126174926758,457328000.0
2022-12-13,18.48991676619764,18.7483433376604,17.671735017061216,18.03193473815918,656589000.0
2022-12-14,17.94712099776623,18.211534767204142,17.38137864220524,17.634815216064453,496888000.0
2022-12-15,17.107983556218308,17.281597547820855,16.662973286290804,16.914413452148438,478542000.0
2022-12-16,16.826611361927757,17.003218983176044,16.373617447522786,16.534259796142578,478232000.0
2022-12-19,16.53525606050728,16.572172773420323,16.109202785089362,16.217960357666016,354039000.0
2022-12-20,16.02838975164787,16.273844727249003,15.816860754899643,16.04934310913086,403260000.0
2022-12-21,16.078275356146534,16.590138515163844,16.066300925017234,16.46441650390625,325025000.0
2022-12-22,16.0583199304805,16.10222300797655,14.849007005999164,15.304993629455566,565045000.0
2022-12-23,15.1623079769604,15.304990571413496,14.85000222535727,15.172286033630371,349326000.0
2022-12-27,15.040581290027674,15.066523670848282,14.024837595300793,14.089694023132324,464902000.0
2022-12-28,13.896123310795858,14.230380640006066,13.853218422811985,14.004881858825684,351066000.0
2022-12-29,14.370070713593025,14.650446912717559,14.195458504097823,14.570624351501465,354923000.0
2022-12-30,14.302219345783994,14.596565369641379,14.201443443017887,14.581599235534668,310490000.0
2023-01-03,14.818073166185235,14.96275213841312,14.06474698864116,14.2832612991333,401277000.0
2023-01-04,14.534703367464905,14.820068566207876,14.20942594066625,14.716299057006836,431324000.0
2023-01-05,14.458873382334806,14.531711494421922,14.116633408077806,14.23337459564209,389168000.0
2023-01-06,14.441908902325604,14.976720759443683,14.002884868402322,14.826055526733398,405044000.0
2023-01-09,15.250116050155102,16.020403900966134,15.107432477127848,15.593353271484375,504231000.0
2023-01-10,15.472621454131234,15.926612657782302,15.437699200244237,15.873730659484863,384101000.0
2023-01-11,15.804882316459198,15.992465239813418,15.528496008879637,15.965524673461914,353285000.0
2023-01-12,16.064305755567425,16.60011394726638,15.457652972865747,16.474393844604492,551409000.0
2023-01-13,16.241914296385605,16.88448766180026,16.129165833633266,16.86153793334961,447287000.0
2023-01-17,16.861536645437063,17.688699300985697,16.861536645437063,17.662755966186523,511102000.0
2023-01-18,17.62783226446367,17.833374940410984,17.243685577032387,17.338476181030273,439624000.0
2023-01-19,16.9982261040619,17.158870328406007,16.693903966162893,16.727827072143555,452932000.0
2023-01-20,16.973284656262667,17.816412427942808,16.787698117134013,17.799449920654297,564967000.0
2023-01-23,18.0239511412495,19.202334514054723,17.77849813911899,19.150449752807617,655163000.0
2023-01-24,18.78526133289635,19.451781589199925,18.778276881927304,19.2222900390625,496204000.0
2023-01-25,18.87107002531869,19.327057588077132,18.538808102919397,19.280160903930664,449537000.0
2023-01-26,19.657320791237296,20.121289984084356,19.235258296776955,19.75809669494629,489535000.0
2023-01-27,19.418849333138702,20.582264478452693,19.361976503519905,20.319847106933594,542142000.0
2023-01-30,19.90577336731511,20.095350783793005,19.107545755024255,19.11952018737793,488611000.0
2023-01-31,19.127499744923487,19.643353741949113,18.90798817511003,19.49368667602539,498017000.0
2023-02-01,19.64734149342646,21.14501295815038,19.56751894395112,20.89656639099121,660477000.0
2023-02-02,20.953441855430544,21.900337276933485,20.65410773302951,21.660869598388672,564276000.0
2023-02-03,20.953443971002155,21.696793177822467,20.742911306722025,21.05322265625,429366000.0
2023-02-06,20.759866693672283,21.522172618549423,20.739910582845678,21.042240142822266,452197000.0
2023-02-07,21.33459738007037,22.209653931499272,21.10311135974189,22.123844146728516,664150000.0
2023-02-08,22.337365045310303,22.82727757872674,21.95920561326959,22.15576934814453,559651000.0
2023-02-09,22.555880179506847,22.968961841072108,22.07095764976335,22.2874755859375,523876000.0
2023-02-10,21.641914381705053,22.029052780138088,20.764863390521825,21.21785545349121,550737000.0
2023-02-13,21.49024509179642,21.999114525410953,20.915522011552234,21.73969078063965,474919000.0
2023-02-14,21.530157577256894,22.997896827890425,21.318627718423105,22.92007064819336,675474000.0
2023-02-15,22.49900989243005,22.804331263638748,22.056993110518953,22.713533401489258,420575000.0
2023-02-16,22.083928543019674,22.50000383331045,21.878385888019974,21.95322036743164,412026000.0
2023-02-17,21.583041248476633,21.69179883261227,20.92849556480954,21.340579986572266,465888000.0
2023-02-21,20.953441579866375,21.44634583081081,20.5722885301492,20.609207153320312,410015000.0
2023-02-22,20.661090150563847,21.05720930150761,20.375723053454355,20.707984924316406,513184000.0
2023-02-23,23.388029834017708,23.835036491709413,22.97394905021416,23.61153221130371,1117995000.0
2023-02-24,23.17350751127071,23.421955993730073,22.89612399551086,23.234371185302734,589716000.0
2023-02-27,23.617522349762986,23.827055854409227,23.40200162980687,23.448896408081055,452994000.0
2023-02-28,23.320182165733303,23.772178848920596,23.154549835484183,23.164527893066406,455963000.0
2023-03-01,23.140580708274207,23.204439895549427,22.45809718193452,22.647676467895508,460026000.0
2023-03-02,22.438146710867823,23.328167510652396,22.38226919901642,23.262313842773438,389415000.0
2023-03-03,23.26830010651087,23.847014191551843,23.078720796703625,23.8370361328125,412393000.0
2023-03-06,23.83803229096399,24.19423923751773,23.43492676138987,23.501779556274414,437429000.0
2023-03-07,23.55167395870932,24.075598519904673,23.19340793639445,23.240312576293945,515154000.0
2023-03-08,23.438909531706024,24.150450902284962,23.376038799236685,24.131488800048828,513573000.0
2023-03-09,24.12549713017086,24.403927067293445,23.335119057261018,23.388011932373047,501257000.0
2023-03-10,23.36106747628327,23.57862150456227,22.679465442665016,22.91797637939453,474866000.0
2023-03-13,22.705413316762304,23.250294843227117,22.25134506080111,22.918973922729492,421890000.0
2023-03-14,23.447890629973315,24.169409811888126,23.411963139447696,24.013729095458984,474910000.0
2023-03-15,23.712347660414334,24.23627231190452,23.312169659954225,24.17839241027832,524486000.0
2023-03-16,23.977802891862606,25.535605516897093,23.845073897032023,25.48870277404785,583253000.0
2023-03-17,25.92880271607246,26.344948734040642,25.61544454374299,25.67232894897461,848547000.0
2023-03-20,25.562549518958868,25.970712430849073,25.07854201438664,25.846965789794922,432747000.0
2023-03-21,26.126395026788483,26.337960836204616,25.329031245204536,26.145355224609375,547408000.0
2023-03-22,26.370891881444173,27.53250995771594,26.183277100976117,26.41380500793457,797295000.0
2023-03-23,27.059479880369732,27.442694389660254,26.635350859477686,27.135324478149414,564889000.0
2023-03-24,26.97564975875482,27.1113709568097,26.301033385062095,26.724164962768555,454920000.0
2023-03-27,26.782046292352977,26.94471262702747,26.311012675719404,26.476673126220703,361026000.0
2023-03-28,26.392849502534016,26.45871435039119,25.7970717555382,26.355924606323242,356104000.0
2023-03-29,26.770076147029812,27.022556480928984,26.542542341100866,26.928749084472656,393694000.0
2023-03-30,27.17324699449219,27.44269460926943,27.04650622795167,27.32693099975586,364516000.0
2023-03-31,27.08442659853217,27.77700578403353,27.049498418004845,27.720123291015625,433933000.0
2023-04-03,27.45267583533266,27.942669731519793,27.28002971948546,27.90774154663086,398716000.0
2023-04-04,27.908737736009,27.94266851512213,27.25108667754047,27.396787643432617,368592000.0
2023-04-05,26.774068490200907,26.942721186079208,26.340957083573166,26.82596206665039,515015000.0
2023-04-06,26.52956827718351,27.024552994988376,26.372890149473246,26.98164176940918,397654000.0
2023-04-10,26.768077072918704,27.564443419953324,26.614393073942708,27.52252960205078,395279000.0
2023-04-11,27.667232866582555,27.733097708803008,27.07045586293639,27.11336898803711,314378000.0
2023-04-12,27.313960457156856,27.4117593746922,26.39384737924561,26.440752029418945,446259000.0
2023-04-13,26.67925655636213,26.831943139385213,26.275087085274208,26.408811569213867,353615000.0
2023-04-14,26.44972742157741,26.827951053263416,26.16630857297882,26.70320701599121,395660000.0
2023-04-17,26.510605128627287,26.95070210668743,26.37887544680579,26.94671058654785,321471000.0
2023-04-18,27.476623258466837,28.052441434897503,27.30098304931903,27.610347747802734,604812000.0
2023-04-19,27.304975350464428,27.94266686552096,27.176239781728775,27.873807907104492,358660000.0
2023-04-20,27.614340416338198,27.972606485594795,26.944714827313312,27.04850196838379,427713000.0
2023-04-21,26.896814866617028,27.127342787585114,26.66728625337911,27.063472747802734,345103000.0
2023-04-24,26.9576876302619,27.309963550008472,26.616386963271044,26.98662757873535,339282000.0
2023-04-25,27.02255529680181,27.191209883551597,26.17130312906319,26.18726921081543,378527000.0
2023-04-26,26.946707940661295,27.27403540128356,26.650315233944067,26.900800704956055,406337000.0
2023-04-27,27.306972360442714,27.43870204664904,26.57048262204744,27.170251846313477,377161000.0
2023-04-28,27.1692571711631,27.70116489389645,27.015571252856407,27.692184448242188,292216000.0
2023-05-01,27.782996461743867,28.99850296142685,27.723119847489293,28.850805282592773,570329000.0
2023-05-02,28.621275795478528,28.776956510510566,28.025498077141993,28.152236938476562,402730000.0
2023-05-03,27.782995617159955,28.30891697061435,27.415749094927655,27.745073318481445,383387000.0
2023-05-04,27.594380294690612,27.801954572191782,27.184222567509938,27.505563735961914,321850000.0
2023-05-05,27.769027213873315,28.696124060234265,27.674222409101244,28.621278762817383,361494000.0
2023-05-08,28.46359684267218,29.160167550884644,28.291950055367597,29.09130859375,344979000.0
2023-05-09,28.839828282414175,28.913676170511692,28.3917482221622,28.51249885559082,314869000.0
2023-05-10,28.945612307547268,29.05339288631877,28.402727410108433,28.82585906982422,369350000.0
2023-05-11,28.83683515837139,28.89072544575844,28.18816641833993,28.519485473632812,322149000.0
2023-05-12,28.470585077894096,28.721072500751447,27.988574237391727,28.281972885131836,274222000.0
2023-05-15,28.449626392092515,28.90968288930767,28.09435634331566,28.893714904785156,293926000.0
2023-05-16,28.781944947212995,29.808839206478215,28.77296450239682,29.153182983398438,449405000.0
2023-05-17,29.523423532319487,30.137164031905737,29.369739532230806,30.116207122802734,432535000.0
2023-05-18,30.347734802848134,31.762830690352914,30.25791892725925,31.61313819885254,748725000.0
2023-05-19,31.471424084571897,31.515334611569322,30.852694703812897,31.199981689453125,473908000.0
2023-05-22,30.837725120407754,31.455459020418363,30.61717888104211,31.112163543701172,372000000.0
2023-05-23,30.936521612122302,31.223931984014826,30.56827772744353,30.625160217285156,356253000.0
2023-05-24,30.148145852133315,30.544334281396033,29.74497368886578,30.475475311279297,721419000.0
2023-05-25,38.44412443571779,39.399165745558044,36.55998955658973,37.90223693847656,1543911000.0
2023-05-26,37.81242284228532,39.089800933075296,37.47311881105836,38.86626052856445,714397000.0
2023-05-30,40.5118797580755,41.85212836748926,39.86720258532556,40.02886962890625,923401000.0
2023-05-31,39.407151325355905,40.212498283604155,37.74456192441203,37.75653839111328,1002580000.0
2023-06-01,38.41018533563602,39.967989732477896,38.261492175606385,39.68856430053711,635873000.0
2023-06-02,40.014895164925456,40.4170698367897,38.97802122010776,39.2464714050293,482731000.0
2023-06-05,38.82932905392205,39.48398404045427,38.627743010740026,39.09079360961914,396094000.0
2023-06-06,38.75049794421731,39.07982029424169,38.06989131464503,38.57485580444336,388729000.0
2023-06-07,38.8393365135724,39.42220064737449,37.28336583715142,37.40213394165039,511998000.0
2023-06-08,37.650652361661095,38.78843525380602,37.43208020342754,38.435123443603516,417772000.0
2023-06-09,38.96109737948555,39.6337866781629,38.492013810296655,38.694618225097656,427717000.0
2023-06-12,39.123789673287696,39.45314612056553,38.54292044364982,39.40523910522461,388701000.0
2023-06-13,40.107864800357326,41.0210866253636,39.66273283742683,40.942237854003906,613208000.0
2023-06-14,40.74463080916541,42.916398894689806,40.47315646710425,42.91340637207031,740465000.0
2023-06-15,42.51918026033141,43.20484496389042,42.06506298102736,42.5700798034668,568622000.0
2023-06-16,43.36552302344678,43.635996039851086,42.57805557607221,42.6089973449707,655709000.0
2023-06-20,42.914401391724816,43.90447325497645,42.591030025374586,43.72282409667969,451153000.0
2023-06-21,43.41642607769267,43.530206665673255,41.9981911201456,42.96131134033203,551603000.0
2023-06-22,42.170843097037455,43.3415626918256,42.15188284213235,42.94134521484375,417737000.0
2023-06-23,42.38143932936339,42.725765968157205,41.9333109957247,42.12693405151367,358140000.0
2023-06-26,42.37844793444695,42.68086025771663,40.0220380144833,40.55300521850586,594322000.0
2023-06-27,40.71967293420545,41.858453292545065,40.369357466339395,41.794578552246094,462175000.0
2023-06-28,40.58094756482351,41.763645026068765,40.439225350764865,41.03705978393555,582639000.0
2023-06-29,41.47719520674288,41.51911336113598,40.521057714884826,40.74262619018555,380514000.0
2023-06-30,41.5989647398468,42.467272192490576,41.420311904436474,42.21975326538086,501148000.0
2023-07-03,42.43433377598921,42.81459352699216,42.11994759159172,42.330535888671875,198209000.0
2023-07-05,42.05307299440359,43.09304679541421,42.003170973529485,42.23472213745117,323618000.0
2023-07-06,41.76264574505463,42.096993500956245,41.2656128948708,42.021141052246094,303582000.0
2023-07-07,42.239708925322894,43.12997664792233,42.097986731680244,42.42035675048828,355881000.0
2023-07-10,42.57405415164483,42.72775402565993,41.5680109980779,42.09798049926758,353908000.0
2023-07-11,42.398400353937646,42.67486219078261,41.98520766702778,42.322547912597656,298244000.0
2023-07-12,42.949329116868,43.84957572671799,42.69382635632928,43.8166389465332,481277000.0
2023-07-13,44.43144838419821,46.065262910266576,44.40549795947818,45.887611389160156,478204000.0
2023-07-14,46.492428621249765,47.99450350820883,44.972390985691305,45.38059616088867,772075000.0
2023-07-17,46.1990038397671,46.40559830268811,45.1740001632929,46.37066650390625,510488000.0
2023-07-18,46.61019215993459,47.802868230083774,45.64507339337393,47.401649475097656,569164000.0
2023-07-19,47.37171457968649,47.725026374946644,46.65111827083296,46.98546600341797,427502000.0
2023-07-20,46.41657614955658,46.99545027981004,44.974385975713794,45.431495666503906,537865000.0
2023-07-21,45.698971418551594,45.776822685139486,44.01425371443011,44.22284698486328,963769000.0
2023-07-24,44.644025212328465,45.02129240158318,43.95437069346409,44.5252571105957,382516000.0
2023-07-25,44.85361925028961,46.09320109466631,44.83565269586211,45.59018325805664,348081000.0
2023-07-26,45.93151847506049,45.96345774796509,44.54322423850326,45.363624572753906,364237000.0
2023-07-27,46.42855649018283,47.302852779891246,45.66105061247082,45.810760498046875,455976000.0
2023-07-28,46.57725828817055,46.93556140812505,46.290817578046465,46.65909957885742,331194000.0
2023-07-31,46.66310217922206,47.03837060929454,46.41558324596036,46.63814926147461,251055000.0
2023-08-01,46.36966307349115,46.808809981833214,45.9375063312931,46.41657257080078,237858000.0
2023-08-02,45.74188936339505,45.750870737209425,43.302641133046315,44.182926177978516,530142000.0
2023-08-03,43.714841517541664,45.03027980086514,43.714841517541664,44.42845153808594,324176000.0
2023-08-04,44.897531651391645,45.55325186395774,44.30668368202593,44.59312438964844,362666000.0
2023-08-07,45.02329618186399,45.45146298171195,44.47636125716046,45.32870101928711,322154000.0
2023-08-08,44.76578774990283,45.154031311172126,43.970336566145846,44.57715606689453,353843000.0
2023-08-09,44.187917131866904,44.22584525940291,42.05207850406444,42.47126388549805,586449000.0
2023-08-10,42.07802662294512,43.489278793199354,41.75365777083557,42.30558395385742,492705000.0
2023-08-11,41.66982393739307,41.936306917018776,40.55998646089097,40.77556610107422,533085000.0
2023-08-14,40.407280716905284,43.71483628671642,40.2326217412967,43.66792678833008,690286000.0
2023-08-15,44.473361921944495,45.17998551740348,43.62501232005784,43.85456466674805,676512000.0
2023-08-16,44.43344112151487,44.58813853982079,43.32160482572684,43.401451110839844,527451000.0
2023-08-17,43.884505920253574,43.97632609118521,42.91738827793847,43.25972366333008,452395000.0
2023-08-18,42.55210279035976,43.4932701006516,41.57900001272248,43.214813232421875,583768000.0
2023-08-21,44.407491420923556,46.97349186656967,44.13602090022551,46.87568283081055,692573000.0
2023-08-22,48.041406896438666,48.09330773941367,45.24485683130546,45.57920455932617,755293000.0
2023-08-23,45.77682532419549,47.108231304990525,45.120103708429646,47.02439498901367,779046000.0
2023-08-24,50.118361983877634,50.16826400478164,47.067306662299096,47.07129669189453,1156044000.0
2023-08-25,46.92059076298821,47.71204812043245,44.9364534643998,45.928524017333984,925341000.0
2023-08-28,46.3916241394205,46.88865698143186,44.800725372190506,46.74393844604492,685192000.0
2023-08-29,46.57526237156326,48.98556752704201,46.30079556232575,48.689144134521484,701397000.0
2023-08-30,48.94864322959215,49.82992584763343,48.33084725951484,49.168216705322266,735206000.0
2023-08-31,49.28399374905417,49.64728445636799,48.86281334141854,49.25904083251953,528570000.0
2023-09-01,49.66524637506185,49.7031706927899,48.0483934780796,48.41468048095703,463830000.0
2023-09-05,48.129248174169426,48.75602942803424,47.766954926067555,48.453617095947266,382653000.0
2023-09-06,48.35080099771677,48.45859779156676,46.49326626281809,46.97336959838867,468670000.0
2023-09-07,45.440229441727205,46.25770462589442,45.067922908266546,46.1548957824707,433330000.0
2023-09-08,45.856454433608306,46.519215678178135,45.18670244634744,45.48714065551758,473069000.0
2023-09-11,46.06207096484273,46.0770424255395,44.22949106974816,45.09387969970703,473966000.0
2023-09-12,44.654695251427476,45.58795561962286,44.44807996157311,44.78644943237305,349256000.0
2023-09-13,44.51694497475434,45.8444700948222,44.42012548496772,45.400299072265625,398355000.0
2023-09-14,45.8644443208897,45.901374179979044,45.04696901136851,45.496131896972656,370097000.0
2023-09-15,45.25656332752661,45.514082288276775,43.726417212467545,43.8182487487793,506831000.0
2023-09-18,42.668394445794135,44.15961175484726,41.92178629799531,43.884124755859375,500271000.0
2023-09-19,43.7513779115944,43.8841296709857,42.921924053303314,43.438961029052734,373064000.0
2023-09-20,43.51881278602881,43.82124998391259,42.14437793528599,42.16034698486328,367108000.0
2023-09-21,41.50556449339025,42.02160003234205,40.90368675780257,40.940616607666016,450736000.0
2023-09-22,41.494589042058344,42.0365810200349,41.154224400495224,41.53252029418945,479236000.0
2023-09-25,41.51354991090628,42.456789851544556,41.100319388968366,42.143375396728516,419091000.0
2023-09-26,41.92279078773523,42.74026599878411,41.577434392681035,41.83295822143555,402282000.0
2023-09-27,42.2511801171412,42.79217068875673,41.55148521974545,42.388919830322266,444935000.0
2023-09-28,42.38093579889095,43.36509986355093,42.03658080053992,43.008766174316406,424663000.0
2023-09-29,43.74538375843628,44.06179477214428,43.22635166055895,43.41799545288086,397830000.0
2023-10-02,43.94800606273331,45.09087429927052,43.779322054087544,44.6986083984375,433298000.0
2023-10-03,44.724558993956826,45.045961784832514,43.165467413747166,43.43596267700195,470850000.0
2023-10-04,43.660548982906214,44.06080325905543,43.21138616245394,43.95899200439453,361821000.0
2023-10-05,43.96797721587723,44.81639678263096,43.80628011216114,44.60478973388672,393483000.0
2023-10-06,44.11070232897844,45.70373084635426,43.94401350767715,45.676780700683594,434436000.0
2023-10-09,44.75849682767498,45.52007649973999,44.28538045832398,45.18869400024414,409675000.0
2023-10-10,45.22563248789511,46.17286291728584,45.00404573819931,45.71272277832031,368582000.0
2023-10-11,46.10998436427073,46.77175189981233,45.964256300797445,46.718849182128906,378137000.0
2023-10-12,46.68989946190785,47.52035097000379,46.243733198035265,46.85758590698242,481325000.0
2023-10-13,46.87255588078778,47.02826743741539,45.19568386802554,45.376346588134766,474115000.0
2023-10-16,44.9790832052808,46.13891807478204,44.82836342341364,46.00916290283203,375099000.0
2023-10-17,43.918066921379186,44.670664500769895,42.40089687991119,43.85618209838867,812333000.0
2023-10-18,42.511692770661035,43.13852556211427,41.7471202631781,42.117427825927734,627294000.0
2023-10-19,42.73128289845607,43.21637798376251,41.8040119269262,42.022605895996094,501233000.0
2023-10-20,41.81199440818419,42.39091619548763,41.00150619051564,41.309932708740234,477266000.0
2023-10-23,41.152230295210934,43.1674718539468,40.86875871685224,42.89497756958008,478530000.0
2023-10-24,42.996784415979555,43.615628825296106,42.611505424258,43.58169174194336,401463000.0
2023-10-25,43.31718712471628,43.56872058494652,41.477620479123594,41.701202392578125,398379000.0
2023-10-26,41.77506089043769,42.17731029147376,39.80573548899641,40.25090408325195,541001000.0
2023-10-27,41.0534152286562,41.12927392659706,39.94048973150051,40.42458724975586,416784000.0
2023-10-30,41.01049469201982,41.68822738791205,40.405620307517786,41.084354400634766,388028000.0
2023-10-31,40.37468366362989,40.80288572703797,39.15695406100747,40.70406723022461,517969000.0
2023-11-01,40.80787414060049,42.30208841819016,40.79290267934758,42.246192932128906,437593000.0
2023-11-02,43.24731404731201,43.802278424689874,42.814124127350155,43.424983978271484,409172000.0
2023-11-03,43.93802583979857,45.22462310173902,43.64157803370364,44.92119216918945,424610000.0
2023-11-06,45.2006701825068,45.84946127643141,44.815387407221024,45.665802001953125,400733000.0
2023-11-07,45.63386992886557,46.13193749816825,45.073913725971586,45.86943054199219,343165000.0
2023-11-08,46.014157765591044,46.77973167159943,45.882403587242706,46.48727798461914,346719000.0
2023-11-09,47.3786111235174,48.14019083451283,46.662947187934414,46.86257553100586,540496000.0
2023-11-10,47.411554622346145,48.38174487246118,47.19495962235481,48.244998931884766,421245000.0
2023-11-13,48.23002031531456,49.02453947075824,48.009431181663935,48.52946090698242,384136000.0
2023-11-14,49.58748734734276,49.74119990193618,48.94867974988804,49.56352996826172,416954000.0
2023-11-15,49.84202172257436,49.866972887678294,48.11025170692205,48.79697036743164,475497000.0
2023-11-16,48.588356005845505,49.432781344923285,48.240006851203624,49.38786315917969,339756000.0
2023-11-17,49.43178822340236,49.62442966359735,48.91575254512535,49.20621109008789,325205000.0
2023-11-20,49.22017477900762,50.45387324372552,49.08941820057832,50.31513214111328,414120000.0
2023-11-21,50.03265822480747,50.42292897370047,49.130342262240724,49.85099792480469,565747000.0
2023-11-22,49.759176257408164,50.24127480470822,47.601199364673555,48.62528991699219,899420000.0
2023-11-24,48.37974638442562,48.829906801279186,47.656094105123046,47.68703842163086,294645000.0
2023-11-27,47.71098998988454,48.4396301867081,47.5632667713432,48.15216827392578,395662000.0
2023-11-28,48.14618466607588,48.23302446932741,47.3846048841161,47.731956481933594,401491000.0
2023-11-29,48.288914999950215,48.67120123627393,47.7708804254883,48.050357818603516,382005000.0
2023-11-30,47.934569759213595,48.0204119586937,46.33555556358415,46.68290710449219,526247000.0
2023-12-01,46.43837411108703,47.112116530587656,46.1010022026633,46.67792510986328,369317000.0
2023-12-04,45.99120808412224,45.99120808412224,44.92619341001044,45.425262451171875,437543000.0
2023-12-05,45.38533254496545,46.517319443047896,45.19067882409736,46.48338317871094,371718000.0
2023-12-06,47.13122835946555,47.30292406979546,45.331425953011845,45.422264099121094,380590000.0
2023-12-07,45.618910872891085,46.54626331215597,45.52308054469381,46.51332092285156,350823000.0
2023-12-08,46.51232804934258,47.65629461849747,46.467405912391875,47.42171096801758,359224000.0
2023-12-11,47.40674269328456,47.44666883134117,45.748690336704186,46.544273376464844,509728000.0
2023-12-12,45.96429952454466,47.58142400474077,45.96429952454466,47.57244110107422,372387000.0
2023-12-13,47.54449269431196,48.50778063121328,47.52353004634861,48.00267791748047,447792000.0
2023-12-14,48.30413968812158,48.58364165791398,47.337858729747325,48.26420974731445,391232000.0
2023-12-15,48.108492709816815,49.316344970250725,48.03462269335951,48.80325698852539,479948000.0
2023-12-18,49.312347036005846,50.34351123549537,49.06279063158867,49.98814392089844,412587000.0
2023-12-19,49.33630266590499,49.61181391094036,48.80824198487287,49.51598358154297,464444000.0
2023-12-20,49.56689784156496,49.91028926259113,48.012661158302954,48.025638580322266,397894000.0
2023-12-21,48.72439672866285,49.00789323083867,48.33309014213933,48.903079986572266,300425000.0
2023-12-22,49.107712672335644,49.29537882848635,48.38100372795406,48.74336242675781,252507000.0
2023-12-26,48.88110985273242,49.51198840359391,48.873124626710656,49.191558837890625,244200000.0
2023-12-27,49.42315398247824,49.59185284551433,48.997907338293054,49.32931900024414,233648000.0
2023-12-28,49.55491912329638,49.79548883206165,49.324326187941345,49.43413162231445,246587000.0
2023-12-29,49.72461566156116,49.90829110638661,48.664499712290464,49.43413162231445,389293000.0
2024-01-02,49.15661805673898,49.20752624943747,47.51054587491967,48.08252716064453,411254000.0
2024-01-03,47.40074185532866,48.098499031561545,47.23603372218609,47.48459243774414,320896000.0
2024-01-04,47.68224504410837,48.413946184142475,47.42370571637504,47.912837982177734,306535000.0
2024-01-05,48.37601228101952,49.459086175725254,48.220287041681374,49.009883880615234,415039000.0
2024-01-08,49.42414836733732,52.18224626703925,49.391205977221674,52.160282135009766,642510000.0
2024-01-09,52.30802056933756,54.228606407883284,51.59827982301823,53.04570770263672,773100000.0
2024-01-10,53.52086794542818,54.50311934146144,53.39409057576156,54.253562927246094,533796000.0
2024-01-11,54.9014155282273,55.247799966123495,53.46496957614301,54.724727630615234,596759000.0
2024-01-12,54.52308221048439,54.872463461679565,54.23359967517569,54.61292266845703,352994000.0
2024-01-16,54.92038130782368,56.73415487746208,54.80259064863885,56.281959533691406,449580000.0
2024-01-17,56.24702551752996,56.370806056804064,54.64287831771136,55.953548431396484,474394000.0
2024-01-18,57.15840086229008,57.497797746406825,56.00744677307047,57.005672454833984,491650000.0
2024-01-19,57.88610696898355,59.394427545023596,57.12346261571884,59.38544464111328,543501000.0
2024-01-22,59.942452516713104,60.223953645882176,58.96518950299891,59.548152923583984,452955000.0
2024-01-23,59.46430561582059,59.803702511682395,58.48105267598879,59.76676940917969,294654000.0
2024-01-24,60.19699530070834,62.737477534813706,59.83164361691738,61.253116607666016,560271000.0
2024-01-25,62.23937638655106,62.607724992539126,60.7420377038793,61.5076789855957,482777000.0
2024-01-26,60.85183343731232,61.67337498834804,60.4655228910145,60.922706604003906,390309000.0
2024-01-29,61.12335021592604,62.37811980223714,60.798929932553925,62.354164123535156,348733000.0
2024-01-30,62.788400246614664,63.38034661468554,62.1495325776363,62.662620544433594,410735000.0
2024-01-31,61.330983989988475,62.15851544921119,60.59229912426738,61.41783142089844,453795000.0
2024-02-01,61.98981538927627,63.07888305643791,61.54061686379006,62.9151725769043,369146000.0
2024-02-02,63.86048434942647,66.48182425910672,63.57698787949549,66.04261016845703,476578000.0
2024-02-05,68.10393877262449,69.37368488045085,67.085752030502,69.20897674560547,680078000.0
2024-02-06,69.50644505901005,69.63022558045657,66.18235963384292,68.10194396972656,683111000.0
2024-02-07,68.19776917750116,70.09539685563645,67.48004326560577,69.974609375,495575000.0
2024-02-08,69.94966354395652,70.66838724943909,69.33176617612584,69.5174331665039,414422000.0
2024-02-09,70.40786033375117,72.0569298484953,70.08743069197543,72.0050277709961,436637000.0
2024-02-12,72.4711925074671,74.4786262016981,71.12358918296164,72.11981964111328,613710000.0
2024-02-13,70.27509946360114,73.31968365428922,69.4964845401849,72.00003051757812,602580000.0
2024-02-14,73.0721307009838,74.10429279758857,71.81037331243682,73.76889038085938,504917000.0
2024-02-15,73.73793302512789,73.8437401296513,72.27153779440317,72.5290756225586,420122000.0
2024-02-16,73.9685224984471,74.2699886080868,72.37236058649458,72.48416137695312,495327000.0
2024-02-20,71.81934169951924,71.82832841143384,67.61381946264177,69.32877349853516,704833000.0
2024-02-21,67.8853441158395,68.7657830962581,66.1304674517911,67.352294921875,673755000.0
2024-02-22,74.8918837924214,78.43558041658676,74.08831180865685,78.39865112304688,865100000.0
2024-02-23,80.64665337566204,82.24780364536768,77.4323654765101,78.67715454101562,829388000.0
2024-02-26,79.55858308487059,80.5029113343283,78.36570371037314,78.95166778564453,503973000.0
2024-02-27,79.24014935736925,79.33898034064636,77.0250924240117,78.56135559082031,391705000.0
2024-02-28,77.48226929356848,78.79293534780788,76.98814490868608,77.52519226074219,393110000.0
2024-02-29,78.95367572984398,79.84808217607286,78.21099242072147,78.97164154052734,507289000.0
2024-03-01,79.85805518730493,82.15397732028299,79.29405523547015,82.13301086425781,479135000.0
2024-03-04,83.98072393894745,87.53940093463996,83.57045769196934,85.08576202392578,615616000.0
2024-03-05,85.12269695886387,85.94827183043155,83.27290109267872,85.81549835205078,520639000.0
2024-03-06,87.8699456446009,89.56900130568565,86.87965493223747,88.54676818847656,582520000.0
2024-03-07,90.00224735235656,92.60674140930558,89.44720809741612,92.5089111328125,608119000.0
2024-03-08,94.97364703765751,97.23174040772027,86.35655527181379,87.37679290771484,1142269000.0
2024-03-11,86.27969121669621,88.64359662209651,84.02060015441661,85.62582397460938,678364000.0
2024-03-12,87.89689583589372,91.80113493638854,86.0011743538899,91.75421905517578,668075000.0
2024-03-13,90.89771415316476,91.34593606356815,88.28223713442729,90.73100280761719,635713000.0
2024-03-14,89.42225831640668,90.48941185201531,86.45039611721776,87.79207611083984,602318000.0
2024-03-15,86.77982614282709,89.39130424407391,86.10799224334774,87.68525695800781,642086000.0
2024-03-18,90.2318598178106,92.24537384693531,86.93456418081807,88.30220031738281,668976000.0
2024-03-19,86.55023832171473,90.38760027113784,84.86316267130387,89.24358367919922,672171000.0
2024-03-20,89.64187768825083,90.25382534481801,88.07059918494765,90.21588897705078,479063000.0
2024-03-21,92.140557424416,92.48795583781609,90.24882671788191,91.27704620361328,480372000.0
2024-03-22,90.983542177901,94.61425987373234,90.67707334814835,94.12610626220703,586719000.0
2024-03-25,93.77871885813295,96.59883562555477,93.34846365413705,94.83788299560547,552136000.0
2024-03-26,95.68540977780971,96.20850660908965,92.34219634403308,92.40109252929688,513648000.0
2024-03-27,92.95114086525014,93.07891808960773,88.96903377539708,90.09408569335938,586067000.0
2024-03-28,89.8445328106342,91.14229021994063,89.03892762518525,90.19992065429688,435212000.0
2024-04-01,90.14301673764523,92.06568455405531,89.0499070749777,90.20690155029297,452441000.0
2024-04-02,88.295199136712,89.93835929549583,87.46863424504667,89.29747009277344,433064000.0
2024-04-03,88.33115901188768,90.21789372586332,88.24730447420946,88.8103256225586,370067000.0
2024-04-04,90.24981545155312,90.47742601324012,85.73163346290652,85.756591796875,434965000.0
2024-04-05,86.71593161708087,88.32814710111496,85.77756069682601,87.85596466064453,399678000.0
2024-04-08,88.54675414355297,88.67653442305598,86.5821594652945,86.98246765136719,283220000.0
2024-04-09,87.2909487172583,87.48361610941927,82.87858592167979,85.20655059814453,501700000.0
2024-04-10,83.78102010903869,87.24901778988773,83.56439211342133,86.88864135742188,431929000.0
2024-04-11,87.26898672835297,90.58225365038547,86.77584440203218,90.45946502685547,431637000.0
2024-04-12,89.54405551793229,90.0192388417283,87.37880342967303,88.0336685180664,426805000.0
2024-04-15,88.94408228829708,90.45646450816476,85.78055803275619,85.85243225097656,443077000.0
2024-04-16,86.28367890740496,87.96576550123054,85.91532070970885,87.26398468017578,370453000.0
2024-04-17,88.18738725935935,88.62164096734257,83.80497167986917,83.88983154296875,495400000.0
2024-04-18,84.82322924703969,86.04112311238843,82.2596642608018,84.52474212646484,447260000.0
2024-04-19,83.00637428065669,84.17834237736079,75.47540651529913,76.06837463378906,875198000.0
2024-04-22,77.9690792079323,79.93467971860302,76.26802794241385,79.3806381225586,596341000.0
2024-04-23,80.6294820720588,82.62602740194592,80.12535711810007,82.28062438964844,438559000.0
2024-04-24,83.80497344877082,83.93674919660243,79.0462101404743,79.53936004638672,512208000.0
2024-04-25,78.73175981196158,83.17906608261447,78.08787733468318,82.48926544189453,424641000.0
2024-04-26,83.67321658546781,88.17842147858853,83.2429613231266,87.58345031738281,551011000.0
2024-04-29,87.44368500312586,87.8399947565515,85.11870586410434,87.60540771484375,388971000.0
2024-04-30,87.08929643239856,88.66557118869024,86.15092540038592,86.25274658203125,363709000.0
2024-05-01,84.93002290842145,85.85142484392729,81.11461964994571,82.89753723144531,559863000.0
2024-05-02,84.30311392551386,86.08802721004574,83.05627099401435,85.66875457763672,377898000.0
2024-05-03,87.63734759857738,89.12676696706856,86.88964093377092,88.6356201171875,398341000.0
2024-05-06,89.23558536447402,92.06069859527176,88.90116496394158,91.9808349609375,376203000.0
2024-05-07,90.94063437830519,91.62245320483287,88.8572415302883,90.39757537841797,437342000.0
2024-05-08,89.32841761603471,91.03646035901207,89.26552291616532,90.25581359863281,325721000.0
2024-05-09,90.37260819958134,90.91466942223298,88.07858152551931,88.59368896484375,378013000.0
2024-05-10,90.14900450939767,91.24311191356409,89.07286375704587,89.72274017333984,335325000.0
2024-05-13,90.32168664844454,90.84079255928056,88.3760562473726,90.24282836914062,289680000.0
2024-05-14,89.44421267221655,91.49266969851776,88.78036057605543,91.19818115234375,296507000.0
2024-05-15,92.31225306463462,94.69812368698847,91.44076009123388,94.46652221679688,417735000.0
2024-05-16,94.74604213563502,95.65346838301872,93.94042944222824,94.19599151611328,323952000.0
2024-05-17,94.20597874528181,94.57633241179128,91.64740285082287,92.3192367553711,359691000.0
2024-05-20,93.58805245494568,95.03554461976276,93.27859039868353,94.61627197265625,318764000.0
2024-05-21,93.43731390021196,95.23520530836203,93.01903897023965,95.22122955322266,328946000.0
2024-05-22,95.29410365838704,95.8541316008462,93.08792212863494,94.78598022460938,548648000.0
2024-05-23,101.85175314144693,106.1363388077003,101.34462744914427,103.61969757080078,835065000.0
2024-05-24,104.26856517672162,106.29106630104066,102.82207077624999,106.28507995605469,429494000.0
2024-05-28,110.05355122917427,114.74044007562202,109.69317481392171,113.70423126220703,652728000.0
2024-05-29,112.8547051589029,115.29248024146612,110.70941556106891,114.62663269042969,557442000.0
2024-05-30,114.45194499585061,115.61892428256706,109.47356046717066,110.30911254882812,484553000.0
2024-05-31,112.32561724375552,112.52228313915187,106.75526253688238,109.44361114501953,613263000.0
2024-06-03,113.42473014133537,114.80134582519531,111.80952128063097,114.80134582519531,438392000.0
2024-06-04,115.51609997186799,116.39856789561996,113.84798144289938,116.23584747314453,403324000.0
2024-06-05,118.16652151115385,122.23747225440593,117.26508152569082,122.2284927368164,528402000.0
2024-06-06,123.83370517037008,125.3700480295792,118.11560338652608,120.78897857666016,664696000.0
2024-06-07,119.56309618694148,121.48178065904402,117.81812234412239,120.67916870117188,412386000.0
2024-06-10,120.16205248180556,122.8873318903164,116.80785658193525,121.57959747314453,313434100.0
2024-06-11,121.56963752755465,122.66783369220164,118.54462427746988,120.7110595703125,222551200.0
2024-06-12,122.85749488714337,126.67120854134929,122.3683033445049,124.99397277832031,299595000.0
2024-06-13,129.17707407207072,129.58640302855855,126.95074804505506,129.39671325683594,260704500.0
2024-06-14,129.7461556011969,132.62140615970972,128.10885485479358,131.66299438476562,309320400.0
2024-06-17,132.77118307637525,133.5099557271365,129.3667902512595,130.7644805908203,288504400.0
2024-06-18,130.92419196066484,136.10565359767494,130.47493553922533,135.3568878173828,294335100.0
2024-06-20,139.56994988249141,140.52836158741297,129.30686774302006,130.56478881835938,517768400.0
2024-06-21,126.91082285827493,130.41504917764772,124.09546355999291,126.36172485351562,649445800.0
2024-06-24,123.03719724453093,124.2551908621237,117.8457572795687,117.91564178466797,476060900.0
2024-06-25,121.00056940292565,126.29185160793926,119.12366557563713,125.88252258300781,414192600.0
2024-06-26,125.92245660772097,127.9091800288474,122.39826626608301,126.1920166015625,362975900.0
2024-06-27,123.8957921998042,126.2019962793405,122.71773358253314,123.78597259521484,252571700.0
2024-06-28,124.3750052910358,127.49985213027985,122.54801473015355,123.33671569824219,315516700.0
2024-07-01,123.26683813440599,124.6345790000873,118.63447360818265,124.09547424316406,284885500.0
2024-07-02,120.93068040128533,123.20693510758652,120.83084647254137,122.46814727783203,218374000.0
2024-07-03,121.45980705227005,128.06890869140625,121.16029766804549,128.06890869140625,215749000.0
2024-07-05,127.17039258704797,128.63798252741702,125.47319299554034,125.6229476928711,214176700.0
2024-07-08,127.28018305804686,130.5547914439997,126.8309266857232,127.989013671875,237677300.0
2024-07-09,130.1355144487565,133.59980576329167,128.43829962119838,131.163818359375,285366600.0
2024-07-10,133.80946190177127,134.87770860466375,132.20211043348235,134.68801879882812,248978600.0
2024-07-11,135.52662745493282,135.92596317348227,126.84094609019272,127.19036865234375,374782700.0
2024-07-12,128.04894535138322,131.70292655352904,127.01066335258953,129.02734375,252680500.0
2024-07-15,130.34517510581753,131.17381125800816,126.97073927484084,128.22866821289062,208326200.0
2024-07-16,128.2286636887716,128.82766729187324,124.37501443079199,126.15208435058594,214769500.0
2024-07-17,121.15030105949809,121.64947824360549,116.52792307672573,117.79582977294922,390086200.0
2024-07-18,121.64948329559192,122.19858126764932,116.36818755438776,120.89073181152344,320979500.0
2024-07-19,120.15196272062997,121.39990584738524,117.176870571876,117.73594665527344,217223800.0
2024-07-22,120.15196240961751,123.86584236392231,119.66277083791101,123.33671569824219,258068900.0
2024-07-23,122.57797258109629,124.48483346113822,121.8990911705108,122.3882827758789,173911000.0
2024-07-24,118.97389059155238,119.75260579550876,113.25332421366394,114.0619888305664,327776900.0
2024-07-25,112.85399693651604,116.43808604158575,106.12508953993542,112.09524536132812,460067000.0
2024-07-26,115.99880916186419,116.00878722251285,111.3963944118867,112.87395477294922,293399100.0
2024-07-29,113.50293033164324,116.0886649396649,111.11686358531041,111.40637969970703,248152100.0
2024-07-30,111.33648541055072,111.80571322284378,102.37126667488353,103.55931091308594,486833300.0
2024-07-31,112.71422275560462,118.14526596856572,110.6975424326974,116.82743835449219,473174200.0
2024-08-01,117.33660563582859,119.9622829008677,106.63424395188704,109.0302963256836,523462300.0
2024-08-02,103.58926418951675,108.54110155423277,101.20319756374683,107.0934829711914,482027500.0
2024-08-05,91.90851250035082,103.239842127859,90.5407717150732,100.28470611572266,552842400.0
2024-08-06,103.6691316762756,107.5327664843651,100.38455194570304,104.07846069335938,409012100.0
2024-08-07,107.6325946135043,108.62097103799087,98.52760658313275,98.74724578857422,411440400.0
2024-08-08,101.83216509669424,105.32640605589452,97.3595333175079,104.79727935791016,391910000.0
2024-08-09,105.46617163856445,106.42459107060563,103.2598090475883,104.57763671875,290844200.0
2024-08-12,106.14504508504662,110.88722873441804,106.08514625528547,108.8405990600586,325559900.0
2024-08-13,112.25497470709487,116.03873891622582,111.39638928672005,115.94888305664062,312646700.0
2024-08-14,118.33496052966188,118.40484504167927,113.88230026594151,117.88570404052734,339246400.0
2024-08-15,118.56457753138926,123.03720123653866,117.27669936691132,122.65782928466797,318086700.0
2024-08-16,121.73935978002291,124.79432235385619,120.98060816739599,124.37501525878906,302589900.0
2024-08-19,124.07551257525068,129.78610229492188,123.21692698149081,129.78610229492188,318333600.0
2024-08-20,128.18871285893894,129.6662885004724,125.68284852553639,127.04061126708984,300087400.0
2024-08-21,127.11048517418402,129.13715105648026,126.45157521398528,128.28854370117188,257883600.0
2024-08-22,129.80606530219129,130.53485987199215,122.89744589722252,123.53639221191406,376189100.0
2024-08-23,125.65288601497598,129.38673697357257,125.01393980516215,129.1571044921875,323230300.0
2024-08-26,129.3567902083498,131.04399639094717,124.16534262628207,126.25189971923828,331964700.0
2024-08-27,124.84423039602758,128.98739538212007,123.6761498691349,128.08888244628906,303134600.0
2024-08-28,127.90916927864866,128.11883041927797,122.4381910717034,125.40330505371094,448101100.0
2024-08-29,121.16030028839229,124.22524823697073,116.51795043355128,117.39649963378906,453023300.0
2024-08-30,119.33331674975315,121.54966504357485,117.02712020356385,119.173583984375,333751600.0
2024-09-03,115.81910218205195,116.01877002584149,107.11345013644421,107.82228088378906,477155100.0
2024-09-04,105.23655349888746,113.0836130103624,103.94867525541761,106.03523254394531,372470300.0
2024-09-05,104.817243866478,109.4695798052194,104.58762658147727,107.0335922241211,306850700.0
2024-09-06,107.86221523834789,107.97203483673319,100.78387825686288,102.6607894897461,413638100.0
2024-09-09,104.7074122640328,106.37466998895037,103.5193756446925,106.2947998046875,273912000.0
2024-09-10,107.63258020585863,109.21996758561849,104.77728615100841,107.92210388183594,268283700.0
2024-09-11,109.20999122026392,116.99715887318843,107.24323176128858,116.71762084960938,441422400.0
2024-09-12,116.6577172050991,120.60155948017247,115.19999582839206,118.95413208007812,366052700.0
2024-09-13,118.89421149690212,119.77283576592933,117.41651726252482,118.91417694091797,238358300.0
2024-09-16,116.60778773961486,117.9956184829638,114.18157866716109,116.5978012084961,248772300.0
2024-09-17,117.98564481894722,118.61466685067687,114.65085910577872,115.40966796875,231925900.0
2024-09-18,115.70919560695407,117.51636932909096,113.04336298957726,113.19313049316406,310318900.0
2024-09-19,117.16691844656921,119.47331975028854,117.06707598202318,117.68611145019531,293506400.0
2024-09-20,116.87736694059126,118.43493829364436,115.2099742116256,115.81902313232422,382462400.0
2024-09-23,116.36817703420066,116.80748542405605,114.68081111279044,116.07862854003906,206228500.0
2024-09-24,116.33820757520982,121.60997636399935,115.19998675947464,120.68142700195312,354966800.0
2024-09-25,121.82963321276459,124.74508350925583,121.42027681497308,123.31731414794922,284692900.0
2024-09-26,126.6021852727835,127.47082313052574,121.609985658202,123.84648895263672,302582900.0
2024-09-27,123.77659196922,123.83649592385486,119.07394109309165,121.21060180664062,271009200.0
2024-09-30,118.12541998168962,121.31044564232414,117.96567356169257,121.25054168701172,226553700.0
2024-10-01,121.58002164337385,122.24898215671047,115.60935538711523,116.81746673583984,302094500.0
2024-10-02,116.25834508658102,119.19375323018366,114.96037016184738,118.66458129882812,221845900.0
2024-10-03,120.73135113827638,124.16598683922703,120.15225416683853,122.65834045410156,277118000.0
2024-10-04,124.74507834860822,124.84492081095192,121.63992977952229,124.72510528564453,243678100.0
2024-10-07,124.79500006476454,130.43618698242878,124.7550615549546,127.52074432373047,346250200.0
2024-10-08,130.0567614433445,133.27173878303944,129.21807567689768,132.6826629638672,285722500.0
2024-10-09,133.9007832398008,134.31014727855833,131.1750464230449,132.44305419921875,246191600.0
2024-10-10,131.70421594134592,134.7893916948541,130.79563194093248,134.5996856689453,242311300.0
2024-10-11,133.80093033986074,135.5681732923908,133.4514855032485,134.58970642089844,170209500.0
2024-10-14,136.2570891265267,139.3822107684187,136.0873561782587,137.85459899902344,232347700.0
2024-10-15,137.654906403531,138.3538265330219,128.5391603262797,131.3946990966797,377831000.0
2024-10-16,133.7709943416651,136.4068754782255,131.37474430296882,135.50828552246094,264879700.0
2024-10-17,139.1225979422057,140.67018267771826,136.6564504197718,136.7163543701172,306435900.0
2024-10-18,138.45366668655112,138.6833036103306,137.06583575895257,137.7847137451172,176090200.0
2024-10-21,137.91449801128798,143.4857940673828,137.78469595874105,143.4857940673828,264554500.0
2024-10-22,142.6870654207542,144.19470435057536,141.55882333477078,143.36599731445312,226311600.0
2024-10-23,141.80841766733155,142.20778753302577,137.24555525009052,139.34226989746094,285930000.0
2024-10-24,140.6003124972593,141.12948441968888,138.2439937495604,140.19094848632812,172354900.0
2024-10-25,140.71013437273555,143.90515439009727,140.5803475394567,141.31918334960938,205122100.0
2024-10-28,142.77690797567064,142.9166889544992,139.83151327072179,140.30078125,173586700.0
2024-10-29,140.0711235834401,142.0380513591214,138.68329276437913,141.02963256835938,157593600.0
2024-10-30,139.32230457284558,140.11108066863528,136.59656776236113,139.12261962890625,179418100.0
2024-10-31,137.38534807029694,137.39532698555524,131.9039070664443,132.55288696289062,270039600.0
2024-11-01,134.4898615442038,137.09579048755296,134.36007470728345,135.1887664794922,207127800.0
2024-11-04,136.9959472521015,138.74321710094807,135.3585064031532,135.83775329589844,187528200.0
2024-11-05,137.23555788662173,140.151000495864,137.11574997671616,139.6917266845703,160537400.0
2024-11-06,142.73698322061895,146.2614750565614,141.73854326176877,145.38284301757812,242043900.0
2024-11-07,146.1616297903136,148.69766066609404,145.9419717733186,148.6477508544922,207323300.0
2024-11-08,148.5378942315628,149.53633403774526,146.03180056765603,147.39967346191406,175665800.0
2024-11-11,148.44803352101476,148.6177817068004,143.3460203778287,145.0333709716797,182325600.0
2024-11-12,146.55098572515575,149.41650294104454,145.78218284955818,148.05862426757812,198634700.0
2024-11-13,148.83744386134128,149.09703275189045,145.6723759576151,146.04180908203125,191903300.0
2024-11-14,147.40968372724925,148.76756276185756,145.32294774490563,146.5310516357422,194463300.0
2024-11-15,144.64398997756967,145.0134231170618,139.86146934373124,141.7584991455078,250132900.0
2024-11-18,139.28235565663965,141.32916034590224,136.93601597273187,139.93133544921875,221205300.0
2024-11-19,141.09954425974988,146.90047806374457,140.77005724054902,146.78065490722656,227834900.0
2024-11-20,147.18003223590216,147.32979212988033,142.50732548898966,145.6623992919922,309871700.0
2024-11-21,149.11701974284432,152.65149063112756,140.4805046221909,146.44119262695312,400946600.0
2024-11-22,145.7023485163706,146.93044074143577,140.87989650374584,141.7285614013672,236406200.0
2024-11-25,141.76850367966702,141.82840764316592,135.60813059509965,135.8078155517578,344941900.0
2024-11-26,137.4851722903331,139.08268223719327,135.45834049580736,136.70639038085938,190287700.0
2024-11-27,134.7993582371888,137.00591700209634,131.59437486042492,135.12884521484375,226370900.0
2024-11-29,136.56662423239774,139.13262238748922,135.837767286179,138.03433227539062,141863200.0
2024-12-02,138.6134117376161,140.23087948399635,137.60499293345052,138.41372680664062,171682800.0
2024-12-03,138.04430354930304,140.32074544201365,137.73478959893222,140.0411834716797,164414000.0
2024-12-04,141.77845844597738,145.56253876730494,140.07111960214385,144.91355895996094,231224300.0
2024-12-05,144.89361745373108,146.3214777724878,143.7353435501018,144.84368896484375,172621200.0
2024-12-06,144.38436733563313,145.4827177885172,141.09926510716357,142.2275848388672,188505600.0
2024-12-09,138.76274660606958,139.74128080496888,136.92549436926976,138.6029815673828,189308600.0
2024-12-10,138.80267178561354,141.6084936848826,133.59045579547387,134.86856079101562,210020900.0
2024-12-11,137.15514511831444,139.9609519122756,135.00835767243856,139.10223388671875,184905200.0
2024-12-12,136.8755708420711,138.23354324797214,135.59748095840345,137.1351776123047,159211400.0
2024-12-13,138.7327975455873,139.39181692680097,132.34233289302693,134.04978942871094,231514900.0
2024-12-16,133.9798724705664,134.19954557462145,130.2254857362255,131.80313110351562,237951100.0
2024-12-17,128.89747709842524,131.39374870651014,126.67080709010266,130.19554138183594,259410300.0
2024-12-18,133.6603731199009,136.49613412730267,128.08869283192976,128.71775817871094,277444500.0
2024-12-19,131.56348324328064,133.8301019554315,129.35678784338916,130.48509216308594,209719200.0
2024-12-20,129.61640819653473,135.07825184796977,128.02878306565836,134.49911499023438,306528600.0
2024-12-23,136.0767567466981,139.58151660116854,134.91848306333998,139.46170043945312,176053500.0
2024-12-24,139.79122163679293,141.6883821217358,138.44322876231024,140.01089477539062,105157000.0
2024-12-26,139.49166074428362,140.63995487774488,137.52459740894255,139.7213134765625,116205600.0
2024-12-27,138.3433913393573,138.81269167406333,134.50912136885398,136.80567932128906,170582600.0
2024-12-30,134.628906293037,140.060795108374,133.82011682531788,137.28494262695312,167734700.0
2024-12-31,137.82416524884428,137.8641141320975,133.63043143330796,134.08973693847656,155659200.0
