Date,Open,High,Low,Close,Volume
2015-01-02,24.627203,24.638258,23.734000,24.171759,212818400
2015-01-05,23.941824,24.021417,23.305086,23.490801,257142000
2015-01-06,23.554911,23.751680,23.132628,23.493006,263188400
2015-01-07,23.700839,23.921929,23.590294,23.822439,160423600
2015-01-08,24.149651,24.795233,24.032472,24.737749,237458000
2015-01-09,24.910197,25.038429,24.366316,24.764278,214798000
2015-01-12,24.894717,24.901349,24.054576,24.154066,198603200
2015-01-13,24.636037,24.938931,24.078892,24.368519,268367600
2015-01-14,24.107642,24.428222,23.988253,24.275671,195826400
2015-01-15,24.319885,24.333150,23.581446,23.616819,240056000
2015-01-16,23.663253,23.784853,23.258658,23.433319,314053200
2015-01-20,23.842336,24.092168,23.546076,24.036896,199599600
2015-01-21,24.087737,24.554237,23.937396,24.220392,194303600
2015-01-22,24.377368,24.865976,24.257979,24.850500,215185600
2015-01-23,24.828392,25.148972,24.658152,24.978733,185859200
2015-01-26,25.146764,25.283840,24.938940,25.005266,222460000
2015-01-27,24.854922,24.868188,24.105427,24.129747,382274800
2015-01-28,26.006802,26.115137,25.493874,25.493874,585908400
2015-01-29,25.717172,26.351701,25.549143,26.287584,337745600
2015-01-30,26.177046,26.530790,25.834356,25.902895,334982000
2015-02-02,26.099663,26.347283,25.664116,26.227894,250956400
2015-02-03,26.199153,26.329595,26.002383,26.232317,207662800
2015-02-04,26.199153,26.643544,26.157146,26.433508,280598800
2015-02-05,26.639931,26.686545,26.469021,26.622175,168984800
2015-02-06,26.639931,26.690983,26.291450,26.397993,174826400
2015-02-09,26.313651,26.599982,26.287015,26.573347,155559200
2015-02-10,26.673226,27.112713,26.671008,27.083857,248034000
2015-02-11,27.250329,27.727549,27.190400,27.718670,294247200
2015-02-12,27.980585,28.295773,27.871824,28.069370,297898000
2015-02-13,28.251381,28.251381,27.889583,28.206989,217088800
2015-02-17,28.297993,28.606522,28.171474,28.373461,252609600
2015-02-18,28.329071,28.584328,28.289117,28.571011,179566800
2015-02-19,28.517733,28.639813,28.484440,28.511074,149449600
2015-02-20,28.548805,28.744133,28.422288,28.744133,195793600
2015-02-23,28.859558,29.521006,28.779652,29.521006,283896400
2015-02-24,29.507685,29.654181,29.114810,29.336773,276912400
2015-02-25,29.201383,29.210263,28.444490,28.586546,298846800
2015-02-26,28.586545,29.048228,28.102669,28.948345,365150000
2015-02-27,28.855117,28.981637,28.464464,28.513296,248059200
2015-03-02,28.688641,28.917262,28.477777,28.653126,192386800
2015-03-03,28.624279,28.748577,28.431169,28.713062,151265200
2015-03-04,28.655355,28.757456,28.482225,28.531054,126665200
2015-03-05,28.539929,28.577663,27.913995,28.058271,226068400
2015-03-06,28.499972,28.715276,28.024975,28.100441,291368400
2015-03-09,28.402310,28.759671,27.758618,28.220301,354114000
2015-03-10,28.058276,28.238065,27.478954,27.636547,275426400
2015-03-11,27.689815,27.694253,27.103834,27.132689,275756000
2015-03-12,27.148223,27.723106,26.997288,27.623222,193450800
2015-03-13,27.612131,27.834094,27.208160,27.432341,207309200
2015-03-16,27.496713,27.734213,27.272532,27.734213,143497200
2015-03-17,27.945072,28.260258,27.889581,28.198109,204092400
2015-03-18,28.189224,28.668663,28.049388,28.515509,261083600
2015-03-19,28.577662,28.688643,28.278013,28.300209,183238000
2015-03-20,28.466686,28.499979,27.780822,27.945074,274780400
2015-03-23,28.215864,28.377896,28.082685,28.235840,150838800
2015-03-24,28.240286,28.420073,28.091570,28.120426,131369200
2015-03-25,28.087131,28.149280,27.385729,27.385729,206620800
2015-03-26,27.248109,27.718668,27.212594,27.576612,190291600
2015-03-27,27.649863,27.678717,27.281406,27.356873,158184800
2015-03-30,27.534440,28.056051,27.523341,28.049393,188398800
2015-03-31,27.987243,28.076028,27.603249,27.618786,168362400
2015-04-01,27.705351,27.771941,27.323575,27.578833,162485600
2015-04-02,27.751966,27.869606,27.565519,27.816336,128880400
2015-04-06,27.627671,28.302437,27.596596,28.266922,148776000
2015-04-07,28.331290,28.437831,27.962833,27.969492,140049200
2015-04-08,27.933970,28.056050,27.738643,27.878479,149316800
2015-04-09,27.933979,28.096012,27.669844,28.091572,129936000
2015-04-10,27.956172,28.235846,27.803019,28.211430,160752000
2015-04-13,28.493308,28.537703,28.102655,28.155926,145460400
2015-04-14,28.189223,28.253592,27.947285,28.033850,102098400
2015-04-15,28.058271,28.218083,27.969486,28.140396,115881600
2015-04-16,28.029409,28.211419,27.991676,28.004993,113476000
2015-04-17,27.867378,27.998335,27.625439,27.689808,207828000
2015-04-20,27.871825,28.437828,27.783040,28.322409,188217200
2015-04-21,28.433392,28.455586,28.115984,28.169256,129740400
2015-04-22,28.187005,28.604294,28.038291,28.548803,150618000
2015-04-23,28.477781,28.948340,28.442266,28.781868,183083600
2015-04-24,28.963879,28.994953,28.684204,28.917265,178103600
2015-04-27,29.367840,29.549850,29.110362,29.443306,387816800
2015-04-28,29.845071,29.862825,28.759675,28.979416,475696000
2015-04-29,28.890639,29.208044,28.477789,28.553255,253544400
2015-04-30,28.553249,28.553249,27.652082,27.778601,332781600
2015-05-01,27.989462,28.883972,27.811894,28.622055,234050400
2015-05-04,28.744137,28.981639,28.468902,28.566566,203953200
2015-05-05,28.444482,28.511072,27.918432,27.922873,197085600
2015-05-06,28.091567,28.133740,27.381288,27.747526,288564000
2015-05-07,27.809936,28.101923,27.642769,27.919153,175763600
2015-05-08,28.235651,28.445168,28.108604,28.445168,222201600
2015-05-11,28.393904,28.431795,28.001618,28.155413,168143200
2015-05-12,27.994932,28.280230,27.821078,28.055113,192640000
2015-05-13,28.117527,28.349333,28.055118,28.086323,138776800
2015-05-14,28.398363,28.741611,28.342641,28.741611,180814000
2015-05-15,28.768366,28.861979,28.576680,28.701498,152832000
2015-05-18,28.614564,29.136125,28.610106,29.017994,203531600
2015-05-19,29.129443,29.171793,28.895409,28.991253,178532800
2015-05-20,28.975648,29.194079,28.828541,28.989021,145819600
2015-05-21,28.991247,29.338954,28.937752,29.285460,158921600
2015-05-22,29.332267,29.637625,29.287687,29.541780,182384000
2015-05-26,29.555157,29.624252,28.779499,28.890944,282790400
2015-05-27,29.051424,29.479372,28.986788,29.430336,183332800
2015-05-28,29.390226,29.410285,29.220831,29.372395,122933200
2015-05-29,29.249796,29.298832,28.953352,29.038052,203538000
2015-06-01,29.038058,29.285466,28.986795,29.096008,128451200
2015-06-02,28.944440,29.122752,28.824081,28.966730,134670400
2015-06-03,29.122756,29.185165,28.953358,29.002394,123934000
2015-06-04,28.882032,29.104922,28.732697,28.832996,153800400
2015-06-05,28.864199,28.906549,28.610105,28.674742,142507200
2015-06-08,28.730465,28.799564,28.269085,28.485289,210699200
2015-06-09,28.240106,28.547695,27.999387,28.400587,224301600
2015-06-10,28.512034,28.828537,28.496432,28.726009,156349200
2015-06-11,28.792875,29.015765,28.636853,28.661371,141563600
2015-06-12,28.572222,28.603426,28.331501,28.344873,147544800
2015-06-15,28.106375,28.360469,28.019448,28.289145,175955600
2015-06-16,28.313663,28.496432,28.166557,28.440710,125976400
2015-06-17,28.467457,28.503119,28.249025,28.373844,131672400
2015-06-18,28.358242,28.598961,28.356012,28.503119,141628800
2015-06-19,28.465231,28.489749,28.173246,28.217823,218867600
2015-06-22,28.416194,28.543241,28.324810,28.442942,136157200
2015-06-23,28.413957,28.442932,28.280222,28.313656,121075600
2015-06-24,28.353785,28.931070,28.333726,28.554386,221123600
2015-06-25,28.721551,28.797332,28.418421,28.418421,127752400
2015-06-26,28.456309,28.527634,28.197758,28.251251,176267200
2015-06-29,27.963727,28.188846,27.745296,27.756439,196645600
2015-06-30,27.988239,28.110829,27.829988,27.957035,177482800
2015-07-01,28.284691,28.293606,28.081860,28.217823,120955200
2015-07-02,28.179928,28.237880,28.032820,28.182158,108844000
2015-07-06,27.847825,28.135353,27.827764,28.084087,112241600
2015-07-07,28.059575,28.117527,27.587048,28.014997,187787200
2015-07-08,27.745298,27.780960,27.312892,27.319578,243046400
2015-07-09,27.604880,27.651687,26.572902,26.762358,314380000
2015-07-10,27.179158,27.604876,27.016448,27.477829,245418000
2015-07-13,27.867883,28.030593,27.709632,28.008305,165762000
2015-07-14,28.093001,28.166555,27.870111,27.997158,127072400
2015-07-15,28.021688,28.340421,27.990484,28.266867,134596800
2015-07-16,28.471910,28.656910,28.384983,28.643534,144889600
2015-07-17,28.770585,28.890944,28.598959,28.890944,184658800
2015-07-20,29.191851,29.637630,29.131670,29.437031,235600800
2015-07-21,29.610880,29.626481,29.046970,29.142811,307025600
2015-07-22,27.190304,27.972647,27.190304,27.910238,461802400
2015-07-23,28.128668,28.327039,27.874574,27.896864,203998000
2015-07-24,27.932525,28.026138,27.616022,27.749756,168649200
2015-07-27,27.435476,27.551379,27.219274,27.364151,177822000
2015-07-28,27.500124,27.618257,27.315127,27.500124,134472400
2015-07-29,27.448848,27.526859,27.252704,27.413185,148046800
2015-07-30,27.263854,27.319577,27.127892,27.275000,134513200
2015-07-31,27.326264,27.335180,26.949582,27.036509,171540000
2015-08-03,27.081090,27.319581,26.193988,26.399048,279904000
2015-08-04,26.171698,26.234107,25.242248,25.552065,496554400
2015-08-05,25.175382,26.176157,24.985926,25.721462,397250400
2015-08-06,25.965509,26.084175,25.551297,25.777433,211612000
2015-08-07,25.654290,26.028200,25.636378,25.864754,154681600
2015-08-10,26.090889,26.865578,26.090889,26.805126,219806400
2015-08-11,26.377486,26.460329,25.374421,25.410244,388331200
2015-08-12,25.195298,25.842365,24.545992,25.802063,404870000
2015-08-13,25.981179,26.061783,25.645332,25.781910,194143200
2015-08-14,25.596079,26.041636,25.526671,25.963272,171718000
2015-08-17,25.981182,26.341659,25.860277,26.231949,163538800
2015-08-18,26.068502,26.294640,25.974465,26.084175,138242800
2015-08-19,25.994609,26.088646,25.676674,25.750561,193146000
2015-08-20,25.542339,25.602791,24.993787,25.222164,274006400
2015-08-21,24.725110,25.054241,23.654875,23.679504,513102000
2015-08-24,21.241252,24.360159,20.598663,23.088415,648825200
2015-08-25,24.877363,24.877363,23.173495,23.227230,414406400
2015-08-26,23.977288,24.604204,23.520537,24.559425,387098400
2015-08-27,25.128129,25.354265,24.633312,25.282618,338464400
2015-08-28,25.114691,25.369935,24.973635,25.365458,212657600
2015-08-31,25.083349,25.643095,25.076632,25.246796,224917200
2015-09-01,24.662421,25.049764,24.037744,24.118347,307383600
2015-09-02,24.680335,25.152760,24.434045,25.152760,247555200
2015-09-03,25.186343,25.251274,24.637793,24.711679,212935600
2015-09-04,24.398211,24.729580,24.295218,24.465380,199985200
2015-09-08,25.020655,25.202013,24.700481,25.146038,219374400
2015-09-09,25.470694,25.528906,24.577338,24.662420,340043200
2015-09-10,24.689289,25.363224,24.606447,25.204256,251571200
2015-09-11,25.029613,25.571447,25.022897,25.571447,199662000
2015-09-14,26.102090,26.171498,25.716984,25.817738,233453600
2015-09-15,25.956550,26.090889,25.618463,26.034914,173364800
2015-09-16,26.028194,26.093124,25.846836,26.064018,148694000
2015-09-17,25.896098,26.081933,25.461735,25.506514,256450400
2015-09-18,25.123646,25.591595,25.047521,25.401279,297141200
2015-09-21,25.450538,25.831166,25.448300,25.795341,200888000
2015-09-22,25.385610,25.564730,25.193057,25.390089,201384800
2015-09-23,25.441586,25.685637,25.367701,25.596077,143026800
2015-09-24,25.356507,25.860278,25.159477,25.748329,200878000
2015-09-25,26.070739,26.126713,25.528903,25.683393,224607600
2015-09-28,25.490840,25.652047,25.175144,25.175144,208436000
2015-09-29,25.262464,25.414715,24.149688,24.418365,293461600
2015-09-30,24.666895,24.973637,24.344482,24.696003,265892000
2015-10-01,24.420615,24.543760,24.026553,24.534803,255716400
2015-10-02,24.183282,24.854978,24.080289,24.713921,232079200
2015-10-05,24.601965,24.935575,24.420608,24.803474,208258800
2015-10-06,24.769885,25.018413,24.577332,24.922136,192787200
2015-10-07,25.018417,25.025133,24.496735,24.803474,187062400
2015-10-08,24.671376,24.671376,24.228056,24.516886,247918400
2015-10-09,24.628837,25.139325,24.514648,25.103502,211064400
2015-10-12,25.240086,25.244563,24.951257,24.987080,121868800
2015-10-13,24.812428,25.177382,24.781082,25.029610,132197200
2015-10-14,24.917665,24.969160,24.530319,24.675854,177849600
2015-10-15,24.837062,25.099023,24.738547,25.045288,150694000
2015-10-16,25.027375,25.076633,24.747502,24.861691,156930400
2015-10-19,24.807952,25.020655,24.653462,25.016178,119036800
2015-10-20,24.928856,25.562489,24.812429,25.472929,195871200
2015-10-21,25.524433,25.878193,25.457262,25.470697,167180800
2015-10-22,25.598313,25.860273,25.546815,25.860273,166616400
2015-10-23,26.128959,26.695424,26.046118,26.661839,237467600
2015-10-26,26.437934,26.449128,25.730414,25.811018,265335200
2015-10-27,25.837887,26.093131,25.522189,25.647573,279537600
2015-10-28,26.180447,26.711087,25.985655,26.704369,342205600
2015-10-29,26.576748,27.022307,26.480472,26.986483,204909200
2015-10-30,27.089485,27.140982,26.744681,26.755877,197461200
2015-11-02,27.046940,27.172323,26.780500,27.132021,128813200
2015-11-03,27.044698,27.649224,27.024547,27.443237,182076000
2015-11-04,27.568623,27.723114,27.230538,27.315619,179544400
2015-11-05,27.398810,27.587691,27.023300,27.189693,158210800
2015-11-06,27.232416,27.389815,27.122236,27.221172,132169200
2015-11-09,27.198692,27.389820,26.994073,27.110998,135485600
2015-11-10,26.285771,26.548853,26.096890,26.256538,236511600
2015-11-11,26.166593,26.402691,25.905758,26.108130,180872000
2015-11-12,26.141856,26.267776,26.004694,26.020433,130102400
2015-11-13,25.903513,25.986710,25.244682,25.260422,183249600
2015-11-16,25.044558,25.687649,24.959113,25.674158,152426800
2015-11-17,25.840551,25.869784,25.480781,25.563978,110467600
2015-11-18,26.029434,26.418435,25.970971,26.373465,186698800
2015-11-19,26.452167,26.926615,26.254294,26.708504,173183200
2015-11-20,26.802943,26.964840,26.724243,26.825430,137148400
2015-11-23,26.818684,26.922119,26.384710,26.476902,129930000
2015-11-24,26.382460,26.836671,26.335241,26.730988,171212800
2015-11-25,26.805191,26.809689,26.515125,26.539860,85553200
2015-11-27,26.598319,26.625302,26.443167,26.490387,52185600
2015-11-30,26.530871,26.850170,26.476906,26.600578,156721200
2015-12-01,26.701756,26.715246,26.276776,26.384706,139409600
2015-12-02,26.384706,26.557847,26.101388,26.146358,133546400
2015-12-03,26.207079,26.261044,25.683162,25.903521,166278000
2015-12-04,25.923756,26.814190,25.883282,26.764721,231108000
2015-12-07,26.753472,26.951346,26.490388,26.596071,128336800
2015-12-08,26.425183,26.668029,26.276779,26.584833,137238000
2015-12-09,26.452166,26.463409,25.876532,25.997955,185445600
2015-12-10,26.092399,26.294771,25.973225,26.121630,116850800
2015-12-11,25.901262,25.946232,25.375096,25.449299,187544800
2015-12-14,25.224443,25.336871,24.687035,25.291901,257274800
2015-12-15,25.170482,25.363859,24.812959,24.844439,213292400
2015-12-16,24.974854,25.181722,24.464429,25.035564,224954000
2015-12-17,25.188465,25.240183,24.504902,24.504902,179091200
2015-12-18,24.489161,24.626322,23.792103,23.841572,385813200
2015-12-21,24.122645,24.142883,23.738140,24.133888,190362400
2015-12-22,24.149626,24.221580,23.936011,24.111401,131157600
2015-12-23,24.120396,24.475670,24.104656,24.421705,130629600
2015-12-24,24.509394,24.509394,24.273294,24.291283,54281600
2015-12-28,24.192354,24.214841,23.875306,24.019215,106816800
2015-12-29,24.050689,24.606085,24.028203,24.450933,123724800
2015-12-30,24.414963,24.441945,24.100163,24.131643,100855200
2015-12-31,24.061938,24.066434,23.569500,23.668438,163649200
2016-01-04,23.072567,23.693173,22.935405,23.688675,270597600
2016-01-05,23.778622,23.801107,23.027600,23.095057,223164000
2016-01-06,22.611609,23.018602,22.456459,22.643089,273829600
2016-01-07,22.188878,22.514920,21.682950,21.687447,324377600
2016-01-08,22.159647,22.285567,21.757153,21.802124,283192000
2016-01-11,22.254091,22.274327,21.887573,22.155153,198957600
2016-01-12,22.609362,22.640842,22.224856,22.476696,196616800
2016-01-13,22.557642,22.753268,21.878575,21.898811,249758400
2016-01-14,22.026982,22.593622,21.527799,22.377758,252680400
2016-01-15,21.631230,21.970765,21.442351,21.840347,319335600
2016-01-19,22.128172,22.182137,21.473838,21.734673,212350800
2016-01-20,21.383894,22.078703,21.006134,21.763903,289337600
2016-01-21,21.824607,22.008990,21.347912,21.653717,208646000
2016-01-22,22.177632,22.813978,22.119171,22.804983,263202000
2016-01-25,22.827465,22.829714,22.308046,22.359764,207178000
2016-01-26,22.469950,22.683563,22.051716,22.483440,300308000
2016-01-27,21.595258,21.727923,20.988143,21.006132,533478800
2016-01-28,21.089324,21.253469,20.774524,21.156780,222715200
2016-01-29,21.314187,21.887571,21.215250,21.887571,257666000
2016-02-01,21.691942,21.745907,21.451345,21.682947,163774000
2016-02-02,21.455850,21.595262,21.199513,21.244486,149428800
2016-02-03,21.361410,21.775146,21.154542,21.664967,183857200
2016-02-04,21.671748,22.004082,21.520277,21.839045,185886800
2016-02-05,21.820949,21.911380,21.181152,21.255756,185672400
2016-02-08,21.054550,21.635568,21.034204,21.479576,216085600
2016-02-09,21.316804,21.689832,21.235416,21.475058,177324800
2016-02-10,21.685308,21.782521,21.273848,21.312281,169374400
2016-02-11,21.203760,21.414012,20.932467,21.183413,200298800
2016-02-12,21.294192,21.364276,21.027421,21.248976,161405600
2016-02-16,21.481838,21.895559,21.389147,21.848083,196231600
2016-02-17,21.854871,22.203030,21.737312,22.182684,179452800
2016-02-18,22.345456,22.356760,21.723744,21.762178,156084000
2016-02-19,21.703391,21.875210,21.658177,21.712435,141496800
2016-02-22,21.773472,21.906859,21.685302,21.902336,137123200
2016-02-23,21.793826,21.816433,21.375584,21.407234,127770400
2016-02-24,21.246720,21.789303,21.097508,21.726002,145022800
2016-02-25,21.714697,21.875212,21.533835,21.875212,110330800
2016-02-26,21.974685,22.160068,21.834519,21.909124,115964400
2016-02-29,21.897815,22.207541,21.850339,21.859383,140865200
2016-03-01,22.076424,22.781784,22.024426,22.727526,201628400
2016-03-02,22.723002,22.808910,22.526314,22.777260,132678400
2016-03-03,22.738825,22.994291,22.709434,22.946815,147822800
2016-03-04,23.143502,23.455487,22.917425,23.288191,184220400
2016-03-07,23.148022,23.247496,22.824731,23.030462,143315600
2016-03-08,22.784045,23.005602,22.698137,22.840565,126247600
2016-03-09,22.903862,22.964904,22.668742,22.860909,108806800
2016-03-10,22.926467,23.114110,22.641610,22.872208,134054400
2016-03-11,23.114113,23.123156,22.946816,23.118635,109632800
2016-03-14,23.039514,23.265591,23.010123,23.177420,100304400
2016-03-15,23.502965,23.778779,23.478096,23.643133,160270800
2016-03-16,23.649917,24.034248,23.645395,23.957382,153214000
2016-03-17,23.855642,24.070416,23.729040,23.918945,137682800
2016-03-18,24.041029,24.077202,23.781042,23.946077,176820800
2016-03-21,23.948344,24.337196,23.769743,23.943823,142010800
2016-03-22,23.794608,24.255806,23.785565,24.126942,129777600
2016-03-23,24.072676,24.206060,23.941551,23.993547,102814000
2016-03-24,23.844344,24.020684,23.713219,23.889559,104532000
2016-03-28,23.964162,24.007117,23.751649,23.781040,77645600
2016-03-29,23.713216,24.368840,23.710955,24.343971,124760400
2016-03-30,24.563270,24.963425,24.551965,24.768999,182404400
2016-03-31,24.805174,24.845868,24.615268,24.640137,103553600
2016-04-01,24.592654,24.868468,24.461529,24.866207,103496000
2016-04-04,24.963426,25.363584,24.929514,25.121681,149424800
2016-04-05,24.757696,25.033510,24.737348,24.825518,106314800
2016-04-06,24.920473,25.090031,24.687612,25.085508,105616400
2016-04-07,24.857168,24.963425,24.443449,24.538401,127207600
2016-04-08,24.622056,24.816480,24.454757,24.565536,94326800
2016-04-11,24.635609,25.006375,24.603958,24.646912,117630000
2016-04-12,24.719259,24.981509,24.565528,24.967945,108929200
2016-04-13,25.049341,25.397498,25.049341,25.329676,133029200
2016-04-14,25.234717,25.408796,25.169155,25.343233,101895600
2016-04-15,25.345497,25.388452,24.807434,24.834562,187756000
2016-04-18,24.617527,24.631091,24.176678,24.298759,243286000
2016-04-19,24.389190,24.416320,24.016165,24.169897,129539600
2016-04-20,24.108852,24.436663,23.977727,24.219629,122444000
2016-04-21,24.174416,24.174416,23.855647,23.957382,126210000
2016-04-22,23.740350,24.072683,23.652180,23.891821,134732400
2016-04-25,23.738086,23.885036,23.627308,23.756172,112126400
2016-04-26,23.491660,23.805907,23.491660,23.591133,224064800
2016-04-27,21.703397,22.316065,21.631052,22.114857,458408400
2016-04-28,22.067377,22.128417,21.307758,21.438883,328970800
2016-04-29,21.248978,21.414015,20.914385,21.192459,274126000
2016-05-02,21.244461,21.269330,20.889520,21.169855,192640400
2016-05-03,21.296453,21.644612,21.178894,21.518009,227325200
2016-05-04,21.522528,21.680783,21.210542,21.294191,164102000
2016-05-05,21.380621,21.396543,21.080383,21.207756,143562000
2016-05-06,21.237328,21.255523,20.891598,21.089483,174799600
2016-05-09,21.153178,21.328317,21.059922,21.105413,131745600
2016-05-10,21.228239,21.282827,20.950745,21.248709,134747200
2016-05-11,21.262351,21.282821,21.030348,21.041721,114876400
2016-05-12,21.089488,21.103134,20.350264,20.548147,305258800
2016-05-13,20.470811,20.850658,20.470811,20.589087,177571200
2016-05-16,21.014424,21.469330,20.846108,21.353329,245039200
2016-05-17,21.505731,21.539848,21.155453,21.264629,187667600
2016-05-18,21.417018,21.655843,21.355604,21.507998,168249600
2016-05-19,21.526201,21.526201,21.282826,21.426121,121768400
2016-05-20,21.526196,21.705884,21.498901,21.658119,128104000
2016-05-23,21.805959,22.106198,21.760467,21.933332,152074400
2016-05-24,22.113026,22.310909,22.026593,22.267694,140560800
2016-05-25,22.442840,22.686216,22.315467,22.658922,152675200
2016-05-26,22.672562,22.911389,22.436010,22.838604,225324800
2016-05-27,22.617971,22.852248,22.574755,22.824953,145364800
2016-05-31,22.654368,22.836332,22.476955,22.713507,169228800
2016-06-01,22.522437,22.640714,22.365495,22.395063,116693200
2016-06-02,22.199466,22.254054,21.978836,22.226761,160766400
2016-06-03,22.242679,22.351856,22.165344,22.272247,114019600
2016-06-06,22.288167,23.175236,22.188088,22.433737,93170000
2016-06-07,22.574763,22.715785,22.508801,22.524723,89638000
2016-06-08,22.522435,22.645260,22.445102,22.504240,83392400
2016-06-09,22.404177,22.743082,22.395078,22.665749,106405600
2016-06-10,22.410988,22.597500,22.399617,22.479225,126851600
2016-06-13,22.447381,22.545187,22.085730,22.140318,152082000
2016-06-14,22.135773,22.399619,22.006124,22.167616,127727600
2016-06-15,22.249500,22.383698,22.069811,22.094831,117780800
2016-06-16,21.937887,22.233577,21.851456,22.188087,125307200
2016-06-17,21.976555,21.983378,21.676316,21.683140,244032800
2016-06-20,21.835537,21.965186,21.614907,21.630829,137647600
2016-06-21,21.594426,21.915134,21.535287,21.815056,142185600
2016-06-22,21.892404,22.037974,21.687695,21.733187,116876400
2016-06-23,21.821885,21.901493,21.664941,21.858276,128960800
2016-06-24,21.132704,21.530748,21.073566,21.244156,301245600
2016-06-27,21.153177,21.164551,20.811997,20.934822,181958400
2016-06-28,21.130433,21.303298,20.957568,21.287374,161779600
2016-06-29,21.373798,21.505722,21.296463,21.471603,146124000
2016-06-30,21.480700,21.783212,21.448857,21.744545,143345600
2016-07-01,21.719533,21.942438,21.683141,21.810514,104106000
2016-07-05,21.696786,21.699061,21.485254,21.605804,110820800
2016-07-06,21.517096,21.758198,21.464783,21.728628,123796400
2016-07-07,21.767300,21.949263,21.749105,21.821890,100558400
2016-07-08,21.946985,22.037967,21.846907,21.990202,115648400
2016-07-11,22.006117,22.210825,22.001568,22.058432,95179600
2016-07-12,22.101651,22.222201,22.090279,22.158514,96670000
2016-07-13,22.156244,22.215380,22.026594,22.033419,103568800
2016-07-14,22.151694,22.515619,22.135772,22.470129,155676000
2016-07-15,22.499693,22.586126,22.404163,22.467850,120548000
2016-07-18,22.449662,22.774921,22.426917,22.706686,145975600
2016-07-19,22.645270,22.745350,22.595230,22.715782,95119600
2016-07-20,22.745346,22.849975,22.686208,22.736248,105104000
2016-07-21,22.706683,22.972804,22.547465,22.615702,130808000
2016-07-22,22.577029,22.586128,22.360947,22.440557,113254800
2016-07-25,22.347301,22.481498,22.044788,22.140318,161531600
2016-07-26,22.022047,22.283619,21.931065,21.987928,224959200
2016-07-27,23.716573,23.734769,23.370844,23.416334,369379200
2016-07-28,23.389047,23.757520,23.386771,23.732500,159479200
2016-07-29,23.698380,23.780264,23.582378,23.702929,110934800
2016-08-01,23.748419,24.144188,23.748419,24.121443,152671600
2016-08-02,24.121447,24.125995,23.655167,23.764345,135266400
2016-08-03,23.839396,24.073673,23.830298,24.062302,120810400
2016-08-04,24.144632,24.240679,24.076025,24.210951,109634800
2016-08-05,24.302425,24.618012,24.281844,24.579136,162213600
2016-08-08,24.588281,24.782665,24.505956,24.782665,112148800
2016-08-09,24.750647,24.913014,24.700336,24.883284,105260800
2016-08-10,24.860412,24.903863,24.643162,24.698046,96034000
2016-08-11,24.816965,24.910727,24.663746,24.682041,109938000
2016-08-12,24.647743,24.798677,24.647743,24.739218,74641600
2016-08-15,24.730065,25.050225,24.716344,25.036505,103472800
2016-08-16,25.070805,25.208018,24.974758,25.013634,135177600
2016-08-17,24.949602,25.011348,24.775801,24.977045,101424000
2016-08-18,24.979335,25.063948,24.931310,24.945032,87938800
2016-08-19,24.874134,25.084527,24.780374,25.009060,101472400
2016-08-22,24.894724,24.949608,24.663751,24.814684,103280800
2016-08-23,24.832971,24.999912,24.819250,24.892429,85030800
2016-08-24,24.828397,24.869560,24.624867,24.704906,94700400
2016-08-25,24.558555,24.670610,24.396188,24.599718,100344800
2016-08-26,24.563129,24.686618,24.311573,24.455647,111065200
2016-08-29,24.382463,24.569985,24.306997,24.428200,99881200
2016-08-30,24.194942,24.355022,24.126336,24.240679,99455600
2016-08-31,24.162924,24.371027,24.158349,24.263544,118649600
2016-09-01,24.272696,24.423629,24.153780,24.407621,106806000
2016-09-02,24.629437,24.698043,24.428194,24.636299,107210000
2016-09-06,24.675184,24.766659,24.585997,24.629446,107521600
2016-09-07,24.659166,24.871843,24.485364,24.780369,169457200
2016-09-08,24.526538,24.531111,24.066879,24.130911,212008000
2016-09-09,23.929666,24.176647,23.584351,23.584351,186228000
2016-09-12,23.474577,24.176642,23.447134,24.112610,181171200
2016-09-13,24.585989,24.878706,24.524243,24.686609,248704800
2016-09-14,24.864991,25.848338,24.835261,25.560194,443554800
2016-09-15,26.038149,26.465792,25.953535,26.429201,359934400
2016-09-16,26.326288,26.557259,26.079307,26.280550,319547600
2016-09-19,26.342301,26.568700,25.898651,25.974117,188092000
2016-09-20,25.852916,26.097610,25.729426,25.971832,138057200
2016-09-21,26.035854,26.067869,25.713408,25.967249,144012800
2016-09-22,26.150200,26.285126,26.070161,26.211946,124296000
2016-09-23,26.166212,26.250826,25.509885,25.775160,209924800
2016-09-26,25.530464,25.930664,25.509883,25.814034,119477600
2016-09-27,25.841478,25.882641,25.690544,25.862059,98429600
2016-09-28,25.999276,26.216527,25.939817,26.058733,118564400
2016-09-29,25.878070,26.024429,25.567057,25.653957,143548000
2016-09-30,25.717984,25.926088,25.567052,25.852909,145516400
2016-10-03,25.775159,25.852913,25.676824,25.731709,86807200
2016-10-04,25.855201,26.141058,25.756866,25.841480,118947200
2016-10-05,25.932949,25.992407,25.770582,25.852909,85812400
2016-10-06,26.001557,26.147916,25.871206,26.045008,115117200
2016-10-07,26.141049,26.198220,25.958102,26.083878,97433600
2016-10-10,26.303423,26.699050,26.234819,26.538971,144944000
2016-10-11,26.916295,27.142695,26.573266,26.596136,256164000
2016-10-12,26.836260,26.980333,26.699049,26.833973,150347200
2016-10-13,26.708199,26.856845,26.463505,26.751650,140769600
2016-10-14,26.957463,27.023782,26.785949,26.900291,142608800
2016-10-17,26.831689,26.948317,26.705911,26.882000,94499600
2016-10-18,27.026066,27.032926,26.859124,26.863699,98214000
2016-10-19,26.813389,26.930020,26.024425,26.783661,80138400
2016-10-20,26.724203,26.843119,26.603000,26.769939,96503200
2016-10-21,26.712763,26.735633,26.591560,26.664740,92770800
2016-10-24,26.779087,26.925446,26.756219,26.904865,94154800
2016-10-25,26.973474,27.067235,26.827115,27.042080,192516000
2016-10-26,26.141059,26.458932,25.912374,26.433777,264536800
2016-10-27,26.388037,26.495519,26.093032,26.179934,138248000
2016-10-28,26.040428,26.346866,25.944378,26.006124,151446800
2016-10-31,25.990118,26.122756,25.887208,25.964962,105677600
2016-11-01,25.946671,26.017563,25.276623,25.496161,175303200
2016-11-02,25.475582,25.692833,25.436706,25.519032,113326800
2016-11-03,25.509842,25.620173,25.181142,25.245502,107730400
2016-11-04,24.946681,25.342040,24.850140,25.017937,123348000
2016-11-07,25.302961,25.401800,25.160447,25.378815,130240000
2016-11-08,25.355834,25.679937,25.215619,25.528229,97016800
2016-11-09,25.256993,25.587992,24.836351,25.486853,236705600
2016-11-10,25.535121,25.535121,24.326060,24.776585,228538000
2016-11-11,24.622583,25.024837,24.491563,24.923698,136575600
2016-11-14,24.758195,24.781180,23.923804,24.298475,204702000
2016-11-15,24.496159,24.751303,24.401917,24.620283,129058000
2016-11-16,24.526034,25.337440,24.503048,25.282272,235362000
2016-11-17,25.240903,25.365027,25.015641,25.273083,110528000
2016-11-18,25.220211,25.408696,25.206420,25.298363,113715600
2016-11-21,25.312158,25.741994,25.286873,25.682232,117058400
2016-11-22,25.732796,25.840830,25.606374,25.698318,103862000
2016-11-23,25.597182,25.631661,25.360427,25.567301,109705600
2016-11-25,25.544316,25.714413,25.502941,25.696024,45903600
2016-11-28,25.613280,25.852334,25.604085,25.645460,108776000
2016-11-29,25.463864,25.751189,25.300664,25.620169,114115200
2016-11-30,25.652349,25.790265,25.346635,25.404100,144649200
2016-12-01,25.369625,25.500645,25.061612,25.167347,148347600
2016-12-02,25.093794,25.305265,25.020239,25.261593,106112000
2016-12-05,25.284575,25.291470,24.882320,25.080000,137298000
2016-12-06,25.169647,25.367326,25.098391,25.273083,104782000
2016-12-07,25.114484,25.558114,25.091499,25.521336,119994800
2016-12-08,25.482248,25.843128,25.422484,25.771872,108273200
2016-12-09,25.815543,26.364907,25.815543,26.192513,137610400
2016-12-12,26.040815,26.433875,25.856926,26.043114,105497600
2016-12-13,26.167238,26.645347,26.146552,26.477551,174935200
2016-12-14,26.443071,26.709708,26.429280,26.477551,136127200
2016-12-15,26.521221,26.831533,26.486744,26.622360,186098000
2016-12-16,26.771767,26.778663,26.583282,26.656837,177404400
2016-12-19,26.617761,26.980938,26.606267,26.810843,111117600
2016-12-20,26.833827,27.008521,26.820036,26.882097,85700000
2016-12-21,26.847624,26.985540,26.843026,26.907387,95132800
2016-12-22,26.744178,26.780956,26.580978,26.730387,104343600
2016-12-23,26.569481,26.783251,26.569481,26.783251,56998000
2016-12-27,26.783260,27.077482,26.776365,26.953358,73187600
2016-12-28,27.013125,27.128054,26.709710,26.838432,83623600
2016-12-29,26.767160,26.918868,26.755668,26.831522,60158000
2016-12-30,26.813144,26.939566,26.532715,26.622360,122345200
2017-01-03,26.617759,26.739585,26.378705,26.698210,115127600
2017-01-04,26.629253,26.780962,26.606268,26.668329,84472400
2017-01-05,26.645353,26.861422,26.620068,26.803957,88774400
2017-01-06,26.843023,27.160231,26.771767,27.102766,127007600
2017-01-09,27.111959,27.452152,27.109661,27.351013,134247600
2017-01-10,27.300444,27.440659,27.192411,27.378597,97848400
2017-01-11,27.293550,27.567084,27.261370,27.525709,110354400
2017-01-12,27.330329,27.422274,27.171726,27.410780,108344800
2017-01-13,27.378605,27.495834,27.309646,27.362514,104447600
2017-01-17,27.201608,27.638342,27.174026,27.583176,137759200
2017-01-18,27.583174,27.698104,27.516515,27.580875,94852000
2017-01-19,27.445260,27.603862,27.438365,27.532606,102389200
2017-01-20,27.686612,27.686612,27.521114,27.583176,130391600
2017-01-23,27.583175,27.769361,27.530307,27.601564,88200800
2017-01-24,27.479738,27.606160,27.468244,27.576279,92844000
2017-01-25,27.679708,28.065872,27.647527,28.015303,129510400
2017-01-26,27.967041,28.144034,27.950951,28.029104,105350400
2017-01-27,28.075075,28.123345,27.950950,28.031401,82251600
2017-01-30,27.796939,27.957840,27.734877,27.957840,121510000
2017-01-31,27.847509,27.902675,27.725684,27.893480,196804000
2017-02-01,29.199081,29.994398,29.194485,29.594440,447940000
2017-02-02,29.417449,29.741550,29.371476,29.543871,134841600
2017-02-03,29.493305,29.695582,29.458827,29.670298,98029200
2017-02-06,29.681789,29.996695,29.628918,29.948423,107383600
2017-02-07,30.005897,30.362180,29.985210,30.233459,152735200
2017-02-08,30.192089,30.392066,30.162206,30.350689,92016400
2017-02-09,30.392241,30.576927,30.269888,30.570002,113399600
2017-02-10,30.579234,30.690044,30.484582,30.500740,80262000
2017-02-13,30.722360,30.893195,30.646177,30.770838,92141600
2017-02-14,30.812391,31.186378,30.761603,31.170219,132904800
2017-02-15,31.285657,31.458799,31.077884,31.283346,142492400
2017-02-16,31.320283,31.373379,31.128671,31.246410,90338400
2017-02-17,31.188695,31.357220,31.188695,31.331825,88792800
2017-02-21,31.449551,31.569597,31.391837,31.558054,98028800
2017-02-22,31.495735,31.655027,31.421863,31.652719,83347600
2017-02-23,31.715041,31.738125,31.465716,31.518812,83152800
2017-02-24,31.375697,31.548840,31.230257,31.548840,87106400
2017-02-27,31.659636,31.728894,31.461099,31.611155,81029600
2017-02-28,31.645784,31.728892,31.558057,31.625008,93931600
2017-03-01,31.832779,32.354513,31.765832,32.271404,145658400
2017-03-02,32.319885,32.384524,32.033622,32.079796,104844000
2017-03-03,32.038240,32.280640,31.994377,32.269096,84432400
2017-03-06,32.174452,32.266796,31.996695,32.167526,87000000
2017-03-07,32.102880,32.315268,32.040548,32.209076,69785200
2017-03-08,32.077499,32.273729,32.047490,32.089043,74828800
2017-03-09,32.029010,32.040550,31.638862,32.015156,88623600
2017-03-10,32.146744,32.172138,32.005921,32.121349,78451200
2017-03-13,32.054411,32.188304,32.047485,32.135208,69686800
2017-03-14,32.158292,32.239090,32.052097,32.086727,61236400
2017-03-15,32.183687,32.493033,32.095960,32.426086,102767200
2017-03-16,32.486109,32.555366,32.379913,32.479183,76928000
2017-03-17,32.550745,32.550745,32.294494,32.317581,175540000
2017-03-20,32.412237,32.666181,32.372992,32.656948,86168000
2017-03-21,32.807004,32.966295,32.257565,32.282959,158119600
2017-03-22,32.285259,32.689257,32.264479,32.647701,103440800
2017-03-23,32.610766,32.684642,32.460711,32.532276,81385200
2017-03-24,32.666173,32.721579,32.400689,32.467636,89582400
2017-03-27,32.179071,32.601539,32.001311,32.523048,94300400
2017-03-28,32.529980,33.252558,32.463030,33.197155,133499200
2017-03-29,33.169442,33.356438,33.056324,33.271019,116760000
2017-03-30,33.287167,33.358732,33.127876,33.227142,84829200
2017-03-31,33.178676,33.305648,33.014767,33.164825,78646800
2017-04-03,33.176368,33.271016,33.024002,33.174057,79942800
2017-04-04,33.070179,33.448783,33.051710,33.421082,79565600
2017-04-05,33.294095,33.580358,33.199443,33.247925,110871600
2017-04-06,33.310263,33.363362,33.116344,33.164825,84596000
2017-04-07,33.180988,33.284872,33.074796,33.090954,66688800
2017-04-10,33.150971,33.215610,32.989368,33.051701,75733600
2017-04-11,32.998607,33.093259,32.333740,32.696186,121517600
2017-04-12,32.689265,32.816233,32.553057,32.735435,81400000
2017-04-13,32.760815,32.869318,32.562279,32.562279,71291600
2017-04-17,32.661547,32.753891,32.520724,32.742348,66328400
2017-04-18,32.645390,32.790827,32.576132,32.596909,58790000
2017-04-19,32.753910,32.781611,32.423783,32.476879,69313600
2017-04-20,32.601530,32.993985,32.587679,32.883175,93278400
2017-04-21,32.883178,32.938582,32.746974,32.843933,69283600
2017-04-24,33.127894,33.231778,33.054018,33.160213,68537200
2017-04-25,33.222536,33.451081,33.213299,33.365665,75486000
2017-04-26,33.351827,33.381840,33.100195,33.169449,80164800
2017-04-27,33.224844,33.280251,33.084022,33.194832,56985200
2017-04-28,33.264091,33.312572,33.074791,33.162514,83441600
2017-05-01,33.497247,33.982043,33.464927,33.838913,134411600
2017-05-02,34.060537,34.187509,33.898938,34.053612,181408800
2017-05-03,33.610371,34.049000,33.305642,33.949730,182788000
2017-05-04,33.825078,33.968207,33.661168,33.827385,93487600
2017-05-05,33.880472,34.392974,33.880472,34.388359,109310800
2017-05-08,34.404515,35.482614,34.404515,35.323322,195009600
2017-05-09,35.521863,35.755030,35.424904,35.549568,156521600
2017-05-10,35.466462,35.538027,35.115559,35.381042,103222800
2017-05-11,35.339317,35.714850,35.306864,35.687031,109020400
2017-05-12,35.860890,36.259602,35.853936,36.185425,130108000
2017-05-15,36.164554,36.312911,35.942019,36.092693,104038800
2017-05-16,36.148337,36.176153,35.865530,36.039387,80194000
2017-05-17,35.605916,35.830771,34.704178,34.829353,203070800
2017-05-18,35.065788,35.545632,35.033335,35.360184,134272800
2017-05-19,35.554890,35.693973,35.381033,35.480709,107843200
2017-05-22,35.698621,35.833071,35.445950,35.696304,91865600
2017-05-23,35.907248,35.907248,35.538672,35.652260,79675600
2017-05-24,35.661525,35.738022,35.390308,35.545620,76712000
2017-05-25,35.636015,35.779739,35.473750,35.668468,76942400
2017-05-26,35.698625,35.754260,35.538676,35.608219,87710400
2017-05-30,35.564171,35.798297,35.543309,35.622124,80507600
2017-05-31,35.691669,35.738030,35.323093,35.411179,97804800
2017-06-01,35.506220,35.543311,35.286002,35.508537,65616400
2017-06-02,35.601258,36.034740,35.441309,36.034740,111082800
2017-06-05,35.777427,35.802926,35.573437,35.682384,101326800
2017-06-06,35.675445,36.118201,35.647629,35.802940,106499600
2017-06-07,35.935081,36.157616,35.809902,36.016212,84278400
2017-06-08,35.988377,36.055600,35.791338,35.928108,85003200
2017-06-09,35.974472,35.974472,33.848782,34.534935,259530800
2017-06-12,33.783875,33.865006,33.035128,33.709694,289229200
2017-06-13,34.113048,34.180271,33.647109,33.980915,136661600
2017-06-14,34.191854,34.191854,33.343432,33.649422,126124800
2017-06-15,33.222895,33.491791,32.965586,33.447746,128661600
2017-06-16,33.329527,33.496430,32.963268,32.979496,201444400
2017-06-19,33.301723,34.015696,33.301723,33.922970,130165600
2017-06-20,34.045828,34.045828,33.598437,33.614662,99600400
2017-06-21,33.732883,33.860379,33.521936,33.814014,85063200
2017-06-22,33.790834,34.006415,33.640156,33.758381,76425200
2017-06-23,33.642467,34.113039,33.637830,33.909046,141757600
2017-06-26,34.115362,34.372670,33.700425,33.802422,102769600
2017-06-27,33.614651,33.881234,33.292437,33.317936,99047600
2017-06-28,33.494114,33.869643,33.185807,33.804737,88329600
2017-06-29,33.545117,33.642477,32.981819,33.306351,125997600
2017-06-30,33.484842,33.603067,33.329531,33.385166,92096400
2017-07-03,33.584516,33.681875,33.171896,33.264618,57111200
2017-07-05,33.308664,33.563652,33.083809,33.401386,86278400
2017-07-06,33.153343,33.264611,33.011940,33.086117,96515200
2017-07-07,33.125541,33.554389,33.125541,33.422256,76806800
2017-07-10,33.406018,33.832546,33.234478,33.626236,84362400
2017-07-11,33.549755,33.809383,33.468624,33.735203,79127200
2017-07-12,33.814007,33.885868,33.570610,33.783875,99538000
2017-07-13,33.728251,34.421362,33.714343,34.254459,100797600
2017-07-14,34.300813,34.616074,34.152455,34.548847,80528400
2017-07-17,34.497859,34.980019,34.439907,34.669395,95174000
2017-07-18,34.585939,34.801523,34.463080,34.789932,71475200
2017-07-19,34.882641,35.100542,34.759783,35.007820,83692000
2017-07-20,35.119104,35.174740,34.815434,34.850204,68974800
2017-07-21,34.769070,34.873384,34.511762,34.833977,105010400
2017-07-24,34.905829,35.336994,34.748197,35.255859,85972800
2017-07-25,35.188635,35.661524,35.188635,35.406536,75415600
2017-07-26,35.547945,35.682391,35.480719,35.573444,63124000
2017-07-27,35.640668,35.696303,34.145499,34.901196,129905200
2017-07-28,34.745877,34.824692,34.583612,34.655472,68854800
2017-07-31,34.748202,34.847882,34.337903,34.476986,79383600
2017-08-01,34.562756,34.822381,34.402807,34.782974,141474400
2017-08-02,36.922574,37.031524,36.199330,36.426502,279747200
2017-08-03,36.405645,36.442736,35.935073,36.062569,108389200
2017-08-04,36.178466,36.486770,36.090378,36.252644,82239600
2017-08-07,36.407952,36.839117,36.317546,36.813618,87481200
2017-08-08,36.764948,37.513691,36.688450,37.108025,144823600
2017-08-09,36.917933,37.383871,36.883163,37.335190,104526000
2017-08-10,37.211852,37.235126,35.985423,36.146000,163217200
2017-08-11,36.443872,36.902329,36.320531,36.648663,105028400
2017-08-14,37.076881,37.284001,36.944229,37.200222,88490800
2017-08-15,37.388722,37.747109,37.267707,37.607479,117862000
2017-08-16,37.686605,37.819253,37.270035,37.456211,110686400
2017-08-17,37.356141,37.400358,36.732451,36.737106,111762400
2017-08-18,36.737111,37.118771,36.471811,36.653332,109712400
2017-08-21,36.653325,36.744086,36.097126,36.585838,105474000
2017-08-22,36.823213,37.235128,36.774344,37.183929,86418400
2017-08-23,37.018712,37.344518,36.974495,37.230484,77596400
2017-08-24,37.335195,37.407341,36.897684,37.065243,79275600
2017-08-25,37.153673,37.365448,37.065241,37.202545,101920400
2017-08-28,37.267704,37.700562,37.218831,37.577221,103864000
2017-08-29,37.258397,37.961207,37.235124,37.912338,118067600
2017-08-30,38.119452,38.140396,37.842515,38.014729,109078400
2017-08-31,38.082217,38.287012,38.044981,38.165997,107140400
2017-09-01,38.352182,38.384763,38.079901,38.177643,66364400
2017-09-05,38.107838,38.224197,37.365462,37.719196,117874000
2017-09-06,37.865787,37.930949,37.356131,37.679611,86606800
2017-09-07,37.721508,37.756419,37.318905,37.528351,87714000
2017-09-08,37.435250,37.502737,36.893013,36.916286,114446000
2017-09-11,37.351486,37.712202,37.209527,37.584206,126323200
2017-09-12,37.842524,38.156697,36.948882,37.435265,286856000
2017-09-13,37.204866,37.225813,36.748738,37.153667,179629600
2017-09-14,37.000075,37.095487,36.790625,36.834843,95042800
2017-09-15,36.879060,37.460859,36.769681,37.207195,196458400
2017-09-18,37.260730,37.351491,36.769692,36.925613,113077600
2017-09-19,37.121100,37.181609,36.872092,36.939579,83242400
2017-09-20,36.746415,36.830194,35.799248,36.320541,211805600
2017-09-21,36.257701,36.257701,35.547906,35.696846,150046800
2017-09-22,35.266317,35.436205,35.038253,35.347771,186581600
2017-09-25,34.905604,35.333808,34.712447,35.035927,177549200
2017-09-26,35.322173,35.820193,35.301229,35.638672,146640000
2017-09-27,35.792259,36.006360,35.731749,35.892326,102016800
2017-09-28,35.813205,35.903965,35.536268,35.671246,88022000
2017-09-29,35.654973,35.869074,35.373381,35.866745,105199200
2017-10-02,35.899317,35.943534,35.540930,35.794594,74795200
2017-10-03,35.841118,36.092456,35.817848,35.950497,64921200
2017-10-04,35.752710,35.806235,35.480429,35.717800,80655200
2017-10-05,35.880689,36.173918,35.850438,36.162281,85135200
2017-10-06,36.064544,36.185559,35.969128,36.141342,69630400
2017-10-09,36.260028,36.474130,36.185560,36.267010,65051600
2017-10-10,36.318219,36.769696,36.094810,36.280983,62468000
2017-10-11,36.297266,36.532311,36.246067,36.432243,67622400
2017-10-12,36.385702,36.623073,36.241414,36.304249,64500400
2017-10-13,36.474136,36.602132,36.399667,36.534645,65576800
2017-10-16,36.746408,37.235120,36.688228,37.207195,96486000
2017-10-17,37.183924,37.437588,37.055928,37.344501,75989200
2017-10-18,37.332871,37.400362,37.142043,37.179276,65496800
2017-10-19,36.478786,36.555584,36.076182,36.299591,170336800
2017-10-20,36.446198,36.711498,36.294932,36.362419,95896400
2017-10-23,36.511362,36.697538,36.187882,36.343803,87937200
2017-10-24,36.371725,36.634699,36.350781,36.560230,71028800
2017-10-25,36.516022,36.664962,36.134362,36.399662,84828400
2017-10-26,36.590490,36.730123,36.485767,36.632381,68002000
2017-10-27,37.069892,38.072916,36.932588,37.944920,177816800
2017-10-30,38.140399,39.113169,38.100837,38.798996,178803200
2017-10-31,39.073620,39.480880,38.850212,39.338921,144187200
2017-11-01,39.532057,39.548350,38.540674,38.838554,134551200
2017-11-02,38.771081,39.213247,38.463889,39.122486,165573600
2017-11-03,40.493199,40.553704,39.822965,40.144119,237594400
2017-11-06,40.113866,40.723594,39.962600,40.551380,140105200
2017-11-07,40.472255,40.784099,40.400113,40.681702,97446000
2017-11-08,40.646791,41.014488,40.569993,41.014488,97638000
2017-11-09,40.751519,40.981912,40.293061,40.930714,117930400
2017-11-10,40.898008,40.961069,40.701821,40.795242,100582000
2017-11-13,40.521992,40.755548,40.498635,40.631763,67928400
2017-11-14,40.414550,40.517316,39.980136,40.017506,99130000
2017-11-15,39.697523,39.779269,39.326170,39.489658,116632400
2017-11-16,39.980141,40.141296,39.774614,39.961460,94550000
2017-11-17,39.947435,40.029181,39.620458,39.739571,87598000
2017-11-20,39.772273,39.835334,39.601778,39.699871,65049600
2017-11-21,39.886719,40.568703,39.886719,40.437912,100525200
2017-11-22,40.489292,40.872324,40.416891,40.862984,102355600
2017-11-24,40.895674,40.989095,40.790571,40.865311,56106800
2017-11-27,40.884006,40.891012,40.484623,40.659790,82867200
2017-11-28,40.708831,40.841957,40.138954,40.421558,105715200
2017-11-29,40.318788,40.386518,39.041236,39.583084,166665600
2017-11-30,39.804963,40.204345,39.340189,40.136616,166108800
2017-12-01,39.692870,40.094587,39.354214,39.949783,159037200
2017-12-04,40.283762,40.316460,39.618129,39.657833,130169600
2017-12-05,39.485005,40.059555,39.330857,39.620468,109400800
2017-12-06,39.120644,39.751245,38.877747,39.473312,114240000
2017-12-07,39.477994,39.807309,39.449968,39.545727,102693200
2017-12-08,39.818989,39.938101,39.428951,39.557404,93420800
2017-12-11,39.517693,40.379515,39.421934,40.328133,141095200
2017-12-12,40.206685,40.262740,40.045534,40.101585,77636800
2017-12-13,40.288431,40.531328,40.171653,40.234715,95273600
2017-12-14,40.265068,40.435567,40.089901,40.223030,81906000
2017-12-15,40.552355,40.678474,40.279095,40.631763,160677200
2017-12-18,40.844305,41.386153,40.839632,41.203979,117684400
2017-12-19,40.879333,40.963413,40.659789,40.764889,109745600
2017-12-20,40.841970,40.970427,40.463611,40.720524,93902400
2017-12-21,40.678470,41.110551,40.662123,40.874657,83799600
2017-12-22,40.797583,40.970416,40.755544,40.874657,65397600
2017-12-26,39.891390,40.047872,39.629805,39.837673,132742000
2017-12-27,39.727891,39.886708,39.636805,39.844669,85992800
2017-12-28,39.938102,40.136626,39.816652,39.956787,65920800
2017-12-29,39.826001,39.842348,39.522377,39.524712,103999600
2018-01-02,39.741918,40.241728,39.531715,40.232384,102223600
2018-01-03,40.295444,40.767228,40.162319,40.225376,118071600
2018-01-04,40.297761,40.514970,40.190327,40.412205,89738400
2018-01-05,40.507968,40.958729,40.416881,40.872314,94640000
2018-01-08,40.720524,41.014803,40.622427,40.720524,82271200
2018-01-09,40.767222,40.886334,40.500968,40.715839,86336000
2018-01-10,40.442577,40.708831,40.405208,40.706493,95839600
2018-01-11,40.776567,40.986770,40.753213,40.937721,74670800
2018-01-12,41.147918,41.423516,41.024133,41.360455,101672400
2018-01-16,41.549628,41.897628,41.138571,41.150249,118263600
2018-01-17,41.140905,41.864931,40.888668,41.829899,137547200
2018-01-18,41.892959,42.063457,41.631377,41.867268,124773600
2018-01-19,41.715452,41.942002,41.435185,41.680420,129700400
2018-01-22,41.409507,41.521613,41.246018,41.339439,108434400
2018-01-23,41.409501,41.909311,41.297395,41.348774,130756400
2018-01-24,41.397834,41.409512,40.451931,40.690159,204420400
2018-01-25,40.757880,40.860646,39.828328,39.963791,166116000
2018-01-26,40.171645,40.171645,39.718546,40.057201,156572000
2018-01-29,39.741907,39.741907,39.020220,39.228085,202561600
2018-01-30,38.660551,39.090293,38.466698,38.996872,184192800
2018-01-31,38.973499,39.340184,38.887085,39.104290,129915600
2018-02-01,39.043577,39.382233,38.947818,39.186047,188923200
2018-02-02,38.770311,38.957156,37.392331,37.485752,346375200
2018-02-05,37.158788,38.275186,36.434762,36.549206,290954000
2018-02-06,36.161490,38.237803,35.967638,38.076649,272975200
2018-02-07,38.090668,38.163070,37.151775,37.261543,206434400
2018-02-08,37.436711,37.602538,36.208207,36.236233,217562000
2018-02-09,36.834239,37.026534,35.232546,36.679462,282690400
2018-02-12,37.169571,38.433571,36.937407,38.156853,243278000
2018-02-13,37.978622,38.635246,37.908269,38.539097,130196800
2018-02-14,38.234243,39.289530,38.196724,39.249664,162579600
2018-02-15,39.817167,40.591045,39.631907,40.567596,204588800
2018-02-16,40.419858,40.996750,40.281499,40.436272,160704400
2018-02-20,40.347167,40.865429,40.199426,40.300266,135722000
2018-02-21,40.530070,40.832584,40.103263,40.117336,149886400
2018-02-22,40.288535,40.792727,40.267430,40.452690,123967600
2018-02-23,40.727065,41.191390,40.696578,41.156216,135249600
2018-02-26,41.355545,42.068449,41.322714,41.969955,152648800
2018-02-27,42.000445,42.324064,41.780006,41.833942,155712400
2018-02-28,42.037965,42.356897,41.754212,41.770626,151128400
2018-03-01,41.869121,42.159913,40.490215,41.038963,195208000
2018-03-02,40.523049,41.343828,40.440970,41.322723,153816000
2018-03-05,41.088208,41.681514,40.926397,41.465767,113605600
2018-03-06,41.721383,41.801115,41.303959,41.430592,95154000
2018-03-07,41.024908,41.238312,40.867788,41.046013,126814000
2018-03-08,41.151536,41.536129,41.055390,41.493919,95096400
2018-03-09,41.733125,42.211520,41.599453,42.206829,128740800
2018-03-12,42.279512,42.771981,42.260754,42.614861,128828400
2018-03-13,42.818871,43.032274,42.033270,42.204460,126774000
2018-03-14,42.286546,42.333447,41.697927,41.845669,117473600
2018-03-15,41.859738,42.267784,41.758901,41.894913,90975200
2018-03-16,41.894911,42.005130,41.653368,41.747173,157618800
2018-03-19,41.583037,41.618212,40.724736,41.109329,133787200
2018-03-20,41.095257,41.461089,41.024904,41.095257,78597600
2018-03-21,41.048343,41.060070,40.161902,40.164249,148219600
2018-03-22,39.866416,40.494897,39.538106,39.596733,165963200
2018-03-23,39.488851,39.847648,38.679798,38.679798,164115200
2018-03-26,39.413811,40.593387,39.031561,40.515999,150164800
2018-03-27,40.729404,41.074132,39.144129,39.477131,163690400
2018-03-28,39.221527,39.871116,38.738440,39.040955,166674000
2018-03-29,39.352849,40.276812,39.139445,39.345814,153594000
2018-04-02,39.078478,39.617848,38.569595,39.087856,150347200
2018-04-03,39.312984,39.573288,38.665742,39.488865,121112000
2018-04-04,38.665733,40.337775,38.639937,40.243973,138422000
2018-04-05,40.471464,40.858401,40.354210,40.523056,107732800
2018-04-06,40.093895,40.448001,39.444305,39.486519,140021200
2018-04-09,39.838281,40.591051,39.831246,39.878147,116070800
2018-04-10,40.569943,40.804452,40.225216,40.628571,113634400
2018-04-11,40.389373,40.785693,40.265084,40.438622,89726400
2018-04-12,40.666098,41.038965,40.579327,40.837288,91557200
2018-04-13,40.987365,41.235944,40.769274,40.975639,100497200
2018-04-16,41.046002,41.318033,40.999101,41.231266,86313600
2018-04-17,41.388393,41.962938,41.369632,41.798782,106421600
2018-04-18,41.697917,41.934773,41.479826,41.704952,83018000
2018-04-19,40.748182,41.130432,40.490225,40.523056,139235200
2018-04-20,40.007130,40.152524,38.794719,38.862728,261964400
2018-04-23,39.123035,39.144140,38.480481,38.750168,146062000
2018-04-24,38.850999,39.005776,37.807438,38.210793,134768000
2018-04-25,38.135742,38.792366,38.086497,38.377285,113528400
2018-04-26,38.487507,38.865066,38.311626,38.510960,111852000
2018-04-27,38.459372,38.536760,37.669079,38.065399,142623200
2018-04-30,38.020847,39.223873,37.952838,38.754856,169709600
2018-05-01,39.024541,39.678817,38.757201,39.655369,214277600
2018-05-02,41.092887,41.683849,40.757542,41.407131,266157600
2018-05-03,41.245322,41.625224,40.907629,41.482174,136272800
2018-05-04,41.801108,43.208158,41.782347,43.109665,224805200
2018-05-07,43.426257,44.010185,43.325421,43.421570,169805600
2018-05-08,43.381701,43.670146,43.072149,43.630280,113611200
2018-05-09,43.747537,43.946867,43.435641,43.937489,92844800
2018-05-10,44.026590,44.643344,44.005481,44.565956,111957200
2018-05-11,44.608346,44.742530,44.128103,44.396473,104848800
2018-05-14,44.495351,44.617767,44.224628,44.292896,83115200
2018-05-15,43.970378,44.038650,43.574887,43.890339,94780800
2018-05-16,43.803225,44.365861,43.786744,44.299942,76732400
2018-05-17,44.257583,44.471809,43.871506,44.019817,69176000
2018-05-18,44.066898,44.212853,43.817361,43.859734,73190800
2018-05-21,44.257577,44.556552,44.000978,44.170475,73603200
2018-05-22,44.347041,44.464747,43.970379,44.059837,60962800
2018-05-23,43.869153,44.375289,43.730257,44.342331,80233600
2018-05-24,44.438855,44.455332,43.836199,44.292896,92936000
2018-05-25,44.311720,44.646005,44.175180,44.394115,69844000
2018-05-29,44.163418,44.434142,43.991565,44.234039,90056400
2018-05-30,44.191672,44.257587,43.970384,44.139881,74762000
2018-05-31,44.073954,44.311719,43.819708,43.991558,109931200
2018-06-01,44.255218,44.789603,44.198718,44.784897,93770000
2018-06-04,45.114481,45.533515,45.046213,45.159210,105064800
2018-06-05,45.451129,45.655937,45.283984,45.507626,86264000
2018-06-06,45.582948,45.688883,45.180391,45.665340,83734400
2018-06-07,45.703013,45.717137,45.279270,45.542934,85388800
2018-06-08,45.003836,45.199229,44.674260,45.128605,106627200
2018-06-11,45.046208,45.192162,44.777837,45.017956,73234000
2018-06-12,45.055627,45.342831,44.999127,45.265144,67644400
2018-06-13,45.298102,45.406394,44.831986,44.893192,86553600
2018-06-14,45.093296,45.098005,44.780197,44.916737,86440400
2018-06-15,44.735464,44.766069,44.318783,44.455322,246876800
2018-06-18,44.229338,44.544790,44.069256,44.431793,73939600
2018-06-19,43.584309,43.864451,43.186461,43.713787,134314000
2018-06-20,43.869143,44.069241,43.723185,43.904453,82514800
2018-06-21,44.081025,44.339980,43.537222,43.659637,102847600
2018-06-22,43.815007,43.822069,43.480722,43.532513,108801600
2018-06-25,43.174673,43.532501,42.546122,42.885117,126652400
2018-06-26,43.078157,43.911517,42.972219,43.417149,98276800
2018-06-27,43.605493,44.088090,43.322999,43.353603,101141200
2018-06-28,43.339472,43.836193,43.268848,43.669048,69460800
2018-06-29,43.855021,44.066895,43.059329,43.577236,90950800
2018-07-02,43.273562,44.092797,43.179394,44.064545,70925200
2018-07-03,44.208134,44.245801,43.207631,43.297089,55819200
2018-07-05,43.612539,43.883265,43.381835,43.645496,66416800
2018-07-06,43.650204,44.358795,43.598413,44.250507,69940800
2018-07-09,44.610695,44.888480,44.563613,44.864941,79026400
2018-07-10,44.895547,45.029731,44.770775,44.810799,63756400
2018-07-11,44.375287,44.676615,44.165770,44.229332,75326000
2018-07-12,44.617756,45.060333,44.565965,44.970875,72164400
2018-07-13,44.982651,45.161563,44.940275,45.041504,50055600
2018-07-16,45.086225,45.352239,44.827270,44.942623,60172400
2018-07-17,44.669551,45.168625,44.540073,45.069752,62138000
2018-07-18,45.147445,45.152155,44.711930,44.822575,65573600
2018-07-19,44.655432,45.328712,44.655432,45.170986,81147200
2018-07-20,45.147438,45.300454,44.768423,45.067398,82704800
2018-07-23,44.888475,45.189806,44.624814,45.107410,63957600
2018-07-24,45.305161,45.590012,45.210998,45.434639,74791600
2018-07-25,45.448770,45.870160,45.300458,45.863098,66839600
2018-07-26,45.813661,46.131470,45.578249,45.719498,76304000
2018-07-27,45.903110,45.950191,44.751942,44.959103,96096000
2018-07-30,45.175691,45.246315,44.509476,44.707222,84118000
2018-07-31,44.799022,45.232180,44.573024,44.796665,157492000
2018-08-01,46.877723,47.496856,46.449270,47.435650,271742800
2018-08-02,47.219072,49.055291,47.164928,48.822231,249616000
2018-08-03,48.737488,49.140045,48.372598,48.963486,133789600
2018-08-06,48.965827,49.260093,48.746895,49.217720,101701600
2018-08-07,49.276581,49.318953,48.673921,48.756317,102349600
2018-08-08,48.506782,48.921107,48.146601,48.789276,90102000
2018-08-09,49.326013,49.384866,48.777501,49.172997,93970400
2018-08-10,48.986383,49.397439,48.823378,49.026543,98444800
2018-08-13,49.447028,49.834458,49.066684,49.343082,103563600
2018-08-14,49.647846,49.742340,49.198991,49.550987,82992000
2018-08-15,49.425757,49.784840,49.215506,49.666721,115230400
2018-08-16,50.023452,50.510103,49.957306,50.394348,114001600
2018-08-17,50.422696,51.488130,50.356550,51.400723,141708000
2018-08-20,51.523564,51.778698,50.817210,50.899895,121150800
2018-08-21,51.216460,51.308593,50.562079,50.800678,104639200
2018-08-22,50.578614,51.112511,50.517190,50.803040,76072400
2018-08-23,50.708528,51.275502,50.696719,50.906971,75532800
2018-08-24,51.169200,51.240068,50.817203,51.065254,73905600
2018-08-27,51.299145,51.674766,51.105431,51.485775,82100400
2018-08-28,51.738545,52.099990,51.717285,51.901550,91107200
2018-08-29,52.007848,52.796887,51.833034,52.676403,109019200
2018-08-30,52.740190,53.923743,52.539386,53.160694,195175200
2018-08-31,53.510328,54.067851,53.389848,53.774918,173360400
2018-09-04,53.959181,54.141082,53.538677,53.947369,109560400
2018-09-05,54.096210,54.256851,53.177243,53.595383,133332000
2018-09-06,53.444189,53.708778,52.279536,52.704765,137160000
2018-09-07,52.409461,53.241017,52.140150,52.279530,150479200
2018-09-10,52.196831,52.409448,51.138485,51.577888,158066000
2018-09-11,51.502297,52.988238,51.159753,52.881931,142996000
2018-09-12,53.139430,53.153604,51.934614,52.225189,197114800
2018-09-13,52.803992,53.945024,52.579567,53.486721,166825600
2018-09-14,53.330797,53.588296,52.567749,52.879581,127997200
2018-09-17,52.480334,52.669326,51.327494,51.471600,148780400
2018-09-18,51.450331,52.409461,51.292051,51.556641,126286800
2018-09-19,51.618069,51.882654,50.862107,51.587357,108495200
2018-09-20,52.029108,52.511032,51.771605,51.979496,106435200
2018-09-21,52.156683,52.293701,51.332210,51.419621,384986800
2018-09-24,51.221187,52.270082,51.176301,52.159050,110773600
2018-09-25,51.913358,52.638612,51.901546,52.489780,98217600
2018-09-26,52.208655,52.858310,51.915718,52.071636,95938800
2018-09-27,52.874853,53.493796,52.808703,53.141800,120724800
2018-09-28,53.103997,53.352048,52.922096,53.328426,91717600
2018-10-01,53.850513,54.197783,53.472534,53.687508,94403200
2018-10-02,53.685144,54.334799,53.538677,54.164707,99152800
2018-10-03,54.346612,55.154547,54.282827,54.823814,114619200
2018-10-04,54.519066,54.889961,53.562300,53.859962,128168000
2018-10-05,53.852872,53.959178,52.109432,52.985874,134322000
2018-10-08,52.494510,53.106366,52.019669,52.863041,118655600
2018-10-09,52.832334,53.689880,52.503963,53.595383,107564000
2018-10-10,53.262288,53.472540,51.039285,51.112518,167962400
2018-10-11,50.677828,51.854293,50.158104,50.661289,212497600
2018-10-12,52.071643,52.652791,51.225909,52.470886,161351600
2018-10-15,52.246449,52.404729,51.327483,51.348743,123164000
2018-10-16,51.719636,52.678767,51.207000,52.480324,116736000
2018-10-17,52.515776,52.596096,51.816509,52.253551,91541600
2018-10-18,51.466877,51.911007,50.318759,51.032200,130325200
2018-10-19,51.514112,52.270074,51.365281,51.809410,132314800
2018-10-22,51.922808,52.766180,51.722007,52.125973,115168400
2018-10-23,50.987313,52.740200,50.720362,52.617355,155071200
2018-10-24,52.586648,52.971714,50.682564,50.812496,163702000
2018-10-25,51.431434,52.298428,51.204643,51.925171,119423200
2018-10-26,51.003849,52.017314,50.240800,51.098347,189033600
2018-10-29,51.781069,51.899188,48.686346,50.139214,183742000
2018-10-30,49.881711,50.833751,49.437586,50.389626,146640000
2018-10-31,51.235355,52.078724,51.173931,51.703106,153435600
2018-11-01,51.747989,52.529938,51.218815,52.496864,233292800
2018-11-02,49.503732,50.472307,48.530428,49.014717,365314800
2018-11-05,48.263495,48.284755,46.815352,47.623287,264654800
2018-11-06,47.701237,48.362705,47.646903,48.138279,127531600
2018-11-07,48.657994,49.624207,48.223316,49.598221,133697600
2018-11-08,49.778392,49.811580,49.012681,49.425171,101450400
2018-11-09,48.728211,48.837258,47.945904,48.472183,137463200
2018-11-12,47.175450,47.376955,45.940353,46.030437,204542000
2018-11-13,45.428295,46.743989,45.385621,45.570530,187531600
2018-11-14,45.966429,46.103926,44.077040,44.283287,243204000
2018-11-15,44.660207,45.508891,44.306983,45.376137,185915200
2018-11-16,45.160424,46.220094,44.913880,45.878723,147713200
2018-11-19,45.041890,45.207834,43.854208,44.060452,167701200
2018-11-20,42.284843,43.019738,41.606844,41.955326,271300800
2018-11-21,42.607239,42.735255,41.853382,41.907906,124496800
2018-11-23,41.471724,41.865249,40.798467,40.843506,94496000
2018-11-26,41.305770,41.474082,40.362259,41.395851,179994000
2018-11-27,40.658606,41.431433,40.509259,41.305790,165549600
2018-11-28,41.896058,42.977062,41.469345,42.894093,184250000
2018-11-29,43.301840,43.335028,42.126008,42.564575,167080000
2018-11-30,42.740008,42.749492,41.967185,42.334633,158126000
2018-12-03,43.728561,43.842350,42.958108,43.813904,163210000
2018-12-04,42.896459,43.237829,41.787008,41.886574,165377200
2018-12-06,40.717864,41.433794,40.400201,41.419571,172393600
2018-12-07,41.127986,41.365048,39.897630,39.942673,169126400
2018-12-10,39.115314,40.321961,38.719420,40.205803,248104000
2018-12-11,40.694152,40.724968,39.589440,39.975853,189126800
2018-12-12,40.395463,40.755799,40.068319,40.087284,142510800
2018-12-13,40.416786,40.909877,40.193947,40.525833,127594400
2018-12-14,40.063572,40.082537,39.181699,39.229111,162814800
2018-12-17,39.222000,39.909483,38.577189,38.864037,177151600
2018-12-18,39.205399,39.715082,38.970706,39.368973,135366000
2018-12-19,39.352377,39.696117,37.714274,38.140987,196189200
2018-12-20,38.024836,38.430214,36.815819,37.178524,259092000
2018-12-21,37.185632,37.493814,35.471670,35.732437,382978400
2018-12-24,35.120816,35.926831,34.750999,34.807896,148676800
2018-12-26,35.156374,37.273340,34.781814,37.259117,234330000
2018-12-27,36.943834,37.164304,35.575985,37.017323,212468400
2018-12-28,37.337344,37.579149,36.638011,37.036274,169165600
2018-12-31,37.581523,37.778285,37.095544,37.394245,140014000
2019-01-02,36.718613,37.657383,36.562151,37.436913,148158800
2019-01-03,34.132268,34.544758,33.662885,33.707928,365248800
2019-01-04,34.262647,35.215639,34.089592,35.146889,234428400
2019-01-07,35.251200,35.282019,34.587424,35.068661,219111200
2019-01-08,35.455074,35.990837,35.208530,35.737179,164101200
2019-01-09,35.865184,36.633268,35.471663,36.344051,180396400
2019-01-10,36.152050,36.500532,35.763267,36.460232,143122800
2019-01-11,36.242123,36.436512,35.917344,36.102253,108092800
2019-01-14,35.760896,35.860462,35.374482,35.559391,129756800
2019-01-15,35.623379,36.363013,35.571225,36.287155,114843600
2019-01-16,36.289532,36.953308,36.270567,36.730469,122278800
2019-01-17,36.555049,37.375287,36.332210,36.948574,119284800
2019-01-18,37.337352,37.427437,36.977016,37.176151,135004000
2019-01-22,37.078955,37.154813,36.180486,36.341690,121576000
2019-01-23,36.543201,36.777895,35.962399,36.488678,92522400
2019-01-24,36.533699,36.621411,35.971862,36.199440,101766000
2019-01-25,36.858477,37.486695,36.583487,37.398979,134142000
2019-01-28,36.931971,37.059987,36.427031,37.052876,104768400
2019-01-29,37.041025,37.486703,36.533711,36.668835,166348800
2019-01-30,38.700470,39.387950,37.984540,39.174595,244439200
2019-01-31,39.378457,40.063567,39.011009,39.456688,162958400
2019-02-01,39.579963,40.058826,39.335785,39.475655,130672400
2019-02-04,39.686639,40.694155,39.655820,40.596958,125982000
2019-02-05,40.978629,41.504908,40.857728,41.291550,144406400
2019-02-06,41.402983,41.621084,40.976273,41.305790,112958400
2019-02-07,40.869573,41.234652,40.381225,40.523464,126966800
2019-02-08,40.233003,40.630595,40.097297,40.571075,95280000
2019-02-11,40.723467,40.761561,40.294924,40.337776,83973600
2019-02-12,40.497287,40.711556,40.402053,40.685368,89134000
2019-02-13,40.804408,41.063914,40.454431,40.516331,89960800
2019-02-14,40.404427,40.773447,40.325861,40.663933,87342800
2019-02-15,40.771081,40.878216,40.413962,40.573475,98507200
2019-02-19,40.404436,40.816312,40.352058,40.694889,75891200
2019-02-20,40.756786,41.263896,40.709171,40.956772,104457600
2019-02-21,40.902014,41.037717,40.544895,40.725834,68998800
2019-02-22,40.849642,41.187715,40.802027,41.180573,75652800
2019-02-25,41.463889,41.871003,41.413891,41.480553,87493600
2019-02-26,41.356748,41.735294,41.228184,41.504356,68280800
2019-02-27,41.237714,41.663875,41.123434,41.632923,111341600
2019-02-28,41.501979,41.642445,41.168666,41.223423,112861600
2019-03-01,41.492444,41.699572,41.161514,41.656719,103544800
2019-03-04,41.828148,42.318591,41.418651,41.866241,109744800
2019-03-05,41.887668,41.901952,41.554355,41.790054,78949600
2019-03-06,41.585294,41.780521,41.411497,41.549583,83241600
2019-03-07,41.394836,41.530543,40.954391,41.068668,99185600
2019-03-08,40.549670,41.204388,40.354443,41.166294,95997600
2019-03-11,41.780525,42.644751,41.747195,42.592373,128044000
2019-03-12,42.854266,43.489937,42.704275,43.070919,129870400
2019-03-13,43.389960,43.639944,43.073314,43.261398,124130000
2019-03-14,43.782779,43.830398,43.463753,43.742306,94318000
2019-03-15,44.008952,44.599387,43.744684,44.311310,156171600
2019-03-18,44.235132,44.851756,44.232749,44.763668,104879200
2019-03-19,44.842230,44.994601,44.263696,44.408924,126585600
2019-03-20,44.337495,45.113635,43.980376,44.796989,124140800
2019-03-21,45.239820,46.742100,45.189822,46.446880,204136800
2019-03-22,46.506397,47.065885,45.420756,45.485039,169630800
2019-03-25,45.594555,45.706452,44.425588,44.935078,175381200
2019-03-26,45.630262,45.920719,43.944661,44.470814,199202000
2019-03-27,44.937466,45.177925,44.413692,44.870804,119393600
2019-03-28,44.985082,45.130310,44.647010,44.930325,83121600
2019-03-29,45.194584,45.254104,44.887460,45.223152,94256000
2019-04-01,45.625507,45.635029,44.849370,45.530277,111448000
2019-04-02,45.494553,46.296883,45.485032,46.192127,91062800
2019-04-03,46.008810,46.782567,45.985000,46.508778,93087200
2019-04-04,46.375452,46.751618,45.982623,46.589725,76457200
2019-04-05,46.770675,46.925428,46.646872,46.901619,74106400
2019-04-08,46.763538,47.670619,46.744491,47.639671,103526800
2019-04-09,47.692030,48.294370,47.432521,47.496803,143072800
2019-04-10,47.301580,47.792026,47.182541,47.763454,86781200
2019-04-11,47.818217,47.853927,47.244445,47.365864,83603200
2019-04-12,47.425391,47.649186,46.713537,47.346825,111042800
2019-04-15,47.277772,47.580133,47.142065,47.432522,70146400
2019-04-16,47.487292,47.942021,47.273019,47.437294,102785600
2019-04-17,47.506331,48.420558,47.284919,48.361038,115627200
2019-04-18,48.358660,48.603881,48.215814,48.534840,96783200
2019-04-22,48.289610,48.791957,48.172949,48.694344,77758000
2019-04-23,48.670540,49.460965,48.544359,49.396683,93292000
2019-04-24,49.368118,49.634766,49.294314,49.320503,70162400
2019-04-25,49.241933,49.463345,48.834816,48.872910,74172800
2019-04-26,48.782437,48.806246,48.120577,48.639591,74596400
2019-04-29,48.663396,49.037182,48.534835,48.713394,88818800
2019-04-30,48.344377,48.425323,47.403965,47.775368,186139600
2019-05-01,49.968075,51.260843,49.813321,50.120445,259309200
2019-05-02,49.958560,50.627562,49.551447,49.794285,127985200
2019-05-03,50.208528,50.434703,50.051395,50.413277,83569600
2019-05-06,48.637202,49.720463,48.449121,49.634754,129772400
2019-05-07,49.015753,49.382394,47.813452,48.296753,155054800
2019-05-08,48.068203,48.887196,48.032492,48.306282,105358000
2019-05-09,47.711082,48.015824,46.820668,47.787270,139634400
2019-05-10,47.182601,47.524367,46.071270,47.125240,164834800
2019-05-13,44.861964,45.284984,43.700442,44.386360,229722400
2019-05-14,44.551263,45.337559,44.312267,45.089005,146118800
2019-05-15,44.517805,45.827502,44.458056,45.629135,106178800
2019-05-16,45.387750,45.999580,45.132023,45.428379,132125600
2019-05-17,44.675534,45.624349,44.634905,45.170258,131516400
2019-05-20,43.860571,44.058939,43.086223,43.757801,154449200
2019-05-21,44.266860,44.931269,44.142581,44.596676,113459200
2019-05-22,44.133022,44.383969,43.628740,43.683708,118994400
2019-05-23,42.971497,43.148352,42.495894,42.938038,146118800
2019-05-24,43.067089,43.530742,42.689475,42.773125,94858800
2019-05-28,42.761176,43.160299,42.519791,42.596268,111792800
2019-05-29,42.163686,42.863946,42.063308,42.393124,113924800
2019-05-30,42.529349,42.835264,42.223434,42.612999,84873600
2019-05-31,42.118293,42.538929,41.821941,41.841061,108174400
2019-06-03,41.967706,42.522175,40.693857,41.418015,161584400
2019-06-04,41.929483,42.978676,41.709607,42.933266,123872000
2019-06-05,44.042205,44.211894,43.291757,43.626350,119093600
2019-06-06,43.755417,44.326618,43.533149,44.266869,90105200
2019-06-07,44.575161,45.868131,44.398306,45.445107,122737600
2019-06-10,45.841847,46.692673,45.796437,46.025875,104883600
2019-06-11,46.570785,46.843240,46.269651,46.558834,107731600
2019-06-12,46.353292,46.836065,46.219455,46.410652,73012800
2019-06-13,46.532541,47.032042,46.269648,46.401093,86698400
2019-06-14,45.779711,46.267262,45.480966,46.064117,75046000
2019-06-17,46.102340,46.594675,45.927874,46.338947,58676400
2019-06-18,46.855190,47.868532,46.654435,47.428780,106204000
2019-06-19,47.722747,47.770550,47.156328,47.290165,84496800
2019-06-20,47.887638,47.944999,47.328388,47.670155,86056000
2019-06-21,47.512426,48.002368,47.357076,47.507645,191202400
2019-06-24,47.450285,47.837461,47.361857,47.459846,72881600
2019-06-25,47.423996,47.622363,46.673549,46.740471,84281200
2019-06-26,47.266261,48.035829,47.165883,47.751423,104270000
2019-06-27,47.868525,48.174443,47.696451,47.737080,83598800
2019-06-28,47.483737,47.679715,47.094176,47.302101,124442400
2019-07-01,48.556843,48.872319,47.954571,48.169670,109012000
2019-07-02,48.136210,48.547284,48.124260,48.451683,67740800
2019-07-03,48.583128,48.860365,48.442122,48.853195,45448000
2019-07-05,48.599867,49.013329,48.492315,48.810181,69062000
2019-07-08,47.992799,48.133805,47.419209,47.803993,101354400
2019-07-09,47.608023,48.160104,47.514815,48.095577,82312000
2019-07-10,48.241359,48.690669,48.172048,48.571171,71588400
2019-07-11,48.590290,48.848406,48.207899,48.217457,80767200
2019-07-12,48.384754,48.755199,48.325005,48.587902,70380800
2019-07-15,48.776710,49.202122,48.755201,49.044388,67789600
2019-07-16,48.896215,49.259490,48.635710,48.874706,67467200
2019-07-17,48.767169,49.015724,48.580752,48.599873,56430000
2019-07-18,48.755205,49.204519,48.683505,49.151939,74162400
2019-07-19,49.183003,49.352692,48.363249,48.418217,83717200
2019-07-22,48.671559,49.527165,48.662000,49.524776,89111600
2019-07-23,49.821141,49.928688,49.541512,49.911957,73420800
2019-07-24,49.632323,49.986036,49.512825,49.871319,59966400
2019-07-25,49.923900,50.007550,49.407667,49.476978,55638400
2019-07-26,49.586918,50.124659,49.505660,49.649059,70475600
2019-07-29,49.821137,50.342147,49.816356,50.112709,86693600
2019-07-30,49.892833,50.227429,49.546289,49.897614,135742800
2019-07-31,51.723549,52.906579,50.499890,50.915741,277125600
2019-08-01,51.121266,52.108321,49.410057,49.813957,216071600
2019-08-02,49.120862,49.335957,48.188779,48.759979,163448400
2019-08-05,47.318838,47.476573,46.025869,46.207504,209572000
2019-08-06,46.917326,47.337961,46.374803,47.082233,143299200
2019-08-07,46.702225,47.694057,46.322222,47.569778,133457600
2019-08-08,47.847024,48.642881,47.653438,48.618980,108038000
2019-08-09,48.292712,48.642970,47.810502,48.218342,98478800
2019-08-12,47.889668,48.472637,47.776912,48.095985,89927600
2019-08-13,48.225537,50.893270,48.095987,50.132774,188874000
2019-08-14,48.738926,49.525811,48.602178,48.640564,146189600
2019-08-15,48.810897,49.213935,47.901659,48.398262,108909600
2019-08-16,49.007616,49.698541,48.902057,49.540203,110481600
2019-08-19,50.528612,51.034810,50.387069,50.463840,97654400
2019-08-20,50.590999,51.183562,50.456653,50.466248,107537200
2019-08-21,51.097190,51.255524,50.763723,51.013222,86141600
2019-08-22,51.145161,51.445041,50.559794,50.970032,89014800
2019-08-23,50.243125,50.871677,48.220735,48.614178,187272000
2019-08-26,49.386667,49.705740,49.194743,49.537807,104174400
2019-08-27,49.866477,50.032011,48.827691,48.978832,103493200
2019-08-28,48.964434,49.353077,48.777309,49.307495,63755200
2019-08-29,50.020022,50.216746,49.578599,50.142372,83962000
2019-08-30,50.418258,50.487829,49.708140,50.077595,84573600
2019-09-03,49.523411,49.655359,48.993225,49.348282,80092000
2019-09-04,49.993619,50.255114,49.736924,50.185543,76752400
2019-09-05,50.859679,51.332290,50.742124,51.166756,95654800
2019-09-06,51.351487,51.440250,50.982032,51.161961,77449200
2019-09-09,51.541007,51.924855,50.636571,51.380272,109237600
2019-09-10,51.305905,52.006425,50.790113,51.987232,127111600
2019-09-11,52.315910,53.668970,52.234340,53.640179,177158400
2019-09-12,53.930452,54.319095,53.465037,53.520214,128906800
2019-09-13,52.778911,52.968433,52.063997,52.479031,159053200
2019-09-16,52.234341,52.810113,52.193557,52.754932,84632400
2019-09-17,52.769323,52.975641,52.567801,52.946850,73274800
2019-09-18,53.033217,53.462648,52.644573,53.443455,101360000
2019-09-19,53.261117,53.680949,52.867674,53.009220,88242400
2019-09-20,53.109989,53.393074,52.171963,52.234337,221652400
2019-09-23,52.527017,52.740531,52.215141,52.471840,76662000
2019-09-24,53.026012,53.376274,52.104781,52.222332,124763200
2019-09-25,52.431055,53.138771,52.092789,53.026016,87613600
2019-09-26,52.778919,53.004429,52.498231,52.752529,75334000
2019-09-27,52.908462,53.009225,52.126376,52.495831,101408000
2019-09-30,52.994820,53.877669,52.968430,53.731327,103909600
2019-10-01,53.995230,54.750927,53.786511,53.880074,139223200
2019-10-02,53.513008,53.637759,52.282299,52.529404,138449200
2019-10-03,52.402261,53.009222,51.610580,52.975636,114426000
2019-10-04,54.131969,54.575793,53.712136,54.460636,138478800
2019-10-07,54.283115,55.161161,54.179954,54.472637,122306000
2019-10-08,54.175155,54.712538,53.817697,53.834488,111820000
2019-10-09,54.465443,54.647769,54.131976,54.465443,74770400
2019-10-10,54.681342,55.283503,54.530205,55.199535,113013600
2019-10-11,55.885673,57.010824,55.732134,56.667763,166795600
2019-10-14,56.353474,57.128367,56.298297,56.586182,96427600
2019-10-15,56.710954,57.013232,56.348700,56.454258,87360000
2019-10-16,55.986429,56.435053,55.945646,56.226334,73903200
2019-10-17,56.399074,56.653372,56.022426,56.444656,67585200
2019-10-18,56.279117,56.996431,56.207145,56.715744,97433600
2019-10-21,56.982034,57.814501,56.934053,57.699345,87247200
2019-10-22,57.855290,58.104789,57.485836,57.567406,82293600
2019-10-23,58.080808,58.354298,57.869691,58.339901,75828800
2019-10-24,58.658961,58.728535,58.011221,58.435852,69275200
2019-10-25,58.335103,59.191559,58.267930,59.155575,73477200
2019-10-28,59.357082,59.796107,59.189150,59.748127,96572800
2019-10-29,59.728937,59.916062,58.193552,58.366280,142839600
2019-10-30,58.718945,58.848495,57.867288,58.359089,124522000
2019-10-31,59.313910,59.776924,56.919664,59.678562,139162000
2019-11-01,59.865690,61.398678,59.774529,61.372292,151125200
2019-11-04,61.734539,61.859294,61.266730,61.775326,103272000
2019-11-05,61.667361,61.940856,61.492236,61.686558,79897600
2019-11-06,61.600193,61.772924,61.264328,61.712948,75864400
2019-11-07,62.259151,62.646560,62.107556,62.425182,94940400
2019-11-08,62.247142,62.668235,61.804394,62.596050,69986400
2019-11-11,62.153283,63.156690,62.148473,63.091724,81821200
2019-11-12,62.935324,63.233704,62.783737,63.033981,87388800
2019-11-13,62.834240,63.712517,62.819803,63.637924,102734400
2019-11-14,63.464699,63.736605,63.067670,63.197609,89182800
2019-11-15,63.447820,63.953132,63.286605,63.948322,100206400
2019-11-18,63.957966,64.350185,63.580192,64.270782,86703200
2019-11-19,64.463268,64.487332,63.859306,64.075867,76167200
2019-11-20,63.895413,64.025345,62.658600,63.329945,106234400
2019-11-21,63.450268,63.527269,62.846298,63.046021,121395200
2019-11-22,63.185555,63.327523,62.764463,62.990650,65325200
2019-11-25,63.214414,64.111946,63.168695,64.095100,84020400
2019-11-26,64.232281,64.285218,63.163908,63.594627,105207600
2019-11-27,63.905039,64.482543,63.840073,64.448853,65235600
2019-11-29,64.150458,64.487330,63.982018,64.306862,46617600
2019-12-02,64.311662,64.547477,63.392483,63.563324,94487200
2019-12-03,62.155689,62.449251,61.669630,62.430004,114430400
2019-12-04,62.819830,63.358827,62.725983,62.981045,67181600
2019-12-05,63.474324,63.979637,63.219263,63.905037,74424400
2019-12-06,64.362238,65.209233,64.318920,65.139450,106075600
2019-12-09,64.968606,65.161102,63.743828,64.227486,128042400
2019-12-10,64.631741,64.985459,63.972425,64.602867,90420400
2019-12-11,64.682233,65.233265,64.607640,65.153854,78756800
2019-12-12,64.434404,65.584589,64.323719,65.319901,137310400
2019-12-13,65.319890,66.243886,65.192359,66.207794,133587600
2019-12-16,66.652958,67.564927,66.648149,67.341141,128186000
2019-12-17,67.271372,67.800741,67.086086,67.473495,114158400
2019-12-18,67.326723,67.832036,67.163100,67.312286,116028400
2019-12-19,67.254524,67.658772,67.122184,67.379646,98369200
2019-12-20,67.911441,68.012499,67.028346,67.240097,275978000
2019-12-23,67.502367,68.397490,67.463866,68.337334,98572000
2019-12-24,68.503363,68.551491,68.077461,68.402298,48478800
2019-12-26,68.534645,69.776268,68.505771,69.759422,93121200
2019-12-27,70.050574,70.736355,69.328701,69.732948,146266000
2019-12-30,69.651134,70.428354,68.630889,70.146820,144114400
2019-12-31,69.764225,70.666566,69.665568,70.659348,100805600
2020-01-02,71.282560,72.331686,71.029908,72.271530,135480400
2020-01-03,71.501549,72.326889,71.345145,71.568924,146322800
2020-01-06,70.693021,72.177669,70.442769,72.139168,118387200
2020-01-07,72.148843,72.403904,71.580973,71.799942,108872000
2020-01-08,71.503945,73.255691,71.503945,72.954910,132079200
2020-01-09,73.929444,74.697036,73.679200,74.504539,170108400
2020-01-10,74.737932,75.236026,74.172463,74.672958,140644800
2020-01-13,74.988187,76.294775,74.870276,76.268303,121532000
2020-01-14,76.205741,76.415083,75.115713,75.238426,161954400
2020-01-15,75.038721,75.916999,74.485281,74.916000,121923600
2020-01-16,75.457410,75.965131,75.096473,75.854439,108829200
2020-01-17,76.102273,76.696615,75.796682,76.694214,137816400
2020-01-21,76.323663,76.764002,76.037319,76.174477,110843200
2020-01-22,76.658109,76.997390,76.352518,76.446365,101832400
2020-01-23,76.499289,76.893909,75.953067,76.814507,104472000
2020-01-24,77.059967,77.801087,76.403060,76.593155,146537600
2020-01-27,74.608009,75.019475,73.361576,74.340919,161940000
2020-01-28,75.219177,76.614796,75.120520,76.443954,162234000
2020-01-29,78.070609,78.888730,77.331890,78.044136,216229200
2020-01-30,77.129747,77.983960,76.699027,77.931023,126743200
2020-01-31,77.223605,77.644697,74.182115,74.475677,199588400
2020-02-03,73.222022,75.433362,72.721527,74.271149,173788400
2020-02-04,75.871301,76.913209,75.467054,76.723114,136616400
2020-02-05,77.846804,78.145183,76.747156,77.348717,118826800
2020-02-06,77.618204,78.255857,77.062362,78.253448,105425600
2020-02-07,77.754193,78.002624,76.700170,77.189796,117684000
2020-02-10,75.778795,77.556404,75.699203,77.556404,109348800
2020-02-11,78.050861,78.123216,76.871411,77.088486,94323200
2020-02-12,77.537129,78.924003,77.537129,78.919182,113730400
2020-02-13,78.193167,78.682793,77.990563,78.357178,94747600
2020-02-14,78.325808,78.624896,77.869953,78.376465,80113600
2020-02-18,76.063390,77.122242,75.882494,76.941345,152531200
2020-02-19,77.182545,78.284810,77.182545,78.055672,93984000
2020-02-20,77.816895,78.304107,76.750808,77.254906,100566000
2020-02-21,76.849694,77.291085,74.891188,75.506233,129554000
2020-02-24,71.697759,73.366827,69.760960,71.919655,222195200
2020-02-25,72.587789,72.968875,69.013270,69.483597,230673600
2020-02-26,69.109753,71.847324,69.102518,70.585869,198054800
2020-02-27,67.800045,68.981901,65.836710,65.971779,320605600
2020-02-28,62.049948,67.151231,61.835281,65.933189,426510000
2020-03-02,68.084656,72.705962,66.984806,72.071617,341397200
2020-03-03,73.243833,73.323425,68.933664,69.782677,319475600
2020-03-04,71.500002,73.178721,70.701646,73.019531,219178400
2020-03-05,71.278088,72.250106,70.286778,70.650986,187572800
2020-03-06,68.017119,70.144465,67.831401,69.712723,226176800
2020-03-09,63.615324,67.074067,63.434427,64.199020,286744800
2020-03-10,66.844902,69.088017,64.970809,68.822701,285290000
2020-03-11,66.905221,67.828996,65.571403,66.432472,255598800
2020-03-12,61.731583,65.122791,59.816490,59.871964,418474000
2020-03-13,63.890271,67.515439,61.010393,67.045105,370732000
2020-03-16,58.357251,62.488927,57.886920,58.419964,322423600
2020-03-17,59.698288,62.134360,57.500998,60.988686,324056000
2020-03-18,57.831442,60.298871,57.192272,59.495689,300233600
2020-03-19,59.669350,60.983864,58.516436,59.039829,271857200
2020-03-20,59.618688,60.740249,54.992561,55.291645,401693200
2020-03-23,55.011860,55.113162,51.280566,54.117023,336752800
2020-03-24,57.008967,59.741713,56.512105,59.546345,287531200
2020-03-25,60.479774,62.288741,58.924064,59.218323,303602000
2020-03-26,59.459518,62.392453,59.420926,62.334568,252087200
2020-03-27,60.962145,61.714674,59.587332,59.753757,204216800
2020-03-30,60.477359,61.630273,60.154154,61.459023,167976400
2020-03-31,61.649576,63.311409,60.781271,61.333607,197002000
2020-04-01,59.454693,59.990147,57.677083,58.106411,176218400
2020-04-02,57.968929,59.129079,57.139216,59.076015,165934000
2020-04-03,58.562267,59.261732,57.638487,58.227005,129880000
2020-04-06,60.515939,63.460933,60.149324,63.306572,201820400
2020-04-07,65.315725,65.532807,62.469621,62.573334,202887200
2020-04-08,63.371688,64.488424,63.007488,64.174873,168895200
2020-04-09,64.809247,65.139684,63.844465,64.637993,161834800
2020-04-13,64.715156,66.015203,64.116988,65.906662,131022800
2020-04-14,67.534758,69.524621,67.064424,69.235184,194994800
2020-04-15,68.113614,69.061511,67.686701,68.603241,131154400
2020-04-16,69.314779,69.512561,68.101566,69.148354,157125200
2020-04-17,68.665954,69.211058,66.777389,68.210091,215250000
2020-04-20,67.040298,67.939952,66.774981,66.794273,130015200
2020-04-21,66.637487,66.871447,64.020514,64.729630,180991600
2020-04-22,65.993496,67.028227,65.653417,66.594078,116862400
2020-04-23,66.538571,67.956801,66.297376,66.335968,124814400
2020-04-24,66.859396,68.260741,66.811154,68.251091,126161200
2020-04-27,67.968888,68.629768,67.522682,68.299332,117087600
2020-04-28,68.759993,68.940890,67.100575,67.192223,112004800
2020-04-29,68.675606,69.867113,68.473003,69.399193,137280800
2020-04-30,69.937031,71.039296,69.548709,70.863220,183064000
2020-05-01,69.042209,72.117451,68.945732,69.722382,240616800
2020-05-04,69.746510,70.836711,69.059101,70.708878,133568000
2020-05-05,71.167138,72.599839,71.022419,71.770126,147751200
2020-05-06,72.469606,73.140129,72.086106,72.510612,142333600
2020-05-07,73.135270,73.605604,72.833776,73.260689,115215200
2020-05-08,73.918543,75.057647,73.592047,75.004440,133838400
2020-05-11,74.513489,76.678027,74.305495,76.184662,145946400
2020-05-12,76.866681,77.316523,75.193094,75.314018,162301200
2020-05-13,75.492989,76.412017,73.330863,74.404671,200622400
2020-05-14,73.645258,74.922217,72.924547,74.861755,158929200
2020-05-15,72.639166,74.465118,72.605304,74.419167,166348400
2020-05-18,75.739666,76.545018,75.050397,76.172569,135178400
2020-05-19,76.189496,77.033545,75.700965,75.732407,101729600
2020-05-20,76.588528,77.275377,76.549832,77.205246,111504800
2020-05-21,77.067391,77.606716,76.392632,76.629646,102688800
2020-05-22,76.368489,77.205290,76.266916,77.123062,81803200
2020-05-26,78.237958,78.416923,76.545019,76.600647,125522000
2020-05-27,76.457961,77.079505,75.720318,76.934395,112945200
2020-05-28,76.610308,78.223440,76.334605,76.968246,133560800
2020-05-29,77.210093,77.669604,76.537755,76.893272,153532400
2020-06-01,76.847333,77.959837,76.716733,77.838913,80791200
2020-06-02,77.572893,78.223466,77.132727,78.199280,87642800
2020-06-03,78.518513,78.890961,77.947746,78.629761,104491200
2020-06-04,78.453188,78.750657,77.580112,77.952560,87560400
2020-06-05,78.201689,80.233214,78.172669,80.172752,137250400
2020-06-08,79.870420,80.680614,79.161806,80.646751,95654400
2020-06-09,80.327530,83.585221,80.296089,83.193428,147712400
2020-06-10,84.139032,85.800529,83.701287,85.333763,166651600
2020-06-11,84.480057,84.903292,81.135298,81.236870,201662400
2020-06-12,83.369986,84.114876,80.830578,81.938240,200146000
2020-06-15,80.595968,83.602141,80.433926,82.951569,138808800
2020-06-16,85.000019,85.420840,83.369963,85.149963,165428800
2020-06-17,85.892459,85.952921,84.910555,85.031479,114406400
2020-06-18,84.987968,85.481341,84.458319,85.065361,96820400
2020-06-19,85.769098,86.233442,83.473952,84.579201,264476000
2020-06-22,84.971019,86.934827,84.925067,86.792137,135445200
2020-06-23,88.032808,90.059498,87.614407,88.644684,212155600
2020-06-24,88.274665,89.191272,86.707485,87.079933,192623200
2020-06-25,87.234729,88.274674,86.477742,88.235977,137522400
2020-06-26,88.131990,88.352073,85.377333,85.524864,205256800
2020-06-29,85.432952,87.590243,84.956510,87.495918,130646000
2020-06-30,87.084763,88.511675,87.065419,88.226288,140223200
2020-07-01,88.303695,88.845433,88.011060,88.059425,110737200
2020-07-02,88.963943,89.597585,87.945764,88.059425,114041600
2020-07-06,89.483898,90.881782,89.452457,90.415016,118655600
2020-07-07,90.792288,91.568619,90.023212,90.134460,112424400
2020-07-08,91.109133,92.265168,91.022064,92.233727,117092000
2020-07-09,93.123721,93.176928,91.585569,92.630356,125642800
2020-07-10,92.226465,92.850438,91.617009,92.792389,90257200
2020-07-13,94.093526,96.695816,92.151483,92.364311,191649200
2020-07-14,91.747620,94.083877,90.816510,93.892822,170989200
2020-07-15,95.762296,96.011400,93.343812,94.538544,153198000
2020-07-16,93.413941,94.228969,92.777878,93.375244,110577600
2020-07-17,93.825075,93.979854,92.714985,93.186592,92186800
2020-07-20,93.273667,95.288261,92.930240,95.150406,90318000
2020-07-21,95.938829,96.013801,93.588062,93.837166,103433200
2020-07-22,93.539694,94.780378,93.452632,94.100784,89001600
2020-07-23,93.834764,93.912157,89.009892,89.817665,197004400
2020-07-24,88.020711,89.938566,86.238282,89.595139,185438800
2020-07-27,90.654458,91.810493,90.431962,91.718590,121214000
2020-07-28,91.290518,91.467070,90.207034,90.211876,103625600
2020-07-29,90.693162,92.124908,90.656886,91.941101,90329200
2020-07-30,91.116381,93.157582,90.710077,93.053589,158130000
2020-07-31,99.530289,102.945187,97.537453,102.795242,374336800
2020-08-03,104.671981,107.997397,104.374513,105.385437,308151200
2020-08-04,105.574080,107.177536,104.853369,106.089218,173071600
2020-08-05,105.811085,106.792989,105.346733,106.473747,121776800
2020-08-06,106.805088,110.681918,106.217399,110.188545,202428800
2020-08-07,109.711254,110.166750,106.888642,107.683334,198045600
2020-08-10,109.124922,110.263662,106.605165,109.248489,212403600
2020-08-11,108.514349,109.011029,105.740189,105.999435,187902400
2020-08-12,107.087285,109.779068,106.893460,109.522247,165598000
2020-08-13,110.898431,112.461169,110.411437,111.460533,210082000
2020-08-14,111.286076,111.450827,109.556161,111.361183,165565200
2020-08-17,112.480586,112.504816,110.445397,111.070488,119561600
2020-08-18,110.823331,112.419985,110.488977,111.995987,105633600
2020-08-19,112.403012,113.546595,112.042010,112.136497,145538000
2020-08-20,112.177704,114.738653,112.160743,114.624779,126907200
2020-08-21,115.581800,121.013821,115.569689,120.531677,338054800
2020-08-24,124.725607,124.810415,120.112516,121.973259,345937600
2020-08-25,120.849081,121.316688,119.254845,120.972641,211495600
2020-08-26,122.285808,123.073233,121.222176,122.617737,163022400
2020-08-27,123.218603,123.550531,120.010751,121.151917,155552400
2020-08-28,122.123463,122.540193,120.732753,120.955658,187630000
2020-08-31,123.642608,126.957058,122.111368,125.057541,225702700
2020-09-01,128.662736,130.639785,126.501563,130.038910,151948100
2020-09-02,133.343685,133.721648,123.080518,127.344719,200119000
2020-09-03,122.993283,124.863712,116.781106,117.149376,257599600
2020-09-04,116.364397,119.882365,107.467710,117.226929,332607200
2020-09-08,110.433235,115.317690,109.202433,109.338112,231366600
2020-09-09,113.641096,115.463072,111.702820,113.699242,176940500
2020-09-10,116.645429,116.781108,109.028005,109.987450,182274400
2020-09-11,111.034126,111.673760,106.605166,108.543442,180860300
2020-09-14,111.179488,112.352144,109.318746,111.799736,140150100
2020-09-15,114.678070,115.162639,110.103738,111.974174,184642000
2020-09-16,111.673751,112.419984,108.582199,108.669418,154679000
2020-09-17,106.333809,108.737267,105.354977,106.934669,178011000
2020-09-18,106.992822,107.458004,102.815833,103.542686,287104900
2020-09-21,101.313676,106.789307,99.918115,106.682701,195713800
2020-09-22,109.202451,109.376896,105.791089,108.359299,183055400
2020-09-23,108.175169,108.650045,103.474845,103.814049,150718700
2020-09-24,101.924223,106.847445,101.759471,104.880096,167743300
2020-09-25,105.083639,108.969885,104.347092,108.814819,149981400
2020-09-28,111.460554,111.760984,109.299373,111.412094,137672400
2020-09-29,111.014757,111.751296,110.064998,110.568947,99382200
2020-09-30,110.278177,113.641086,110.113426,112.235832,142675200
2020-10-01,114.009389,114.086922,112.255252,113.185623,116120400
2020-10-02,109.405974,111.809439,108.756654,109.531960,144712000
2020-10-05,110.394493,113.049928,110.045603,112.904556,106243800
2020-10-06,112.129244,112.536288,108.785722,109.667641,161498200
2020-10-07,111.082586,111.983885,110.607704,111.528389,96849000
2020-10-08,112.662271,112.807643,111.053499,111.421776,83477200
2020-10-09,111.722216,113.389135,111.373326,113.360062,100506900
2020-10-12,116.354669,121.316656,115.598742,120.560730,240226800
2020-10-13,121.403898,121.520197,115.957348,117.362595,262330500
2020-10-14,117.265691,119.233039,115.928283,117.449829,150712000
2020-10-15,115.056037,117.459495,114.503629,116.984619,112559200
2020-10-16,117.537032,117.798704,115.143261,115.346779,115393800
2020-10-19,116.257769,116.703571,112.090480,112.400604,120639300
2020-10-20,112.613802,115.308011,112.061393,113.883377,124423700
2020-10-21,113.069291,115.046332,112.856079,113.263123,89946000
2020-10-22,113.825243,114.397038,111.053508,112.177711,101988000
2020-10-23,112.797943,112.953009,110.753062,111.489609,82572600
2020-10-26,110.491386,112.952997,109.396256,111.499290,111850700
2020-10-27,111.925744,113.660502,111.005066,113.001488,92276800
2020-10-28,111.499306,111.867576,107.671208,107.768120,143937800
2020-10-29,108.902032,113.321299,108.737273,111.760986,146129200
2020-10-30,107.632467,108.533766,104.395549,105.500366,190272600
2020-11-02,105.742635,107.264181,104.007877,105.413124,122866900
2020-11-03,106.275659,108.049176,105.374361,107.031586,107624400
2020-11-04,110.617383,112.022629,108.882625,111.402382,138235500
2020-11-05,114.309798,115.928263,113.263134,115.356468,126387100
2020-11-06,114.866208,115.720518,112.740132,115.225410,114457900
2020-11-09,116.982584,118.429089,112.662483,112.924599,154515300
2020-11-10,112.177085,114.157531,110.798530,112.584824,138023400
2020-11-11,113.769209,116.137980,113.041102,116.002068,112295000
2020-11-12,116.128275,117.011709,115.108922,115.730240,103162300
2020-11-13,115.953532,116.176814,114.429361,115.778786,81581900
2020-11-16,115.448699,117.458275,114.701179,116.788422,91183000
2020-11-17,116.060309,117.147611,115.487527,115.904976,74271000
2020-11-18,115.147742,116.322421,114.555548,114.584671,76322100
2020-11-19,114.157534,115.584626,113.400304,115.176888,74113000
2020-11-20,115.176881,115.303084,113.866289,113.914825,73604300
2020-11-23,113.759478,114.186637,110.429601,110.526680,127959300
2020-11-24,110.584959,112.468325,109.303483,111.808174,113874200
2020-11-25,112.177059,113.342028,111.808147,112.643044,76499200
2020-11-27,113.167309,114.060452,112.827527,113.186722,46691300
2020-11-30,113.555634,117.438874,113.400301,115.574921,169410200
2020-12-01,117.477703,119.865894,116.506893,119.137787,127728200
2020-12-02,118.458218,119.768818,117.361206,119.487282,89004200
2020-12-03,119.914428,120.166841,118.642670,119.351364,78967600
2020-12-04,119.021278,119.273690,117.972801,118.681496,78260400
2020-12-07,118.739742,120.933774,118.681496,120.137711,86712000
2020-12-08,120.739626,121.331820,119.496983,120.749329,82225500
2020-12-09,120.894939,122.273487,117.467982,118.225212,115089200
2020-12-10,116.982584,120.254216,116.642802,119.642601,81312200
2020-12-11,118.856243,119.176612,117.031123,118.836830,86939800
2020-12-14,119.021276,119.749383,117.992220,118.225212,79184500
2020-12-15,120.710473,124.166561,120.506604,124.147141,157243700
2020-12-16,123.690852,124.622821,122.865658,124.079170,98208600
2020-12-17,125.137381,125.797539,124.302484,124.943222,94359800
2020-12-18,125.195626,125.331539,122.438523,122.962761,192541500
2020-12-21,121.370632,124.564597,119.846461,124.486931,121251600
2020-12-22,127.768273,130.486543,125.865479,128.030396,168904800
2020-12-23,128.302222,128.564330,126.962499,127.137253,88223700
2020-12-24,127.486762,129.564295,127.273183,128.117783,54930100
2020-12-28,130.078843,133.331048,129.612844,132.700027,124486200
2020-12-29,134.020304,134.738694,130.418593,130.933121,121047300
2020-12-30,131.622403,132.020439,129.506030,129.816696,96452100
2020-12-31,130.166182,130.806920,127.875070,128.816757,99116600
2021-01-04,129.622513,129.709882,123.059837,125.632484,143301900
2021-01-05,125.127634,127.894447,124.681055,127.185745,97664900
2021-01-06,123.991859,127.224658,122.690969,122.904549,155088000
2021-01-07,124.613156,127.787708,124.127751,127.098427,109578200
2021-01-08,128.564317,128.758491,126.428539,128.195419,105158200
2021-01-11,125.418942,126.370331,124.749080,125.215065,100384500
2021-01-12,124.749068,125.904334,123.156940,125.040314,91951100
2021-01-13,125.001468,127.612949,124.739360,127.069298,88636800
2021-01-14,126.981925,127.176084,125.001464,125.147095,90221800
2021-01-15,125.020861,126.418829,123.292821,123.428734,111598500
2021-01-19,124.050074,124.952935,123.234597,124.098618,90757300
2021-01-20,124.904386,128.622589,124.797596,128.176010,104319500
2021-01-21,129.894362,135.593011,129.690485,132.874741,120150900
2021-01-22,132.301961,135.767759,131.078746,135.010529,114459400
2021-01-25,138.893769,140.854794,132.554367,138.748138,157611700
2021-01-26,139.408284,140.087847,137.243367,138.981125,98390600
2021-01-27,139.243228,140.087842,136.311393,137.913223,140843800
2021-01-28,135.447347,137.845248,132.709657,133.088272,142621100
2021-01-29,131.865092,132.748532,126.409146,128.108063,177523800
2021-02-01,129.845841,131.428267,127.108150,130.224457,106239800
2021-02-02,131.767996,132.331067,130.680694,131.049606,83305400
2021-02-03,131.797124,131.806842,129.709889,130.030258,89880900
2021-02-04,132.321353,133.389235,130.661262,133.379532,84183100
2021-02-05,133.539969,133.608019,132.091295,132.966324,75693800
2021-02-08,132.256574,133.160783,131.177364,133.112167,71297200
2021-02-09,132.830201,134.055258,132.081571,132.237122,76774200
2021-02-10,132.694083,133.189946,130.671780,131.634323,73046600
2021-02-11,132.130222,132.606635,130.059317,131.381592,64280000
2021-02-12,130.623173,131.770433,129.981478,131.614868,60145100
2021-02-16,131.731579,132.237143,129.106463,129.495377,80576300
2021-02-17,127.609202,128.552296,125.878579,127.210571,97918500
2021-02-18,125.616068,126.393880,123.875728,126.111931,96856700
2021-02-19,126.627225,127.084189,125.227168,126.267479,87668800
2021-02-22,124.459052,126.121624,122.115908,122.504814,103916400
2021-02-23,120.326960,123.195126,115.105919,122.368706,158273000
2021-02-24,121.474233,122.077030,118.839408,121.872856,111039900
2021-02-25,121.221440,122.952063,117.196282,117.633797,148199500
2021-02-26,119.189417,121.386728,117.837976,117.896317,164560400
2021-03-01,120.317230,124.381279,119.383861,124.245163,116307900
2021-03-02,124.847977,125.149375,121.542289,121.649239,102260900
2021-03-03,121.347819,122.222855,118.460204,118.674103,112966300
2021-03-04,118.372718,120.171398,115.329545,116.797653,178155000
2021-03-05,117.624067,118.557437,114.308656,118.051857,153766600
2021-03-08,117.575463,117.643521,112.986392,113.132233,154376600
2021-03-09,115.728171,118.674120,115.494831,117.731026,129525800
2021-03-10,118.314382,118.781063,116.136513,116.651817,111943300
2021-03-11,119.140787,119.792199,117.896294,118.576874,103026500
2021-03-12,117.060162,117.808800,115.854561,117.672684,88105100
2021-03-15,118.042164,120.560315,117.079620,120.550591,92403800
2021-03-16,122.213130,123.690970,121.260319,122.086739,115227900
2021-03-17,120.608921,122.368710,118.946349,121.299225,111932600
2021-03-18,119.471380,119.763061,116.982395,117.186569,121229700
2021-03-19,116.574014,118.061572,116.360116,116.661514,185549500
2021-03-22,116.992102,120.433905,116.924044,119.967216,111912300
2021-03-23,119.908879,120.793633,118.751887,119.140793,95467100
2021-03-24,119.413049,119.490831,116.739332,116.758774,88530500
2021-03-25,116.224012,118.285206,115.698990,117.244881,98844700
2021-03-26,117.011557,118.110217,115.621224,117.847702,94071200
2021-03-29,118.275495,119.179697,117.381017,118.022705,80819200
2021-03-30,116.778217,117.060174,115.562891,116.574043,85671900
2021-03-31,118.275505,120.093627,117.789374,118.761635,118323800
2021-04-01,120.229731,120.735303,119.092181,119.588036,75089100
2021-04-05,120.433905,122.660383,119.656094,122.407593,88651200
2021-04-06,122.990979,123.603501,122.164559,122.709023,80171300
2021-04-07,122.339525,124.371546,121.668663,124.352104,83466700
2021-04-08,125.372983,126.773040,124.954918,126.743874,88844600
2021-04-09,126.199453,129.349568,125.878605,129.310684,106686700
2021-04-12,128.843941,129.164789,127.006370,127.599449,91420000
2021-04-13,128.766170,130.924589,128.270307,130.700958,91266500
2021-04-14,131.196820,131.255153,128.007807,128.367538,87222800
2021-04-15,130.107913,131.255173,129.932898,130.769043,89347100
2021-04-16,130.574608,130.934339,129.582898,130.438492,84922400
2021-04-19,129.806486,131.712123,129.641203,131.099594,94264200
2021-04-20,131.274608,131.770456,128.153646,129.417587,94812300
2021-04-21,128.688392,130.039833,127.657798,129.796768,68847100
2021-04-22,129.349522,130.428732,127.764748,128.280045,84566500
2021-04-23,128.493954,131.371836,128.493954,130.594040,78657500
2021-04-26,131.089859,131.313475,129.855085,130.982910,66905100
2021-04-27,131.264906,131.653819,130.389878,130.662109,66015800
2021-04-28,130.584303,131.274615,129.388427,129.874557,107760100
2021-04-29,132.684377,133.267739,128.775886,129.777313,151101000
2021-04-30,128.124455,129.855077,127.434158,127.813339,109839500
2021-05-03,128.377258,130.350960,128.173091,128.863388,75135100
2021-05-04,127.550859,127.842540,123.185404,124.303505,137564700
2021-05-05,125.616047,126.831373,124.420171,124.546570,84000900
2021-05-06,124.342380,126.150785,123.603460,126.141068,78128300
2021-05-07,127.436360,127.835652,126.102091,126.813057,78973300
2021-05-10,126.033953,126.160552,123.501776,123.540733,88071200
2021-05-11,120.278121,122.975853,119.567162,122.625252,126142800
2021-05-12,120.180746,121.388395,119.060746,119.567177,112172300
2021-05-13,121.329938,122.858979,121.018286,121.709763,105861300
2021-05-14,122.956392,124.553608,122.566826,124.125084,81918000
2021-05-17,123.511515,123.618646,121.904559,122.975861,74244600
2021-05-18,123.258299,123.677082,121.524737,121.592911,63342900
2021-05-19,119.946989,121.661068,119.654812,121.437073,92612000
2021-05-20,121.963015,124.388054,121.836402,123.988747,76857100
2021-05-21,124.485425,124.660729,121.943514,122.157776,79295400
2021-05-24,122.722642,124.602292,122.654469,123.784203,63092900
2021-05-25,124.485421,124.972385,123.024553,123.589424,72009500
2021-05-26,123.647864,124.066647,123.121951,123.540733,56575900
2021-05-27,123.141437,124.310129,121.816916,122.011696,94625600
2021-05-28,122.294108,122.518111,121.300721,121.359154,71311100
2021-06-01,121.816906,122.079859,120.706647,121.037773,67637100
2021-06-02,121.037767,121.972721,120.813771,121.797417,59278900
2021-06-03,121.427360,121.592923,119.917793,120.317101,76229200
2021-06-04,120.833247,122.868727,120.618985,122.605766,75169300
2021-06-07,122.878454,123.024543,121.573416,122.615501,71057600
2021-06-08,123.297247,125.108731,122.917422,123.433594,74403800
2021-06-09,123.891346,124.417259,123.219344,123.813431,56877900
2021-06-10,123.706302,124.845784,122.654482,122.820045,71186400
2021-06-11,123.229080,124.115343,122.810297,124.027687,53522400
2021-06-14,124.485440,127.134475,123.755006,127.076042,96906500
2021-06-15,126.550134,127.192920,126.014479,126.257957,62746300
2021-06-16,126.968916,127.475354,125.108755,126.754654,91815000
2021-06-17,126.413777,129.092035,126.267681,128.351852,96721700
2021-06-18,127.300042,128.079160,126.842303,127.056564,108953300
2021-06-21,126.900763,128.955718,125.839202,128.848587,79663300
2021-06-22,128.682998,130.582123,128.186293,130.484726,74783600
2021-06-23,130.280248,130.815902,129.754327,130.212067,60214200
2021-06-24,130.942489,131.127534,129.462138,129.929626,68711000
2021-06-25,129.978280,130.397055,129.345229,129.637405,70783700
2021-06-28,129.929631,131.721625,129.871198,131.263885,62111300
2021-06-29,131.283353,132.929267,130.845096,132.773438,64556100
2021-06-30,132.617595,133.825251,132.325418,133.386993,63261400
2021-07-01,133.036400,133.747351,132.218302,133.688919,52485800
2021-07-02,134.302415,136.347635,134.156334,136.308685,78852600
2021-07-06,136.415877,139.415513,136.415877,138.315002,108181800
2021-07-07,139.795319,141.110106,138.938286,140.798462,104911600
2021-07-08,137.886461,140.301759,137.000198,139.503159,105575500
2021-07-09,139.025968,141.850308,138.928571,141.324402,99890800
2021-07-12,142.395697,142.502828,140.243345,140.730301,76299700
2021-07-13,140.272562,143.613088,139.883003,141.840561,100827100
2021-07-14,144.236392,145.668044,143.827335,145.258987,127050800
2021-07-15,145.346659,146.086826,143.252738,144.606476,106820300
2021-07-16,144.586958,145.853032,142.074264,142.570953,93251400
2021-07-19,139.999869,140.311528,137.974130,138.733780,121434600
2021-07-20,139.717379,143.262417,139.230423,142.337189,96350000
2021-07-21,141.733410,142.317763,140.856895,141.606796,74993500
2021-07-22,142.132726,144.333762,142.006113,142.970291,77338200
2021-07-23,143.700726,144.840201,143.087157,144.684372,71447400
2021-07-26,144.401916,145.921217,143.846780,145.103134,72434100
2021-07-27,145.229739,145.317403,141.752882,142.941055,104818600
2021-07-28,141.032206,143.135860,138.821421,141.197769,118931200
2021-07-29,140.915347,142.726825,140.808216,141.840561,56699500
2021-07-30,140.613409,142.512534,140.350448,142.054794,70440600
2021-08-02,142.541761,143.116366,141.460718,141.723679,62880000
2021-08-03,142.006104,144.177924,141.392535,143.515671,64786600
2021-08-04,143.428022,143.934446,142.463844,143.116364,56368300
2021-08-05,143.145611,143.983176,142.356745,143.223526,46397700
2021-08-06,142.745560,143.486837,142.043292,142.540726,54126800
2021-08-09,142.599250,143.086936,141.936005,142.491959,48908700
2021-08-10,142.833377,144.072103,141.721454,142.014069,69023100
2021-08-11,142.452947,143.106444,141.945750,142.267624,48493500
2021-08-12,142.589508,145.379070,142.248122,145.223007,72282600
2021-08-13,145.300992,145.759418,144.618236,145.427795,59375000
2021-08-16,144.881612,147.466354,142.862602,147.398071,103296000
2021-08-17,146.530006,147.944291,145.418083,146.490997,92229700
2021-08-18,146.110589,147.007929,142.550476,142.755310,86326000
2021-08-19,141.458107,144.354961,140.941161,143.086975,86960300
2021-08-20,143.808694,144.842585,143.164946,144.540222,60549600
2021-08-23,144.657268,146.490971,144.247614,146.022797,60131800
2021-08-24,145.769217,147.144494,145.476602,145.935028,48606400
2021-08-25,146.120355,146.617804,144.159864,144.706070,58991300
2021-08-26,144.696328,145.447354,143.877005,143.906265,48597200
2021-08-27,143.847714,145.086439,143.213729,144.940140,55802400
2021-08-30,145.330292,149.709713,144.949898,149.348816,90956700
2021-08-31,148.900167,149.036718,147.563898,148.090607,86453100
2021-09-01,149.065986,151.163029,148.588049,148.753860,80313700
2021-09-02,150.080382,150.909453,148.646585,149.865799,71115500
2021-09-03,149.973078,150.821661,149.319581,150.499786,57808700
2021-09-07,151.153248,153.386841,150.587531,152.830887,82278300
2021-09-08,153.113749,153.172269,150.187636,151.289810,74420200
2021-09-09,151.660492,152.265218,150.158412,150.275467,57305700
2021-09-10,151.182543,151.650717,145.037702,145.301056,140893200
2021-09-13,146.920132,147.690669,145.086430,145.866730,102404300
2021-09-14,146.647073,147.349342,143.291794,144.471985,109296300
2021-09-15,144.901132,145.759464,142.765067,145.359558,83281300
2021-09-16,144.784117,145.301063,143.594163,145.125488,68034100
2021-09-17,145.154741,145.154741,142.170093,142.462708,129868800
2021-09-20,140.258391,141.272770,137.790703,139.419571,123478900
2021-09-21,140.385162,141.038674,139.263491,139.897476,75834000
2021-09-22,140.892375,142.823606,140.160847,142.257904,76404300
2021-09-23,143.038155,143.457573,142.053036,143.213730,64838200
2021-09-24,142.072567,143.837986,141.975024,143.301529,53477900
2021-09-27,141.887246,142.365184,140.277890,141.789703,74150700
2021-09-28,139.721895,141.184952,138.200319,138.414902,108972300
2021-09-29,138.961137,140.892368,138.531971,139.312271,74602000
2021-09-30,140.121820,140.824088,137.800432,138.015015,89056700
2021-10-01,138.405114,139.399997,135.683836,139.136642,94639600
2021-10-04,138.268571,138.707500,134.864536,135.713104,98322000
2021-10-05,136.054547,138.736818,135.927744,137.634644,80861100
2021-10-06,136.034998,138.648985,134.962084,138.502686,83221100
2021-10-07,139.536564,140.667997,139.204941,139.760895,61732700
2021-10-08,140.482713,140.629013,139.048916,139.380539,58773200
2021-10-11,138.766061,141.243497,138.317384,139.292755,64452200
2021-10-12,139.702405,139.721916,137.566339,138.024765,73035900
2021-10-13,137.761404,137.917452,135.771638,137.439529,78762700
2021-10-14,138.609989,140.336400,138.024760,140.219345,69907100
2021-10-15,140.229096,141.331255,139.975490,141.272736,67940300
2021-10-18,139.916987,143.223494,139.634136,142.940643,85589200
2021-10-19,143.389307,145.496112,142.940645,145.096207,76378900
2021-10-20,145.037687,146.061830,144.471970,145.583893,58418800
2021-10-21,145.144965,145.954525,144.228114,145.798462,61421000
2021-10-22,146.003279,146.481202,144.979137,145.027908,58883400
2021-10-25,145.018150,145.691158,143.984259,144.979141,50720600
2021-10-26,145.652143,147.124948,145.340018,145.642395,60893400
2021-10-27,145.681440,146.042322,144.832872,145.184006,56094900
2021-10-28,146.130122,149.397607,146.032579,148.812393,100077900
2021-10-29,143.594136,146.247147,142.804088,146.110596,124953200
2021-11-01,145.320550,146.013055,144.159856,145.291290,74588300
2021-11-02,144.998675,147.837008,144.988911,146.325180,69122000
2021-11-03,146.686058,148.227146,146.130104,147.758972,54511500
2021-11-04,147.846776,148.675832,146.929924,147.242050,60394600
2021-11-05,148.365300,148.668104,146.577765,147.769455,65463900
2021-11-08,147.896482,148.052773,146.675489,146.948990,55020900
2021-11-09,146.714549,147.916002,146.577798,147.310394,56787900
2021-11-10,146.538747,146.646195,144.419105,144.487473,65187100
2021-11-11,145.503347,145.962427,144.253036,144.438629,41000000
2021-11-12,144.985633,146.909920,144.057681,146.509445,63804000
2021-11-15,146.880635,148.355605,145.962446,146.519226,59222800
2021-11-16,146.460572,147.974606,145.874489,147.495972,59256200
2021-11-17,147.495968,151.403146,147.486206,149.928192,88807000
2021-11-18,150.143119,154.988012,149.498431,154.206573,137827700
2021-11-19,153.991688,157.283497,152.897683,156.824402,117305600
2021-11-22,157.928151,161.854870,157.263938,157.283478,117467900
2021-11-23,157.381180,158.045409,155.368985,157.664459,96041900
2021-11-24,157.019741,158.377485,155.935498,158.182129,69463600
2021-11-26,155.867152,156.726721,152.731634,153.171188,76959800
2021-11-29,155.671770,157.449543,155.105227,156.521591,88748200
2021-11-30,156.277365,161.679038,156.208982,161.464142,174048100
2021-12-01,163.593578,166.348146,160.712036,160.946472,152052500
2021-12-02,155.056386,160.389677,154.138197,159.959885,136739200
2021-12-03,160.213862,161.132052,156.013642,158.084442,118023100
2021-12-06,160.477591,163.984296,160.467829,161.483704,107497000
2021-12-07,165.156458,167.598445,164.433624,167.207718,120405400
2021-12-08,168.135656,171.876781,166.738832,171.017197,116998900
2021-12-09,170.851131,172.648429,169.884099,170.509247,108923700
2021-12-10,171.144212,175.461643,170.636275,175.285812,115402700
2021-12-13,176.917057,177.903629,171.456778,171.661911,153237000
2021-12-14,171.183241,173.615465,168.213792,170.284592,139380400
2021-12-15,171.046510,175.334638,168.311482,175.139282,131063300
2021-12-16,175.119721,176.936559,166.787665,168.262619,150185800
2021-12-17,165.986697,169.444558,165.752276,167.168625,195432700
2021-12-20,164.374993,166.621624,163.574030,165.810883,107499100
2021-12-21,167.578884,169.180827,165.195503,168.975708,91185900
2021-12-22,169.024552,171.779120,168.155205,171.564224,92135300
2021-12-23,171.769347,172.746142,171.202804,172.189362,68356600
2021-12-27,172.980566,176.233294,172.961040,176.145386,74919600
2021-12-28,175.979323,177.122171,174.387143,175.129501,79144300
2021-12-29,175.168595,176.438431,174.006207,175.217438,62348900
2021-12-30,175.305337,176.379818,173.957356,174.064804,59773000
2021-12-31,173.957340,175.070885,173.146598,173.449417,64062300
2022-01-03,173.703398,178.636214,173.586187,177.786392,104487900
2022-01-04,178.391984,178.694788,174.963426,175.529968,99310400
2022-01-05,175.442054,175.989057,170.587384,170.860886,94537600
2022-01-06,168.692436,171.232108,167.657036,168.008682,96904000
2022-01-07,168.878068,170.099061,167.061229,168.174774,86709100
2022-01-10,165.156443,168.497079,164.267556,168.194275,106765600
2022-01-11,168.321249,171.114867,166.856057,171.017197,76138300
2022-01-12,172.033062,173.068462,170.763241,171.456757,74805200
2022-01-13,171.700964,172.521468,167.803548,168.194275,84505800
2022-01-14,167.363968,169.747349,167.119769,169.053833,80440800
2022-01-18,167.530021,168.536118,165.478761,165.859711,90956700
2022-01-19,166.055078,167.110018,162.089295,162.372559,94815000
2022-01-20,163.105158,165.742501,160.370130,160.692474,91420500
2022-01-21,160.604572,162.470253,158.533772,158.641220,122848900
2022-01-24,156.306660,158.533750,151.110106,157.869522,162294600
2022-01-25,155.290812,158.983094,153.376302,156.072250,115798400
2022-01-26,159.705914,160.575261,154.157728,155.984329,108275300
2022-01-27,158.680296,160.038040,154.607064,155.525253,121954600
2022-01-28,161.864670,166.396997,159.022193,166.377457,179935700
2022-01-31,166.211380,170.939063,165.576455,170.724167,115541600
2022-02-01,169.972008,170.782749,168.311460,170.558090,86213900
2022-02-02,170.694865,171.798647,169.307818,171.759567,84914300
2022-02-03,170.431140,172.150308,168.125903,168.887802,89418100
2022-02-04,167.909742,170.276610,166.931703,168.604156,82465400
2022-02-07,169.063842,170.129901,167.195783,167.890198,77251200
2022-02-08,167.958658,171.499170,167.665243,170.990585,74829200
2022-02-09,172.183823,172.770637,171.059069,172.408768,71285000
2022-02-10,170.315777,171.626347,167.782659,168.340134,90865900
2022-02-11,168.545522,169.279051,164.349724,164.936554,98670700
2022-02-14,163.694431,165.855904,162.902222,165.171280,86185500
2022-02-15,167.215353,169.151866,166.511164,168.995377,62527400
2022-02-16,168.076057,169.533326,166.315583,168.760681,61177400
2022-02-17,167.274058,168.134738,164.770280,165.171280,69589300
2022-02-18,166.090593,166.794768,162.540307,163.625931,82772700
2022-02-22,161.356874,163.029328,158.589022,160.711380,91162800
2022-02-23,161.904625,162.501230,156.241784,156.554764,90009200
2022-02-24,149.229239,159.273707,148.661975,159.166122,141147500
2022-02-25,160.241892,161.493781,157.337115,161.229721,91974200
2022-02-28,159.479077,161.787250,158.862907,161.493835,95056600
2022-03-01,161.083072,162.941355,158.413028,159.616013,83474400
2022-03-02,160.779848,163.684625,159.371469,162.902191,79724800
2022-03-03,164.770235,165.200574,161.914363,162.579422,76678400
2022-03-04,160.877658,161.914377,158.540145,159.586639,83737200
2022-03-07,159.772441,161.395989,155.547306,155.801605,96418800
2022-03-08,155.332151,159.302987,152.378469,153.982452,131148300
2022-03-09,157.933741,159.821364,155.909208,159.371460,91454900
2022-03-10,156.681840,156.867670,152.554515,155.038742,105342000
2022-03-11,155.439778,155.782098,151.107071,151.332016,96970100
2022-03-14,148.124076,150.735440,146.803732,147.312302,108732100
2022-03-15,147.586096,152.153552,147.077526,151.684082,92964300
2022-03-16,153.601053,156.486266,151.067935,156.085266,102300200
2022-03-17,155.126798,157.464311,154.168324,157.092651,75615400
2022-03-18,156.985078,160.867895,156.251549,160.378876,123511700
2022-03-21,159.919195,162.696838,159.430175,161.748138,95811400
2022-03-22,161.875242,165.699379,161.288428,165.112564,81532000
2022-03-23,164.300813,168.848689,163.968268,166.472061,98062700
2022-03-24,167.303392,170.315754,166.472067,170.247299,90131400
2022-03-25,170.061462,171.430710,168.956272,170.883011,80546200
2022-03-28,168.388986,171.870803,168.222721,171.743668,90371900
2022-03-29,172.809709,175.078751,172.467389,175.029861,100589400
2022-03-30,174.628897,175.665616,172.819519,173.866028,92633200
2022-03-31,173.934468,174.120298,170.570011,170.775406,103049300
2022-04-01,170.208145,171.039484,168.164047,170.481995,78751300
2022-04-04,170.736325,174.570237,170.609175,174.521332,76468400
2022-04-05,173.601917,174.384352,170.589556,171.215500,73401800
2022-04-06,168.574832,169.816946,166.393809,168.056473,89058800
2022-04-07,167.401191,169.552874,166.119962,168.359665,77594700
2022-04-08,168.007548,168.007548,165.484206,166.354660,76575500
2022-04-11,165.005003,165.317968,161.865491,162.110001,72246700
2022-04-12,164.330168,166.139532,162.980469,163.978073,79265200
2022-04-13,163.713960,167.283797,163.107580,166.657852,70618900
2022-04-14,166.873015,167.508749,161.415555,161.660065,75329400
2022-04-18,160.320192,162.941345,159.977887,161.444946,69023900
2022-04-19,161.396032,164.134544,160.310408,163.723755,67723800
2022-04-20,165.053863,165.171238,162.452291,163.557465,67929800
2022-04-21,165.200550,167.763008,162.266434,162.765228,87227800
2022-04-22,162.804378,164.183402,157.953298,158.236923,84882400
2022-04-25,157.581651,159.586634,154.980078,159.303009,96046400
2022-04-26,158.686847,158.774867,153.278292,153.356537,95623200
2022-04-27,152.486082,156.280864,151.967723,153.131592,88063200
2022-04-28,155.752720,160.906990,155.439740,160.046310,130216800
2022-04-29,158.285837,162.550088,153.796641,154.187851,131747600
2022-05-02,153.268510,154.755118,149.904053,154.491058,123055300
2022-05-03,154.676898,157.180691,152.887099,155.977692,88966500
2022-05-04,156.163470,162.823913,155.762471,162.374023,108256500
2022-05-05,160.251713,160.476658,151.547156,153.327194,130525300
2022-05-06,152.808063,156.167674,151.015620,154.052002,116124600
2022-05-09,151.750255,152.631793,148.380869,148.939163,131577900
2022-05-10,152.328132,153.523094,149.791278,151.338852,115366700
2022-05-11,150.349589,152.259564,142.817415,143.493256,142689800
2022-05-12,139.839837,143.199433,135.951314,139.634140,182602000
2022-05-13,141.622445,145.060415,140.172824,144.090729,113990900
2022-05-16,142.562768,144.492337,141.220875,142.552963,86643800
2022-05-17,145.804796,146.696123,143.669531,146.177002,78336300
2022-05-18,143.836080,144.335608,137.028709,137.929840,109742900
2022-05-19,137.009172,138.752639,133.796490,134.531097,136095600
2022-05-20,136.235327,137.812285,129.888326,134.766113,137426100
2022-05-23,134.962001,140.319736,134.824875,140.172821,117726300
2022-05-24,137.919994,139.056190,134.511422,137.479233,104132700
2022-05-25,135.588870,138.879910,135.500721,137.635986,92482700
2022-05-26,134.570205,141.377560,134.325336,140.829056,90601500
2022-05-27,142.406058,146.608005,142.278721,146.568832,90978500
2022-05-31,146.010523,147.567886,143.826280,145.785233,103718400
2022-06-01,146.823477,148.625725,144.649039,145.657913,74286600
2022-06-02,144.795934,148.165334,143.845841,148.106567,72348100
2022-06-03,143.885079,144.933126,141.495170,142.396286,88570300
2022-06-06,144.012404,145.520806,141.926115,143.140671,71598400
2022-06-07,141.387396,145.941955,141.142527,145.657913,67808200
2022-06-08,145.530564,146.794082,144.433556,144.923294,53950200
2022-06-09,144.061371,144.913510,139.604751,139.712494,69473000
2022-06-10,137.400911,137.871055,134.246997,134.315567,91437900
2022-06-13,130.142996,132.425178,128.742353,129.173325,122207100
2022-06-14,130.397649,131.142045,128.781504,130.035233,84784300
2022-06-15,131.533849,134.521255,129.447575,132.650452,91533000
2022-06-16,129.369217,129.672852,126.391601,127.390671,108123900
2022-06-17,127.400469,130.348686,127.145795,128.859879,134520300
2022-06-21,130.681737,134.247031,130.583799,133.081451,81000500
2022-06-22,132.023594,134.932639,131.161665,132.572113,73409200
2022-06-23,134.011937,135.745599,132.846358,135.432175,72433800
2022-06-24,137.028721,138.997478,136.901400,138.752609,89116800
2022-06-27,139.771258,140.545053,138.076768,138.752609,70207900
2022-06-28,139.212979,140.476497,134.501700,134.619232,67083400
2022-06-29,134.638835,137.782946,133.865040,136.372498,66242400
2022-06-30,134.433077,135.530085,131.024505,133.913956,98964500
2022-07-01,133.247928,136.186356,132.875737,136.078613,71051600
2022-07-05,134.942440,138.703625,134.119668,138.654648,73353800
2022-07-06,138.448970,141.162109,138.184507,139.986740,74064300
2022-07-07,140.349119,143.542221,140.339330,143.346329,66253700
2022-07-08,142.278705,144.521713,142.024046,144.022171,64547800
2022-07-11,142.680282,143.630375,140.829073,141.896698,63141600
2022-07-12,142.768456,145.403249,142.073036,142.866409,77588800
2022-07-13,140.055292,143.444271,139.203138,142.503983,71185600
2022-07-14,141.122892,145.892935,140.309925,145.422791,78140700
2022-07-15,146.705911,147.763747,145.158337,147.087906,76259900
2022-07-18,147.646266,148.459233,143.689174,144.051590,81420900
2022-07-19,144.884091,148.126154,143.894826,147.900879,82982400
2022-07-20,148.018440,150.565084,147.283833,149.899033,64823400
2022-07-21,151.329076,152.377122,148.821619,152.161636,65086600
2022-07-22,152.200812,153.072546,150.261454,150.927490,66675400
2022-07-25,150.849110,151.857969,149.154620,149.810867,53623900
2022-07-26,149.135029,149.947996,147.705003,148.488586,55138700
2022-07-27,149.448466,154.100977,149.037088,153.572052,78620700
2022-07-28,153.758159,154.404616,151.240913,154.120575,81378700
2022-07-29,157.930743,160.271691,156.226449,159.174667,101786900
2022-08-01,157.705452,160.232503,157.587920,158.195190,67829400
2022-08-02,156.814116,159.076704,156.353761,156.725952,59907000
2022-08-03,157.538945,163.170933,157.450796,162.720383,82507500
2022-08-04,162.602829,163.758619,161.055255,162.406937,55474100
2022-08-05,160.082361,162.671769,159.876379,162.181351,56697000
2022-08-08,163.181796,164.594203,161.053382,161.710541,60276900
2022-08-09,160.876820,162.642329,160.121572,161.759567,63135500
2022-08-10,164.466663,166.094855,163.701612,165.996780,70170500
2022-08-11,166.801091,167.713276,164.966931,165.261185,57149200
2022-08-12,166.565680,168.870637,166.153716,168.801987,68039400
2022-08-15,168.233129,170.067289,168.066388,169.871124,54091700
2022-08-16,169.468978,170.381164,168.370446,169.714188,56377100
2022-08-17,169.459129,172.774347,169.262965,171.205017,79542000
2022-08-18,170.420400,171.548357,169.802468,170.812729,62290100
2022-08-19,169.714151,170.410552,168.027111,168.233093,70346300
2022-08-22,166.438179,166.604920,163.937043,164.358810,69026800
2022-08-23,163.878195,165.476963,163.456427,164.025314,54147100
2022-08-24,164.113613,164.888467,163.064110,164.319580,53841500
2022-08-25,165.545606,166.879545,165.123854,166.771652,51218200
2022-08-26,167.301308,167.772106,160.425634,160.484482,78961000
2022-08-29,158.061781,159.778245,156.757282,158.287384,73314000
2022-08-30,159.023057,159.444809,154.697563,155.864761,77906200
2022-08-31,157.237935,157.502765,154.128685,154.207153,87991100
2022-09-01,153.638226,155.384114,151.705977,154.932938,74229900
2022-09-02,156.688657,157.286968,152.000259,152.824158,76957800
2022-09-06,153.471505,154.079619,150.744781,151.568680,73714800
2022-09-07,151.853160,153.667699,150.666341,152.971313,87449600
2022-09-08,151.676574,153.363614,149.754128,151.500031,84923800
2022-09-09,152.490695,154.795667,151.784491,154.354279,68028800
2022-09-12,156.531702,161.112207,156.247266,160.298111,104956000
2022-09-13,156.835822,157.463557,150.430958,150.891953,122656600
2022-09-14,151.823701,154.089446,150.666321,152.333740,87965400
2022-09-15,151.686395,152.265100,148.479070,149.450089,90481100
2022-09-16,148.312324,148.449641,145.526737,147.812088,162278800
2022-09-19,146.448714,151.598107,146.242747,151.519638,81474200
2022-09-20,150.460292,155.050614,150.146432,153.893219,107689800
2022-09-21,154.324824,155.698004,150.656505,150.774200,101696800
2022-09-22,149.459887,151.509831,148.018055,149.812988,86652500
2022-09-23,148.292671,148.567304,145.713067,147.547226,96029900
2022-09-26,146.792038,150.823278,146.772417,147.880768,93339400
2022-09-27,149.812992,151.755044,147.076449,148.851761,84442700
2022-09-28,144.810729,147.753239,142.064383,146.968567,146691400
2022-09-29,143.300258,143.908372,137.984109,139.749619,128138200
2022-09-30,138.572584,140.357713,135.355441,135.551605,124925300
2022-10-03,135.561446,140.328313,135.051407,139.720184,114311700
2022-10-04,142.250714,143.417912,141.495466,143.300217,87830100
2022-10-05,141.309131,144.555698,140.269432,143.594467,79471000
2022-10-06,143.015804,144.712648,142.437114,142.643082,68402200
2022-10-07,139.808458,140.357739,136.777676,137.405411,85925600
2022-10-10,137.729111,139.170942,135.914571,137.729111,74899000
2022-10-11,137.219064,138.641290,135.571266,136.316696,77033700
2022-10-12,136.463804,137.670228,135.512391,135.688934,70433700
2022-10-13,132.403154,140.838340,131.795025,140.249847,113224000
2022-10-14,141.544534,141.750516,135.541819,135.728180,88598000
2022-10-17,138.366652,140.161570,137.581979,139.680969,85250900
2022-10-18,142.701931,143.888735,137.915443,140.995270,99136600
2022-10-19,138.974751,142.172273,138.788390,141.103165,61758300
2022-10-20,140.279246,143.094242,139.916326,140.642151,64522000
2022-10-21,140.132125,145.016702,139.916340,144.447815,86548600
2022-10-24,144.369344,147.351080,143.202146,146.586029,75981900
2022-10-25,147.213742,149.567758,146.497735,149.420624,74732300
2022-10-26,148.067108,149.077369,145.203052,146.487961,88194300
2022-10-27,145.232502,146.193718,141.368003,142.025162,109180200
2022-10-28,145.359977,154.481760,144.987269,152.755493,164762400
2022-10-31,150.224946,151.284251,149.008703,150.401489,97943200
2022-11-01,152.108176,152.471081,146.272200,147.763062,80379300
2022-11-02,146.095626,149.253921,142.221324,142.250748,93604600
2022-11-03,139.337651,140.063475,136.091084,136.218597,97918500
2022-11-04,139.598271,140.168102,132.023484,135.953339,140814800
2022-11-07,134.705614,136.709834,133.290864,136.483871,83374600
2022-11-08,137.947741,138.949844,135.078949,137.053696,89908500
2022-11-09,136.071231,136.120357,132.229794,132.504883,74917800
2022-11-10,138.763173,144.294434,137.053681,144.294434,118854000
2022-11-11,143.262895,147.379406,141.838310,147.074844,93979700
2022-11-14,146.357636,147.644661,144.844633,145.679733,73374100
2022-11-15,149.550607,150.896577,145.954787,147.408829,89868300
2022-11-16,146.514851,147.241864,144.707105,146.180801,64218300
2022-11-17,143.862172,148.823617,143.587083,148.076950,80389400
2022-11-18,149.639065,150.022225,147.340103,148.636948,74829600
2022-11-21,147.526750,147.733059,145.129536,145.414444,58724100
2022-11-22,145.532348,147.782183,144.353380,147.546387,51804100
2022-11-23,146.829205,149.167474,146.721134,148.420807,58301400
2022-11-25,145.709216,146.269227,144.540081,145.512726,35195900
2022-11-28,142.594798,144.068494,140.865667,141.690933,69246000
2022-11-29,141.759694,142.270580,137.888800,138.694412,83763800
2022-11-30,138.920402,146.112046,138.085317,145.434143,111380900
2022-12-01,145.610991,146.514856,144.039043,145.709229,71250400
2022-12-02,143.400408,145.404627,143.095831,145.217957,65447400
2022-12-05,145.178663,148.273417,143.213735,144.058655,68826400
2022-12-06,144.490953,144.716915,139.431256,140.403900,64727200
2022-12-07,139.696525,140.855825,137.544926,138.468445,69721100
2022-12-08,139.863530,141.003191,138.625631,140.148438,62128300
2022-12-09,139.843890,143.017258,138.429139,139.667053,76097000
2022-12-12,140.197574,141.966011,138.586334,141.956192,70462700
2022-12-13,146.878350,147.340109,141.710595,142.919022,93886200
2022-12-14,142.801095,144.088120,138.684570,140.698624,82291200
2022-12-15,138.635482,139.313385,133.644564,134.106323,98931900
2022-12-16,134.292963,135.236119,131.384864,132.151184,160156900
2022-12-19,132.740677,132.829096,129.017146,130.048721,79592600
2022-12-20,129.085904,130.913287,127.612209,129.979950,77432800
2022-12-21,130.647990,134.410827,130.422028,133.074677,85928000
2022-12-22,131.994012,132.200321,128.015031,129.911179,77852100
2022-12-23,128.624150,130.097846,127.366598,129.547668,63814900
2022-12-27,129.076065,129.105537,126.462708,127.749733,69007800
2022-12-28,127.396068,128.732219,123.662710,123.829727,85438400
2022-12-29,125.745526,128.191859,125.490091,127.337120,75703700
2022-12-30,126.158186,127.671173,125.195368,127.651520,77034200
2023-01-03,127.995367,128.604489,121.992513,122.876732,112117500
2023-01-04,124.664809,126.403773,122.886552,124.144104,89113600
2023-01-05,124.900613,125.529389,122.572179,122.827614,80962700
2023-01-06,123.800252,128.005188,122.699890,127.346939,87754700
2023-01-09,128.182056,131.070502,127.612225,127.867661,70790800
2023-01-10,127.975710,128.958174,125.873239,128.437469,63896200
2023-01-11,128.948369,131.168732,128.172230,131.149094,69458900
2023-01-12,131.532255,131.905581,129.135041,131.070496,71379600
2023-01-13,129.714683,132.554003,129.351176,132.396805,57809700
2023-01-17,132.465602,134.882454,131.777880,133.556137,63646600
2023-01-18,134.420680,136.179283,132.662062,132.838913,69672800
2023-01-19,131.728754,133.860699,131.424192,132.897888,58280400
2023-01-20,132.907723,135.599680,131.866314,135.452301,80223600
2023-01-23,135.697880,140.806704,135.481737,138.635452,81760300
2023-01-24,137.849478,140.649505,137.839658,140.030548,66435100
2023-01-25,138.419323,139.932311,136.375797,139.372314,65799300
2023-01-26,140.659331,141.720394,139.411598,141.435486,54105100
2023-01-27,140.649542,144.648163,140.570943,143.370956,70555800
2023-01-30,142.417930,142.997579,140.344931,140.492294,64015300
2023-01-31,140.197591,141.808831,139.784958,141.759705,65874500
2023-02-01,141.445326,144.039030,138.841803,142.879715,77663600
2023-02-02,146.288812,148.528828,145.571618,148.175156,118339000
2023-02-03,145.434093,154.620134,145.237603,151.790634,154357300
2023-02-06,149.894495,150.415199,148.135876,149.069214,69858300
2023-02-07,147.998330,152.507834,147.998330,151.938004,83322600
2023-02-08,151.181510,151.869232,148.519027,149.255875,64120100
2023-02-09,151.083277,151.623635,147.782199,148.224304,56007100
2023-02-10,147.063232,148.913073,146.827075,148.588364,57450700
2023-02-13,148.529354,151.786272,148.499836,151.382858,62199000
2023-02-14,149.680588,151.304138,148.440799,150.743271,61707600
2023-02-15,150.654710,153.006383,150.428403,152.839111,65573800
2023-02-16,151.048282,153.823067,150.890859,151.245087,68167900
2023-02-17,149.906894,150.546464,148.430948,150.103683,59144100
2023-02-21,147.791388,148.873754,146.030099,146.098969,58867200
2023-02-22,146.482697,147.545380,144.800127,146.522064,51011300
2023-02-23,147.683118,147.929109,144.878831,147.004181,48394200
2023-02-24,144.750925,144.829644,143.383216,144.357346,55469600
2023-02-27,145.341273,146.777852,145.085433,145.547897,44998500
2023-02-28,144.691869,146.689314,144.475396,145.046097,50547000
2023-03-01,144.475411,144.868991,142.684590,142.979782,55479000
2023-03-02,142.064727,144.357365,141.592413,143.570190,52238100
2023-03-03,145.666005,148.686782,144.967399,148.608063,70732300
2023-03-06,151.323777,153.793536,150.999082,151.363144,87558000
2023-03-07,151.235261,151.559971,148.706481,149.168945,56182000
2023-03-08,150.359544,151.008964,149.395263,150.418579,47204800
2023-03-09,151.097453,152.061733,147.820852,148.175079,53833600
2023-03-10,147.801222,148.519511,145.242910,146.118637,68572400
2023-03-13,145.439690,150.684219,145.331453,148.057037,84457100
2023-03-14,148.854031,150.940029,147.692961,150.143021,73695900
2023-03-15,148.765483,150.792446,147.515845,150.536621,77167900
2023-03-16,149.719970,153.951018,149.208304,153.350800,76161100
2023-03-17,153.577056,154.226476,151.805919,152.514374,98944600
2023-03-20,152.583293,155.289194,151.678033,154.875916,73641400
2023-03-21,154.797178,156.843809,154.029673,156.725739,73938300
2023-03-22,156.745485,159.539940,155.279374,155.299057,75701800
2023-03-23,156.282976,158.959358,155.151408,156.381363,67622100
2023-03-24,156.312512,157.768775,155.318714,157.680222,59196500
2023-03-27,157.375174,158.191866,155.338362,155.741791,52390300
2023-03-28,155.436763,155.948428,153.478669,155.121887,45992200
2023-03-29,156.814336,158.467403,156.794667,158.191895,51305700
2023-03-30,158.939671,159.864600,158.683846,159.756363,49501700
2023-03-31,159.835088,162.354033,159.313588,162.255630,68749800
2023-04-03,161.635754,163.623350,161.586553,163.505280,56976200
2023-04-04,163.928353,164.164495,162.462242,162.973907,46278300
2023-04-05,162.098222,162.403248,159.205366,161.133926,51511700
2023-04-06,159.825250,162.314693,159.402153,162.019501,45390100
2023-04-10,158.831422,159.431641,157.512914,159.431641,47716900
2023-04-11,159.746506,159.756340,157.936001,158.221359,47644200
2023-04-12,158.634643,159.461169,157.217732,157.532608,50133100
2023-04-13,159.038089,163.141217,158.831450,162.905060,68445600
2023-04-14,161.950586,163.652854,161.192945,162.560654,49386500
2023-04-17,162.442583,162.737775,161.399584,162.580338,41516200
2023-04-18,163.436414,164.725405,162.993618,163.800476,49923000
2023-04-19,163.141223,165.463379,162.885383,164.941879,47720200
2023-04-20,163.426552,165.178007,162.905053,163.977570,52456400
2023-04-21,162.403221,163.780764,161.852203,162.373703,58337300
2023-04-24,162.354016,162.944401,161.261816,162.678726,41949600
2023-04-25,162.540964,163.642999,161.104371,161.143738,48714100
2023-04-26,160.445155,162.629556,160.189329,161.133926,45498800
2023-04-27,162.540971,165.856924,162.540971,165.709335,64902300
2023-04-28,165.788095,167.126287,165.187876,166.959000,55275900
2023-05-01,166.565381,167.716617,165.935645,166.870407,52472900
2023-05-02,167.362397,167.618237,164.853286,165.837250,48425700
2023-05-03,166.781838,168.179065,164.479367,164.764709,65136000
2023-05-04,162.245801,164.361318,161.675101,163.131363,81235400
2023-05-05,168.238113,171.504880,168.021640,170.786591,113453200
2023-05-08,169.714050,171.062090,169.349988,170.717697,55962800
2023-05-09,170.274945,170.757078,168.848200,169.015472,45326900
2023-05-10,170.245400,171.239198,169.143350,170.776733,53724500
2023-05-11,171.062148,171.790271,169.409080,170.963745,49514700
2023-05-12,171.072100,171.505646,168.490554,170.037521,45533100
2023-05-15,170.618815,170.668085,168.953614,169.544815,37266700
2023-05-16,169.465987,170.599105,169.278773,169.544815,42110300
2023-05-17,169.190148,170.392230,167.919070,170.155762,57951600
2023-05-18,170.461176,172.668308,170.047341,172.481094,65496700
2023-05-19,173.801438,173.801438,172.372720,172.589493,55809500
2023-05-22,171.426797,172.146095,170.904576,171.643570,43570900
2023-05-23,170.589326,170.835657,168.766469,169.042358,50747300
2023-05-24,168.579228,169.889712,168.017601,169.318222,45143500
2023-05-25,169.879880,171.348005,169.170445,170.451370,56058300
2023-05-26,170.776494,173.190536,170.569569,172.855515,54835000
2023-05-30,174.363068,176.363276,173.978792,174.698074,55964400
2023-05-31,174.727647,176.718007,174.166004,174.648819,99625300
2023-06-01,175.092233,177.476717,174.333529,177.447159,68901800
2023-06-02,178.373338,179.112331,176.629309,178.294510,61996900
2023-06-05,179.949916,182.235862,175.427263,176.944672,121946500
2023-06-06,177.328904,177.476697,174.826171,176.580063,64848400
2023-06-07,175.821376,178.550731,174.717817,175.210480,61944600
2023-06-08,175.289275,178.186132,174.855744,177.920105,50214900
2023-06-09,178.836436,179.555719,177.979208,178.304367,48900000
2023-06-12,178.609812,181.191358,178.314211,181.092819,54274900
2023-06-13,180.117393,181.447573,179.762676,180.619904,54929100
2023-06-14,180.678998,181.684034,179.348819,181.250488,57462900
2023-06-15,181.260369,183.782799,181.083003,183.280273,65433200
2023-06-16,183.989704,184.245898,181.565813,182.206268,101256200
2023-06-20,181.703751,183.368953,181.703751,182.294937,49799100
2023-06-21,182.186553,182.689079,179.910455,181.260361,49515700
2023-06-22,181.043584,184.305007,180.974604,184.255737,51245300
2023-06-23,182.827008,184.807505,182.294924,183.940414,53117000
2023-06-26,184.088252,185.290349,182.511726,182.551147,48088700
2023-06-27,183.162033,185.625345,182.945260,185.300186,50730800
2023-06-28,185.172081,187.113172,184.846937,186.472717,51216800
2023-06-29,186.305199,187.280675,186.167254,186.807709,46347300
2023-06-30,188.817802,191.625969,188.453222,191.123459,85213200
2023-07-03,190.936241,191.034780,188.945881,189.635620,31458200
2023-07-05,188.758700,190.147997,187.822629,188.522217,46920300
2023-07-06,187.054057,189.202073,186.423449,188.995148,45094300
2023-07-07,188.601042,189.842546,187.448214,187.881744,46815000
2023-07-10,186.482557,187.201855,184.295135,185.842102,59922200
2023-07-11,186.384053,186.521998,183.861624,185.319901,46638100
2023-07-12,186.896402,188.886762,185.704167,186.985092,60750200
2023-07-13,187.704383,188.384260,186.994948,187.743790,41342300
2023-07-14,187.438330,188.374386,186.847144,187.891586,41616200
2023-07-17,189.083818,191.468317,188.995142,191.143158,50520200
2023-07-18,190.512550,191.478164,189.596190,190.886963,48288200
2023-07-19,190.266213,195.320918,189.822805,192.236862,80507300
2023-07-20,192.227020,193.586773,189.675032,190.295792,59581200
2023-07-21,191.251550,192.108778,188.423658,189.123245,71951700
2023-07-24,190.571659,192.049646,189.428679,189.921341,45377800
2023-07-25,190.492827,191.586538,190.088840,190.778564,37283200
2023-07-26,190.827839,192.768930,190.482984,191.645660,47471900
2023-07-27,193.143357,194.306033,189.724279,190.384445,47460200
2023-07-28,191.813166,193.744409,191.290945,192.956146,48291400
2023-07-31,193.182771,193.606469,192.394508,193.567047,38824100
2023-08-01,193.360155,193.842954,192.414236,192.739395,35175100
2023-08-02,192.177751,192.315696,189.034578,189.753860,50389300
2023-08-03,188.758687,189.546935,187.891596,188.364548,61235200
2023-08-04,182.797470,184.630175,179.250295,179.319275,115956800
2023-08-07,179.457221,180.442546,174.747370,176.225357,97576100
2023-08-08,177.053021,177.624511,174.973985,177.161407,67823000
2023-08-09,178.215706,178.274823,174.412352,175.575043,60378500
2023-08-10,176.846065,178.097432,174.993665,175.358231,54686900
2023-08-11,174.953736,176.236376,174.194007,175.417450,52036700
2023-08-14,175.595048,177.292097,174.943852,177.065170,43675600
2023-08-15,176.492926,177.084910,174.687345,175.082001,43622600
2023-08-16,174.766270,176.157442,174.144672,174.213745,46964900
2023-08-17,174.776137,175.141195,171.164975,171.678040,66062900
2023-08-18,170.000736,172.763375,169.665277,172.161514,61172200
2023-08-21,172.733771,173.779623,171.421517,173.493484,46311900
2023-08-22,174.697169,175.308891,173.897981,174.864899,42038900
2023-08-23,176.137723,179.127288,175.950256,178.703018,52722800
2023-08-24,178.259052,178.683321,173.661233,174.026306,54945800
2023-08-25,175.012935,176.759304,173.473755,176.226517,51449600
2023-08-28,177.686759,178.180087,176.167317,177.785431,43820700
2023-08-29,177.301979,182.432584,177.104651,181.662994,53003900
2023-08-30,182.472031,185.343202,182.274703,185.145859,60813900
2023-08-31,185.333347,186.596265,184.978151,185.362946,60794500
2023-09-01,186.961361,187.385616,185.767501,186.931763,45766500
2023-09-05,185.767469,187.444780,185.106412,187.168518,45280000
2023-09-06,185.885860,186.329867,179.048345,180.469131,81755800
2023-09-07,172.842277,175.831856,171.224163,175.190521,112488800
2023-09-08,175.969975,177.834753,175.417436,175.802231,65551300
2023-09-11,177.667024,177.893950,174.973444,176.966492,58953100
2023-09-12,177.094790,177.726249,172.487111,173.947357,90370200
2023-09-13,174.154534,174.934000,171.658297,171.885239,84267900
2023-09-14,171.678066,173.750048,171.263672,173.394852,60895800
2023-09-15,174.124914,174.144652,171.500423,172.674530,109259500
2023-09-18,174.124925,176.986235,173.819064,175.595047,67257600
2023-09-19,175.151055,177.232899,174.766260,176.680374,51826900
2023-09-20,176.867843,177.301974,173.059352,173.148163,58436200
2023-09-21,172.220715,173.947362,171.539920,171.608978,63149100
2023-09-22,172.339126,174.716969,171.727404,172.457520,56725400
2023-09-25,171.875354,174.608393,171.826018,173.730270,46172700
2023-09-26,172.487103,172.862022,169.369268,169.665268,64588900
2023-09-27,170.316463,170.730857,166.794111,168.155685,66921800
2023-09-28,167.080240,169.734346,165.383192,168.412231,56294400
2023-09-29,169.724466,170.760457,168.066877,168.925278,51861100
2023-10-02,168.935144,171.974045,168.649006,171.431381,52164500
2023-10-03,169.961249,171.312977,168.540478,170.099380,49594600
2023-10-04,168.806864,171.885239,168.688470,171.342575,53020300
2023-10-05,171.470818,173.108669,170.375630,172.575882,48527900
2023-10-06,171.480699,175.614788,170.868963,175.121460,57266700
2023-10-09,174.450539,176.660653,173.454023,176.601456,42390800
2023-10-10,175.723322,177.321699,175.575314,176.009445,43698000
2023-10-11,175.821980,177.449971,175.229996,177.400635,47551100
2023-10-12,177.667049,179.906746,176.650780,178.298508,56743100
2023-10-13,178.999030,179.502219,175.762801,176.463333,51427100
2023-10-16,174.391325,176.690234,174.154522,176.335037,52517000
2023-10-17,174.292653,176.039037,172.467349,174.785980,57549400
2023-10-18,173.236960,175.210270,172.773230,173.493484,54764400
2023-10-19,173.690823,175.466806,172.852175,173.118576,59302900
2023-10-20,172.970564,173.079096,170.336195,170.572998,64244000
2023-10-23,168.629255,171.687877,167.662322,170.691360,55980100
2023-10-24,170.740709,171.352430,169.162054,171.125504,43816600
2023-10-25,169.586347,170.750593,168.372750,168.816757,57157000
2023-10-26,168.096490,169.093022,163.459212,164.662933,70625300
2023-10-27,164.682673,166.705320,164.603739,165.975189,58499100
2023-10-30,166.764491,168.885794,166.616484,168.017532,51131000
2023-10-31,167.090131,168.619435,165.659469,168.491180,44846000
2023-11-01,168.718085,171.904978,167.849823,171.648453,56934900
2023-11-02,173.177732,175.407568,173.118535,175.200378,77334800
2023-11-03,171.914836,174.460408,171.036713,174.292664,79829200
2023-11-06,174.026283,177.035570,173.858553,176.838242,63841300
2023-11-07,176.788907,180.005414,176.581718,179.393692,70530000
2023-11-08,179.916599,181.001911,179.166732,180.449387,49340300
2023-11-09,180.518494,181.663003,179.383831,179.975830,53763500
2023-11-10,181.754152,184.322842,181.319450,184.154877,66133400
2023-11-13,183.581846,183.789308,181.991237,182.574127,43627500
2023-11-14,185.439190,185.844255,184.056059,185.182327,60108400
2023-11-15,185.587407,187.217527,185.518243,185.745468,53790500
2023-11-16,187.286705,188.659963,186.377773,187.425018,54412900
2023-11-17,187.958495,188.086934,186.298738,187.405243,50922700
2023-11-20,187.602850,189.598524,187.592976,189.144058,46505100
2023-11-21,189.104510,189.213186,187.454627,188.343781,38134500
2023-11-22,189.183562,190.606205,188.531508,189.005722,39617700
2023-11-24,188.571023,188.600661,186.970540,187.681870,24048300
2023-11-27,187.632452,188.373418,186.624734,187.504013,40552600
2023-11-28,187.494147,188.778492,187.118719,188.106674,38415400
2023-11-29,188.600667,189.776336,186.693920,187.089096,43014200
2023-11-30,187.553403,188.027633,185.923283,187.662079,48794400
2023-12-01,188.037541,189.252722,186.950785,188.936584,45704800
2023-12-04,187.691724,187.760888,185.192199,187.148346,43389500
2023-12-05,187.918974,192.058493,187.889321,191.090302,66628400
2023-12-06,192.107874,192.414138,189.796063,190.003540,41089700
2023-12-07,191.297763,192.651257,191.258236,191.930054,47477700
2023-12-08,191.860900,193.629348,191.337285,193.352722,53406400
2023-12-11,190.784046,191.159474,189.114399,190.853195,60943700
2023-12-12,190.754405,192.374651,189.410785,192.364777,52696900
2023-12-13,192.740196,195.615149,192.503096,195.575638,70404200
2023-12-14,195.634888,197.215608,193.797291,195.723801,66831600
2023-12-15,195.150811,196.010328,194.627196,195.190338,128538400
2023-12-18,193.728151,194.261656,192.048630,193.530563,55751900
2023-12-19,193.797313,194.577791,193.530561,194.567917,40714100
2023-12-20,194.528382,195.298986,192.483322,192.483322,52242800
2023-12-21,193.738039,194.706231,191.169349,192.335129,46482500
2023-12-22,192.829099,193.056339,190.645726,191.268143,37149600
2023-12-26,191.278030,191.554656,190.507426,190.724777,28919300
2023-12-27,190.171524,191.169353,188.788377,190.823563,48087700
2023-12-28,191.801635,192.315376,190.843317,191.248383,34049900
2023-12-29,191.564508,192.058485,189.420647,190.211014,42672100
2024-01-02,184.895814,186.170285,181.675085,183.404007,82488700
2024-01-03,182.001124,183.641134,181.220631,182.030762,58414500
2024-01-04,179.956033,180.884713,178.701340,179.718933,71983600
2024-01-05,179.797983,180.558698,177.999897,178.997726,62379700
2024-01-08,179.896776,183.364508,179.313886,183.324982,59144500
2024-01-09,181.704728,182.919908,180.529058,182.910034,42841800
2024-01-10,182.129554,184.154850,181.704725,183.947388,46792900
2024-01-11,184.293153,184.797020,181.408326,183.354599,49128400
2024-01-12,183.818947,184.490764,182.959430,183.680634,40477800
2024-01-16,179.965933,182.040630,178.750737,181.418228,65603000
2024-01-17,179.086639,180.726634,178.128322,180.479645,47317400
2024-01-18,183.848572,186.861838,183.591709,186.357986,78005800
2024-01-19,187.049580,189.638018,186.545728,189.252716,68903000
2024-01-22,189.983781,192.977284,189.944255,191.554626,60133900
2024-01-23,192.671055,193.392259,191.495386,192.829117,42355600
2024-01-24,193.066205,194.014648,191.999211,192.157288,53631300
2024-01-25,192.868624,193.905980,190.784038,191.831268,54822100
2024-01-26,191.930064,192.414152,189.628126,190.102341,44594000
2024-01-29,189.697265,189.884979,187.296541,189.420639,47145600
2024-01-30,188.640196,189.489838,185.211989,185.775116,55859400
2024-01-31,184.787126,184.846416,182.129539,182.178925,55467800
2024-02-01,181.773887,184.698226,181.605937,184.609314,64885400
2024-02-02,177.693624,185.073650,177.090970,183.611481,102551700
2024-02-05,185.883774,186.970531,183.601600,185.419434,69668800
2024-02-06,184.609315,187.029802,184.520402,187.019928,43490800
2024-02-07,188.343797,188.748862,186.338249,187.128616,53439000
2024-02-08,187.108832,187.257019,185.093410,186.051727,40962000
2024-02-09,186.615576,187.941136,185.972591,186.813431,45155200
2024-02-12,186.388083,186.635388,184.775657,185.131775,41781900
2024-02-13,183.766633,184.201890,181.530996,183.044495,56529500
2024-02-14,183.321489,183.529216,180.472542,182.164093,54630500
2024-02-15,181.570589,182.500454,179.394316,181.877243,65434500
2024-02-16,181.441979,182.856565,179.710851,180.343948,49752500
2024-02-20,179.829566,180.462664,178.058876,179.602051,53665600
2024-02-21,179.977960,180.917712,178.711764,180.353867,41371400
2024-02-22,181.501328,182.965378,180.492338,182.381729,52292200
2024-02-23,183.014850,183.044526,180.264831,180.551712,45119700
2024-02-26,180.274715,180.789096,178.701850,179.206360,40867400
2024-02-27,179.147008,181.936589,177.623607,180.660507,54318900
2024-02-28,180.541773,181.145195,178.187450,179.463531,48953900
2024-02-29,179.315178,180.601162,177.593937,178.800781,136682600
2024-03-01,177.613735,178.583163,175.467138,177.722549,73563100
2024-03-04,174.250396,174.992308,171.915845,173.211731,81510100
2024-03-05,168.918498,170.184693,167.790792,168.285400,95132400
2024-03-06,169.215254,169.393321,166.860916,167.296173,68587700
2024-03-07,167.325867,168.888830,166.672996,167.177490,71765100
2024-03-08,167.177485,171.826797,167.118135,168.888824,76267000
2024-03-11,171.074977,172.499450,170.194576,170.887024,60139500
2024-03-12,171.282708,172.153223,169.165787,171.361847,59825400
2024-03-13,170.906829,171.322298,168.918495,169.284515,52488700
2024-03-14,171.045313,172.430209,170.194586,171.134338,72913500
2024-03-15,169.324124,170.758484,168.453608,170.758484,121752700
2024-03-18,173.676659,175.793581,171.648763,171.846603,75604200
2024-03-19,172.459881,174.705405,171.164011,174.181122,55215200
2024-03-20,173.824996,176.743179,173.201785,176.743179,53423100
2024-03-21,175.140681,175.575939,168.997644,169.521927,106181300
2024-03-22,169.907738,171.183835,168.226074,170.422134,71160100
2024-03-25,168.730543,170.085764,167.622611,169.007523,54288300
2024-03-26,168.166718,169.571403,167.751249,167.879852,57388400
2024-03-27,168.572274,171.727875,168.275507,171.440994,60273300
2024-03-28,169.897845,170.372665,168.671212,169.630753,65672700
2024-04-01,169.343875,169.403225,167.652309,168.196381,46240500
2024-04-02,167.256598,167.513788,166.415758,167.019180,49329500
2024-04-03,166.969739,168.839356,166.762012,167.820465,47691700
2024-04-04,168.453569,170.065996,166.999435,166.999435,53704400
2024-04-05,167.761123,168.552498,167.128025,167.751236,42104800
2024-04-08,167.207185,167.375350,166.425711,166.633438,37425500
2024-04-09,166.880730,168.245853,166.534514,167.840271,42373800
2024-04-10,166.979662,167.266528,165.307884,165.970657,49709300
2024-04-11,166.524630,173.567858,166.346578,173.152374,91070300
2024-04-12,172.380775,176.436566,172.331326,174.646088,101670900
2024-04-15,173.468918,174.725226,170.639760,170.827713,73531800
2024-04-16,169.897843,171.886161,166.455375,167.553406,73711200
2024-04-17,167.780916,168.809694,166.188278,166.188278,50901200
2024-04-18,166.217961,166.821384,164.753926,165.238632,43122900
2024-04-19,164.417569,164.605508,162.310535,163.220612,68149400
2024-04-22,163.735018,165.456244,162.993106,164.051559,48116400
2024-04-23,163.566840,165.248504,163.141470,165.100113,49537800
2024-04-24,164.744015,167.474260,164.417587,167.197281,48251800
2024-04-25,167.701774,168.770129,166.336651,168.057892,50558300
2024-04-26,168.047990,169.492237,167.355527,167.474243,44838400
2024-04-29,171.500364,174.131682,171.233287,171.628967,68169400
2024-04-30,171.460797,173.102899,168.166706,168.493149,65934800
2024-05-01,167.751222,170.847473,167.286290,167.474243,50383100
2024-05-02,170.649620,171.549810,169.047095,171.164017,94214900
2024-05-03,184.637130,184.983361,180.690168,181.402405,163224100
2024-05-06,180.383555,182.213596,178.474361,179.750458,78569700
2024-05-07,181.471648,182.906008,179.364628,180.432968,77305800
2024-05-08,180.878163,181.095791,179.493251,180.769348,45057100
2024-05-09,180.591271,182.668631,180.146127,182.579605,48983000
2024-05-10,183.154086,183.342294,180.410253,181.321564,50759500
2024-05-13,183.689008,185.333337,182.876743,184.521072,72044800
2024-05-14,185.739464,186.522013,184.530982,185.660217,52393600
2024-05-15,186.135712,188.849831,185.600803,187.928619,70400000
2024-05-16,188.671496,189.295552,187.869146,188.047440,52845200
2024-05-17,187.720562,189.008290,187.393677,188.077164,41282900
2024-05-20,187.542285,190.107825,187.225299,189.236130,44361300
2024-05-21,189.285671,190.910185,189.117278,190.533783,42309400
2024-05-22,190.454532,190.999342,188.473417,189.097458,34648500
2024-05-23,189.176726,189.196541,184.867809,185.115448,51005900
2024-05-24,187.037091,188.780467,186.264443,188.186127,36327000
2024-05-28,189.701666,191.177602,187.314434,188.196030,52280100
2024-05-29,187.819638,190.434709,187.720576,188.493210,53068000
2024-05-30,188.958755,190.365345,188.829993,189.483749,49889100
2024-05-31,189.632343,190.751678,188.116791,190.434692,75158300
2024-06-03,191.078571,193.148849,190.702170,192.197906,50080500
2024-06-04,192.802132,193.475719,191.207334,192.514877,47471400
2024-06-05,193.554975,195.040812,193.029981,194.020538,54156800
2024-06-06,193.842212,194.644561,192.336561,192.643631,41181800
2024-06-07,192.812060,195.080445,192.306881,195.030914,53103900
2024-06-10,195.040800,195.437032,190.335651,191.296494,97010200
2024-06-11,191.821473,205.203915,191.801672,205.194000,172373300
2024-06-12,205.411915,218.120771,204.946352,211.058105,198134300
2024-06-13,212.712350,214.703366,209.602000,212.217072,97862700
2024-06-14,211.830771,213.138299,209.304846,210.483612,70122700
2024-06-17,211.355272,216.882585,210.711415,214.624115,93728300
2024-06-18,215.535429,216.565618,210.988774,212.266586,79943300
2024-06-20,211.909989,212.217075,206.877969,207.700119,86172500
2024-06-21,208.403419,209.889255,205.154391,205.530807,241805100
2024-06-24,205.758635,210.691608,204.639300,206.174667,80727000
2024-06-25,207.175118,209.384072,206.640223,207.095886,55549700
2024-06-26,209.502944,212.831218,208.651064,211.236420,66213200
2024-06-27,212.662840,213.702929,210.344939,212.078415,49772700
2024-06-28,213.732637,214.029808,208.314286,208.631256,82542700
2024-07-01,210.087382,215.456203,209.918989,214.703384,60402900
2024-07-02,214.109002,218.299071,213.068929,218.190109,58046200
2024-07-03,217.922671,219.458038,216.961829,219.458038,37369800
2024-07-05,219.557087,224.311767,219.557087,224.202805,60412400
2024-07-08,224.945721,225.698554,221.141983,225.668839,59085900
2024-07-09,225.777803,227.233924,224.232536,226.520721,48076100
2024-07-10,227.134861,230.879167,227.085330,230.780106,62627700
2024-07-11,229.205126,230.195683,223.638197,225.421204,64710600
2024-07-12,226.758445,230.443321,226.520706,228.363144,53046500
2024-07-15,234.247053,234.989971,230.889063,232.186691,62631300
2024-07-16,232.781046,234.039058,230.136259,232.602753,43234300
2024-07-17,227.283452,229.274482,224.499987,226.718842,57345900
2024-07-18,228.105594,228.264087,220.171233,222.063187,66034600
2024-07-19,222.697180,224.658480,221.171713,222.191986,49151500
2024-07-22,224.866495,225.629229,220.983511,221.845306,48201800
2024-07-23,222.251420,224.797160,220.577375,222.885376,39960300
2024-07-24,221.884923,222.677372,215.079796,216.476471,61777600
2024-07-25,216.862746,218.764629,212.593445,215.436356,51391200
2024-07-26,216.634965,217.417514,213.970363,215.901962,41601300
2024-07-29,214.911393,217.229295,213.712812,216.179306,36311800
2024-07-30,217.120341,218.249576,214.079322,216.734024,41643800
2024-07-31,219.349076,221.706608,218.546727,219.983032,50036300
2024-08-01,222.251418,222.360380,214.970828,216.298172,62501000
2024-08-02,217.080709,223.469818,215.654319,217.784012,105568600
2024-08-05,197.210136,211.484077,194.149316,207.294022,119548600
2024-08-06,203.361501,208.007219,199.171446,205.273270,69660500
2024-08-07,204.946365,211.622728,204.441186,207.838806,63516400
2024-08-08,211.097698,212.177402,206.858114,211.295807,47161100
2024-08-09,210.097273,214.733076,209.968496,214.198181,42201600
2024-08-12,214.277523,217.688973,213.811421,215.725403,38028100
2024-08-13,217.193111,220.049224,217.193111,219.434372,44155300
2024-08-14,218.740207,221.179791,217.877414,219.880661,41960600
2024-08-15,222.736759,223.480537,220.912012,222.855759,46414000
2024-08-16,222.062394,224.948256,221.794629,224.174728,44340200
2024-08-19,223.847464,224.115229,221.189689,224.016052,40687800
2024-08-20,223.897054,225.285434,223.579701,224.630905,30299000
2024-08-21,224.640835,226.088714,223.183029,224.521820,34765500
2024-08-22,225.900309,226.445749,222.042580,222.667358,43695300
2024-08-23,223.787972,226.326732,222.469004,224.958176,38677300
2024-08-26,224.878835,225.394526,222.032649,225.295349,30602200
2024-08-27,224.125162,226.951526,223.024370,226.138321,35934600
2024-08-28,226.029214,227.953122,223.807791,224.611084,38052200
2024-08-29,228.191139,230.987736,226.981258,227.883698,51906300
2024-08-30,228.280381,228.488630,225.592856,227.100250,52990800
2024-09-03,226.654000,227.100264,219.335219,220.921951,50190600
2024-09-04,219.821146,219.940146,215.675815,219.017868,43840200
2024-09-05,219.791409,223.609461,219.682321,220.535187,36615400
2024-09-06,222.092168,223.371475,217.946851,218.988144,48423000
2024-09-09,218.988112,219.434376,214.912208,219.077362,67180000
2024-09-10,217.103881,219.642642,214.932047,218.284012,51591000
2024-09-11,219.622839,221.239307,216.082448,220.812881,44587100
2024-09-12,220.654187,221.695479,217.996427,220.921951,37455600
2024-09-13,221.725217,222.181393,220.069073,220.654175,36766600
2024-09-16,214.743613,215.417979,212.145353,214.525452,59357400
2024-09-17,213.960196,215.100650,212.720566,214.991562,45519300
2024-09-18,215.745257,220.862454,215.735330,218.859207,59894900
2024-09-19,223.123512,227.913444,222.766498,226.971313,66781300
2024-09-20,228.062221,231.156333,225.731710,226.306900,318679900
2024-09-23,225.454025,227.546522,223.936719,224.591248,54146000
2024-09-24,226.753160,227.447365,223.857386,225.483780,43556100
2024-09-25,223.064009,225.404431,222.161570,224.492065,42308700
2024-09-26,225.414377,226.604419,223.540057,225.632553,36636700
2024-09-27,226.564739,227.615943,225.414358,225.900284,34026000
2024-09-30,228.131627,231.067078,227.744863,231.067078,54541900
2024-10-01,227.615958,227.744870,221.883909,224.333420,63285000
2024-10-02,224.016035,225.483753,221.169849,224.898651,32880600
2024-10-03,223.272280,224.928424,221.467386,223.797882,34044200
2024-10-04,226.009384,226.108560,222.270670,224.918518,37245100
2024-10-07,222.637608,223.817739,219.493907,219.850922,39505400
2024-10-08,222.439243,224.105298,221.397950,223.897049,31855700
2024-10-09,223.361515,227.844022,222.964840,227.635757,33591100
2024-10-10,225.890381,227.596114,225.285441,227.139923,28183500
2024-10-11,227.397790,227.506878,225.454043,225.662308,31759200
2024-10-14,226.802728,229.807590,226.703566,229.381165,39882100
2024-10-15,231.672020,235.519837,230.442301,231.910034,64751400
2024-10-16,229.678694,230.194369,227.933284,229.857193,34082200
2024-10-17,231.493486,231.910015,228.607638,230.224106,32993800
2024-10-18,234.220695,234.220695,232.068699,233.050491,46431500
2024-10-21,232.505061,234.885160,232.505061,234.518219,36254500
2024-10-22,231.949692,234.260365,230.670401,233.903351,38846600
2024-10-23,232.138107,233.189311,225.870530,228.845642,52287000
2024-10-24,228.072125,228.905168,226.515157,228.657242,31109500
2024-10-25,227.834121,231.285247,227.665533,229.490265,38802300
2024-10-28,231.384437,232.782729,230.620821,231.463760,36087100
2024-10-29,231.166258,232.386050,230.392730,231.731522,35417200
2024-10-30,230.680319,231.533185,227.645707,228.191147,47070900
2024-10-31,227.437442,227.923383,223.500375,224.035904,64370100
2024-11-01,219.136867,223.480536,218.442677,221.060776,65276700
2024-11-04,219.156716,220.941771,217.887336,220.168243,44944500
2024-11-05,219.959977,222.092135,219.305449,221.596283,28111300
2024-11-06,220.763287,224.194591,219.355069,220.872375,54561100
2024-11-07,222.766517,225.989556,222.707017,225.592865,42137700
2024-11-08,225.533323,227.012593,224.778804,225.324844,38328800
2024-11-11,223.378943,224.073897,219.904160,222.614487,42005600
2024-11-12,222.932188,223.964689,221.750760,222.614487,40398300
2024-11-13,222.396074,225.017053,221.155080,223.498077,48566200
2024-11-14,223.398803,227.221056,223.378943,226.575745,44923900
2024-11-15,224.768844,225.285102,222.654200,223.378937,47923700
2024-11-18,223.627120,228.084776,223.547694,226.377167,44633700
2024-11-19,225.344663,228.501760,225.026976,226.635300,36211800
2024-11-20,226.416883,228.273405,224.262519,227.350113,35169600
2024-11-21,227.231003,228.501780,224.083844,226.873596,42108300
2024-11-22,226.416895,229.057734,226.416895,228.213852,38168300
2024-11-25,229.792385,231.569482,228.084776,231.192215,90152800
2024-11-26,231.648908,233.872775,231.648908,233.366440,45986200
2024-11-27,232.780688,233.991900,232.125440,233.237366,33498400
2024-11-29,233.118254,236.096639,232.284309,235.620102,28481400
2024-12-02,235.560523,239.055151,235.451315,237.863800,48137100
2024-12-03,238.082214,241.010957,237.178767,240.901749,38861000
2024-12-04,241.120180,242.351251,239.511856,241.259171,44383900
2024-12-05,242.232123,242.778149,240.385524,241.288956,40033900
2024-12-06,241.159896,242.867505,240.335874,241.090393,36870600
2024-12-09,240.087693,245.458719,240.008268,244.972244,44649200
2024-12-10,245.111229,246.421726,243.572393,245.984894,36914800
2024-12-11,246.173537,248.993072,244.485773,244.714127,45205800
2024-12-12,245.111225,246.947902,243.909936,246.173523,32777500
2024-12-13,246.034536,247.493931,244.465918,246.342300,33155300
2024-12-16,246.203295,249.568870,245.865733,249.231308,51694800
2024-12-17,248.278235,252.001217,247.980393,251.653732,51356400
2024-12-18,250.343268,252.447989,245.955114,246.262878,56774100
2024-12-19,245.716831,250.184410,245.309782,247.990326,60882300
2024-12-20,246.252922,253.162784,243.919863,252.656464,147495300
2024-12-23,252.934434,253.808084,251.623937,253.430832,40858800
2024-12-24,253.649240,256.349629,253.450669,256.339722,23234700
2024-12-26,256.329802,258.226044,255.773839,257.153809,27237100
2024-12-27,255.972387,256.836144,251.236764,253.748535,42355300
2024-12-30,250.412748,251.673602,248.943415,250.382965,35557500
