Date,Open,High,Low,Close,Volume
2015-01-02,45.838251,46.413256,45.757160,46.066780,12600000
2015-01-05,45.749807,45.911987,44.400754,44.636654,20100600
2015-01-06,44.702977,44.784068,43.014820,43.479248,29074100
2015-01-07,44.150094,44.150094,43.250725,43.545601,23843200
2015-01-08,44.209075,44.894659,44.209075,44.518692,16971100
2015-01-09,44.761962,44.813565,43.707785,43.744644,15396200
2015-01-12,43.700415,43.788879,42.955857,43.368683,15455200
2015-01-13,43.685678,44.010041,43.029582,43.376060,21644700
2015-01-14,43.376062,43.376062,40.744306,41.879574,49602300
2015-01-15,41.083396,41.732121,40.176657,40.537880,42458100
2015-01-16,40.294623,41.282453,40.279879,41.230850,29368900
2015-01-20,41.311937,41.569952,40.854880,41.068665,23477700
2015-01-21,40.876994,41.592063,40.685324,41.201355,21842400
2015-01-22,41.562587,42.557788,41.252967,42.454582,31423500
2015-01-23,42.550412,42.660988,41.768993,41.783737,15458300
2015-01-26,41.584695,42.012264,41.429886,41.850082,12577700
2015-01-27,41.319303,41.732128,41.105518,41.429882,15220500
2015-01-28,41.739484,41.783716,40.360947,40.360947,24354400
2015-01-29,40.744296,41.201351,40.309356,41.039169,20393300
2015-01-30,40.537876,40.913840,40.080819,40.088192,26943700
2015-02-02,40.198785,41.024437,40.007118,40.891743,20308900
2015-02-03,41.216091,41.857443,41.186603,41.813213,18812500
2015-02-04,41.518340,42.071230,41.488852,41.562572,14934100
2015-02-05,41.916429,42.049123,41.621554,41.850082,11293900
2015-02-06,42.572522,43.294965,42.417714,42.675728,25214000
2015-02-09,42.329247,42.830534,42.189182,42.624123,14372400
2015-02-10,43.066429,43.280213,42.793670,43.095917,16367300
2015-02-11,42.801034,43.243345,42.638852,43.029560,13061900
2015-02-12,43.442401,44.017405,43.162269,43.914200,23211300
2015-02-13,43.833107,44.393370,43.744645,43.987915,16479100
2015-02-17,43.759392,44.334397,43.729904,44.304909,15308800
2015-02-18,44.304908,44.304908,43.582465,43.766762,14278100
2015-02-19,43.604593,43.847863,43.346576,43.663567,11256500
2015-02-20,43.464519,44.150102,43.014834,44.083755,15379000
2015-02-23,43.862609,43.884723,43.346577,43.752029,16814000
2015-02-24,44.415486,45.152672,44.290165,44.835682,22937700
2015-02-25,44.791451,45.167418,44.784081,45.071583,18307900
2015-02-26,44.990480,45.484397,44.902019,45.395935,15444800
2015-02-27,45.064217,45.646592,45.064217,45.174793,15225900
2015-03-02,45.174792,45.580247,44.990495,45.536015,13047300
2015-03-03,45.447561,45.698204,45.336982,45.683460,13706900
2015-03-04,45.440173,45.830881,45.226388,45.801395,16625500
2015-03-05,45.853004,45.875119,45.410691,45.705566,10931300
2015-03-06,45.823514,46.346916,44.820940,44.887287,22719200
2015-03-09,44.850425,45.432802,44.820936,45.336967,13001500
2015-03-10,44.791443,44.975740,44.201694,44.201694,16357700
2015-03-11,44.327021,44.710358,44.201697,44.408112,13015600
2015-03-12,44.710370,45.300119,44.710370,45.241142,18159600
2015-03-13,45.263267,45.602372,44.548195,44.968391,16506200
2015-03-16,45.336976,45.646593,45.152679,45.594990,15182900
2015-03-17,45.219016,45.454915,44.909396,45.418056,11718300
2015-03-18,45.255887,45.742430,45.034732,45.521275,15697900
2015-03-19,45.388572,45.447549,44.791450,45.115814,11523800
2015-03-20,45.204284,45.779289,45.078964,45.521275,18368300
2015-03-23,45.521267,45.764540,45.056839,45.071583,15112900
2015-03-24,44.946268,45.145309,44.562930,44.570301,12128700
2015-03-25,44.621898,44.702989,43.928943,43.943687,14950900
2015-03-26,43.833098,44.076371,43.398158,43.892075,14039600
2015-03-27,43.855230,44.069012,43.494008,43.899460,11755800
2015-03-30,44.879915,45.307482,44.680874,44.938889,20656500
2015-03-31,44.761977,44.924156,44.540819,44.658772,17346700
2015-04-01,44.829442,44.948176,44.324823,44.488083,18100600
2015-04-02,44.577136,45.044651,44.525190,44.911076,12697800
2015-04-06,44.465813,45.081746,44.265452,44.873962,12025200
2015-04-07,45.378581,45.638310,45.155952,45.155952,11505500
2015-04-08,45.311797,45.682840,45.222745,45.304375,11734000
2015-04-09,45.467621,45.697669,45.141105,45.616039,11728500
2015-04-10,45.526985,45.846082,45.415673,45.786716,9869700
2015-04-13,45.742205,46.209720,45.638313,46.061302,15468700
2015-04-14,46.721771,47.204129,46.558514,46.781139,33775400
2015-04-15,46.810816,47.849739,46.758868,47.649372,28732200
2015-04-16,47.552899,47.693891,47.241221,47.352535,16640500
2015-04-17,46.936961,47.048275,46.372977,46.632706,20221200
2015-04-20,46.914716,47.137341,46.855347,46.929558,12755300
2015-04-21,46.996339,47.196700,46.105835,46.239410,14985100
2015-04-22,46.491703,46.862746,46.031607,46.706905,14484700
2015-04-23,46.595608,46.907283,46.454609,46.603027,12851300
2015-04-24,46.476862,46.632699,46.261656,46.454597,9597500
2015-04-27,46.528821,46.862760,46.239407,46.261669,11146400
2015-04-28,46.372984,46.588187,45.838681,46.573345,12307800
2015-04-29,46.424922,47.411895,46.350712,47.196690,17601200
2015-04-30,47.181860,47.404485,46.692080,46.944389,16840900
2015-05-01,47.270920,47.397073,46.996349,47.204132,11640100
2015-05-04,47.256058,48.139142,47.226374,48.027828,14972500
2015-05-05,47.871997,48.473085,47.708737,47.790367,17692400
2015-05-06,47.886839,48.287567,47.063123,47.434166,18087900
2015-05-07,47.248638,47.938778,46.936963,47.864571,15039900
2015-05-08,48.213353,48.717972,47.938779,48.599236,16802600
2015-05-11,48.428568,48.710559,48.294993,48.569561,13798800
2015-05-12,48.465659,48.636341,48.057515,48.502766,12762200
2015-05-13,48.547287,48.703124,48.280135,48.621494,11874100
2015-05-14,48.851553,49.111282,48.762500,49.014812,11855500
2015-05-15,49.074178,49.096446,48.562142,48.888657,11152100
2015-05-18,48.829285,49.378428,48.829285,49.289375,10510900
2015-05-19,49.549102,49.860783,49.400687,49.727207,14282700
2015-05-20,49.682688,49.742056,49.274544,49.333912,12446000
2015-05-21,49.081606,49.482333,48.985137,49.460072,12934500
2015-05-22,49.445223,49.593644,49.215178,49.326492,9296900
2015-05-26,49.126131,49.192922,48.465675,48.777355,15571300
2015-05-27,48.940604,49.460068,48.844135,49.326492,10963700
2015-05-28,49.244850,49.274535,48.784755,49.126114,11797400
2015-05-29,49.111285,49.140969,48.502774,48.814449,14310700
2015-06-01,48.970277,49.467479,48.955437,49.037067,11899300
2015-06-02,48.851554,49.267120,48.666032,48.992546,12784200
2015-06-03,49.296797,49.816255,49.178061,49.497158,12927300
2015-06-04,49.207743,49.756891,48.985120,49.222588,13863300
2015-06-05,49.994386,50.343162,49.727234,50.031487,20801100
2015-06-08,50.061146,50.127937,49.578789,49.638157,14558700
2015-06-09,49.682681,49.920148,49.326482,49.853363,13263500
2015-06-10,50.157617,50.832919,50.068571,50.654819,17478900
2015-06-11,50.729028,50.966496,50.573191,50.847759,13739900
2015-06-12,50.691919,50.862602,50.365405,50.647396,11804700
2015-06-15,50.150211,50.617724,49.942428,50.454464,14082300
2015-06-16,50.291201,50.847766,50.179893,50.736458,11692800
2015-06-17,50.766124,50.966485,50.491550,50.565758,14521900
2015-06-18,50.721609,51.070391,50.387673,51.040707,16759600
2015-06-19,50.803235,50.959072,50.402508,50.521244,21606400
2015-06-22,51.107478,51.419153,51.018426,51.174263,14306700
2015-06-23,51.463689,51.812471,51.344958,51.760525,15736900
2015-06-24,51.582426,51.775364,51.137175,51.218800,16995000
2015-06-25,51.441429,51.552744,50.936810,50.944233,13314300
2015-06-26,51.159430,51.419160,51.033271,51.166847,14489200
2015-06-29,50.224406,50.654818,49.838524,49.868202,19934400
2015-06-30,50.380237,50.543497,49.838517,50.283768,20677400
2015-07-01,50.881328,51.082998,50.627367,50.843979,13964400
2015-07-02,50.754334,50.888783,50.186667,50.433151,12822900
2015-07-06,49.955112,50.388337,49.701156,50.291237,13527100
2015-07-07,50.111981,50.209086,48.774969,49.895374,22421500
2015-07-08,49.297812,49.417325,48.707732,48.872059,17707200
2015-07-09,49.663816,49.820672,49.290348,49.379982,14984700
2015-07-10,50.209085,50.343534,49.917781,50.082108,12356100
2015-07-13,50.709528,50.896263,50.552672,50.858913,16175600
2015-07-14,50.776765,51.613330,50.612438,51.568516,20185100
2015-07-15,51.710424,51.859809,51.426584,51.680546,16891600
2015-07-16,52.009202,52.248222,51.844881,51.956917,18035700
2015-07-17,51.800047,51.904618,51.478864,51.695477,14040700
2015-07-20,51.912097,52.113767,51.673078,51.732834,11512900
2015-07-21,51.658132,51.941966,51.441520,51.613312,11659900
2015-07-22,51.747785,52.502193,51.688029,52.345337,15493000
2015-07-23,52.427488,52.741200,51.882221,52.016670,14331800
2015-07-24,51.867277,51.956905,51.299603,51.471401,12413900
2015-07-27,50.903742,50.956027,50.470517,50.799171,16801600
2015-07-28,51.202497,51.239841,50.619882,50.829029,14932400
2015-07-29,51.030717,51.613327,50.911210,51.493820,13059200
2015-07-30,51.486352,51.874757,51.195047,51.568516,10197200
2015-07-31,51.546112,51.568519,51.090480,51.187580,11911800
2015-08-03,51.232394,51.419129,50.791705,51.187580,9980600
2015-08-04,51.142752,51.501278,51.023239,51.135281,10964000
2015-08-05,51.575979,51.852342,51.209976,51.336960,11302900
2015-08-06,51.351896,51.493816,50.791694,50.978428,10803400
2015-08-07,51.038170,51.344411,50.455561,50.829029,11453300
2015-08-10,50.956009,51.546090,50.956009,51.456455,12661400
2015-08-11,50.963490,51.090467,50.679650,50.963490,14800300
2015-08-12,50.350994,50.455565,49.350096,50.224010,21069000
2015-08-13,50.231483,50.642301,50.022342,50.455566,11930600
2015-08-14,50.358457,50.724460,50.343521,50.709518,11248800
2015-08-17,50.507860,50.970957,50.343533,50.843979,10326500
2015-08-18,50.776759,51.060593,50.672183,50.948551,10617500
2015-08-19,50.739414,51.023248,50.313661,50.492924,15198200
2015-08-20,49.902841,50.074639,49.253010,49.253010,20972300
2015-08-21,48.618103,48.879535,47.482762,47.505169,28235500
2015-08-24,44.285871,46.997249,37.399115,45.002930,36339100
2015-08-25,47.131701,47.296028,44.614525,44.748974,31772500
2015-08-26,46.160684,47.042070,45.227013,46.989784,33576800
2015-08-27,47.789008,48.349214,47.161581,48.162479,29045700
2015-08-28,48.020552,48.147530,47.505164,47.901039,16687300
2015-08-31,47.512646,48.065377,47.408075,47.878643,14223400
2015-09-01,46.944971,46.944971,45.555671,45.899261,23637300
2015-09-02,46.773171,46.989783,45.966481,46.735825,17757900
2015-09-03,46.967377,47.549987,46.646194,46.817989,17065400
2015-09-04,46.160684,46.250316,45.376401,45.936604,20189000
2015-09-08,46.885209,47.206392,46.556558,47.176514,13385100
2015-09-09,47.759134,48.057907,46.310078,46.444527,13889500
2015-09-10,46.205506,47.057013,45.899262,46.803055,15751100
2015-09-11,46.593910,46.803052,46.302606,46.728359,12766700
2015-09-14,46.788109,46.825455,46.399701,46.593906,10202800
2015-09-15,46.877747,47.721787,46.691013,47.490238,14023500
2015-09-16,47.721782,48.020558,47.213865,47.908516,12235900
2015-09-17,47.908516,48.281984,46.601377,46.795582,21249200
2015-09-18,46.183094,46.183094,45.398808,45.518318,31008000
2015-09-21,45.951547,46.242852,45.622896,45.899261,13136400
2015-09-22,45.264363,45.630363,45.129914,45.495914,14811900
2015-09-23,45.413749,45.675178,45.055220,45.294239,11712200
2015-09-24,44.823663,45.100032,44.412849,44.980522,17293400
2015-09-25,45.764808,46.205501,45.466032,45.914196,18384300
2015-09-28,45.503381,45.570606,44.584650,44.801262,17452200
2015-09-29,44.801276,44.913317,43.867604,44.696705,19334900
2015-09-30,45.339068,45.563148,44.898375,45.540741,18743800
2015-10-01,45.652770,46.212972,45.219548,45.876850,16863200
2015-10-02,44.831116,45.786571,44.033649,45.748955,20435100
2015-10-05,46.072454,46.824780,46.057407,46.659267,13471100
2015-10-06,46.726968,46.915050,46.358327,46.681828,12134800
2015-10-07,47.057999,47.419115,46.463661,46.742023,12773100
2015-10-08,46.531370,46.832302,46.215395,46.742023,13964600
2015-10-09,46.937641,47.058013,46.328259,46.591572,12112000
2015-10-12,46.523845,46.651739,46.192823,46.433567,10857400
2015-10-13,46.185292,46.764583,46.125107,46.305664,15621900
2015-10-14,45.711334,45.869325,44.793498,45.132046,28989400
2015-10-15,45.493161,46.614125,45.214798,46.561462,18147900
2015-10-16,46.967705,47.133217,46.711914,46.967705,17456600
2015-10-19,46.644210,47.223502,46.576501,46.809723,14510400
2015-10-20,46.915055,47.261124,46.704405,47.035427,11545100
2015-10-21,47.306277,47.366461,46.681844,46.689369,12113400
2015-10-22,46.960206,47.832907,46.960206,47.539497,15295700
2015-10-23,47.870518,48.291822,47.772715,48.051075,16985200
2015-10-26,48.028502,48.141352,47.705002,48.073643,13880200
2015-10-27,47.795273,48.043542,47.629763,47.878029,8831900
2015-10-28,47.923187,49.457931,47.915663,49.277374,17962000
2015-10-29,49.096800,49.525625,48.810912,49.059181,12753700
2015-10-30,49.126905,49.156993,48.246679,48.336960,15731400
2015-11-02,48.487422,49.465449,48.442284,49.307461,15253300
2015-11-03,49.119376,49.728758,49.029095,49.488014,11519500
2015-11-04,49.661040,49.766365,49.375152,49.540665,11388400
2015-11-05,49.495537,50.157582,49.465444,49.984550,12715900
2015-11-06,51.436535,51.933068,51.233404,51.504242,23262700
2015-11-09,51.684802,51.699852,50.466038,50.699257,17143800
2015-11-10,50.548804,51.045336,50.353198,50.917442,13239700
2015-11-11,51.233407,51.286070,50.593931,50.669163,8513900
2015-11-12,50.300531,50.330625,49.615912,49.653530,13576900
2015-11-13,49.533145,49.781414,49.074231,49.322495,11837000
2015-11-16,49.247264,50.089871,49.029089,50.037209,11041100
2015-11-17,50.157569,50.210232,49.570756,49.751312,12354800
2015-11-18,50.014637,50.819626,49.931881,50.744389,12911400
2015-11-19,50.842202,51.022759,50.435945,50.902390,12839500
2015-11-20,51.150644,51.240925,50.691725,50.812099,11209600
2015-11-23,50.639071,50.842203,50.240339,50.315571,11339000
2015-11-24,49.781426,50.511183,49.683625,50.240345,10910000
2015-11-25,50.353181,50.496124,50.067299,50.300518,7772000
2015-11-27,50.405855,50.654124,50.135017,50.533749,4052500
2015-11-30,50.616487,50.797043,50.165092,50.165092,15147500
2015-12-01,50.661638,51.030282,50.398325,50.864769,12708800
2015-12-02,51.030287,51.067900,50.014647,50.150066,13440900
2015-12-03,50.277950,50.428413,49.337543,49.503056,14626900
2015-12-04,49.728763,51.158184,49.676101,51.075428,17786000
2015-12-07,50.902380,50.970086,49.954447,50.405842,11686000
2015-12-08,49.841607,50.375758,49.427826,49.623432,13084500
2015-12-09,49.360123,50.089880,48.931297,49.247272,16770200
2015-12-10,49.307449,50.029681,48.961379,49.360111,12839000
2015-12-11,48.750735,49.021573,47.780231,48.201534,17889300
2015-12-14,48.321902,48.720634,47.847933,48.351990,17638200
2015-12-15,48.953850,50.142526,48.953850,49.728745,18126600
2015-12-16,50.338150,50.962576,49.585824,50.804588,21720000
2015-12-17,51.082952,51.158184,49.713719,49.864182,18122100
2015-12-18,49.630954,49.630954,48.449802,48.449802,23819600
2015-12-21,48.916248,49.322505,48.773310,49.307461,18869300
2015-12-22,49.593326,49.653513,48.886143,49.412769,12149500
2015-12-23,49.743801,50.292996,49.691139,50.202721,12524500
2015-12-24,50.119973,50.323099,49.894273,50.104923,4468200
2015-12-28,49.871701,49.992070,49.435350,49.939407,6610600
2015-12-29,50.285478,50.631553,50.210246,50.458515,9820800
2015-12-30,50.435951,50.443476,49.992075,50.097401,7190700
2015-12-31,49.796469,50.240339,49.653525,49.676094,14654300
2016-01-04,48.434005,48.517314,47.722073,48.184071,25393200
2016-01-05,48.244667,48.570335,47.744801,48.267387,16566700
2016-01-06,47.502435,47.812958,47.214632,47.570599,22961500
2016-01-07,46.548146,46.957128,45.502974,45.646873,27630900
2016-01-08,46.298221,46.404253,44.571408,44.624424,22373300
2016-01-11,44.556248,44.851623,43.957922,44.556248,20925500
2016-01-12,45.025834,45.109146,44.003379,44.654720,22971600
2016-01-13,45.033399,45.200022,43.102098,43.427769,28808100
2016-01-14,44.048798,44.972794,43.389885,44.079094,31296300
2016-01-15,42.753715,43.601972,42.579520,43.200565,38131700
2016-01-19,43.723143,43.904914,42.799147,43.177834,22818900
2016-01-20,42.132662,42.549216,41.398009,42.041775,34646100
2016-01-21,42.215982,42.806732,41.700968,41.844868,31301100
2016-01-22,42.746127,43.291437,42.640096,43.132389,22732200
2016-01-25,42.776422,43.056649,42.109933,42.155376,21114400
2016-01-26,42.299275,43.283862,42.268982,43.230846,17535700
2016-01-27,43.230861,44.132134,42.837027,43.200565,20560000
2016-01-28,43.564099,43.904917,42.890037,43.382328,15497900
2016-01-29,43.798882,45.093990,43.556520,45.063694,26992200
2016-02-01,44.806175,45.177289,44.260866,44.578964,16807900
2016-02-02,43.836743,43.912479,42.980911,43.192974,22448200
2016-02-03,43.450490,43.776160,41.670664,43.480785,31543200
2016-02-04,43.215700,44.321463,43.215700,44.230579,21651300
2016-02-05,44.366921,44.791049,43.488366,43.738300,22001300
2016-02-08,42.935477,43.109672,42.064500,42.821873,28267600
2016-02-09,41.875156,42.935477,41.753976,42.564365,26300000
2016-02-10,42.844592,43.480785,42.011483,42.049351,22389600
2016-02-11,40.822404,40.829976,39.762080,40.193783,44334700
2016-02-12,42.147808,43.601963,41.784266,43.541374,37011400
2016-02-16,44.101827,44.382054,43.654977,44.192711,23730700
2016-02-17,44.571403,44.874353,44.223012,44.510815,21580100
2016-02-18,44.563819,44.578967,43.359596,43.783726,17037800
2016-02-19,43.548943,44.056381,43.230847,43.791302,15658200
2016-02-22,44.313882,44.594112,44.245718,44.359325,14882800
2016-02-23,43.851891,43.995791,42.382586,42.503765,31772500
2016-02-24,41.806984,42.571929,41.148070,42.518913,25560100
2016-02-25,42.511347,43.192981,42.443184,43.177834,14473300
2016-02-26,43.654975,44.010941,43.276289,43.579239,20947500
2016-02-29,43.480791,43.632266,42.632534,42.640106,19554100
2016-03-01,42.988495,44.836487,42.920331,44.836487,23958100
2016-03-02,44.836482,45.366643,44.654711,45.260609,20943100
2016-03-03,45.124275,45.412075,44.760734,45.412075,15790600
2016-03-04,45.518119,45.858938,45.086417,45.480251,18459000
2016-03-07,45.093991,45.480250,44.927368,45.396938,12832400
2016-03-08,44.844057,45.063696,44.442651,44.518387,14132900
2016-03-09,44.798614,45.093989,44.442647,44.775890,13238800
2016-03-10,45.131855,45.192443,43.783732,44.389629,21139200
2016-03-11,44.980384,45.071268,44.419930,44.942516,21055000
2016-03-14,44.798614,44.919793,44.382056,44.775890,13436100
2016-03-15,44.336621,44.844059,44.253309,44.836487,10910500
2016-03-16,44.669867,45.253045,44.283608,44.624424,17423900
2016-03-17,44.510814,44.783469,43.920064,44.495667,19405700
2016-03-18,45.480245,46.177030,45.184870,45.805916,29570200
2016-03-21,45.608992,46.063415,45.412074,45.790760,12684400
2016-03-22,45.434802,45.881652,45.154572,45.624146,12042700
2016-03-23,45.699889,45.828641,45.336350,45.396938,11658700
2016-03-24,44.912215,45.071262,44.586544,45.048542,12921200
2016-03-28,45.086417,45.253040,44.821338,44.987961,11159700
2016-03-29,44.934940,44.934940,44.329039,44.707726,15933400
2016-03-30,45.033382,45.616559,44.972793,45.222725,13307100
2016-03-31,45.025827,45.389365,44.768320,44.851631,14904700
2016-04-01,44.700171,45.487840,44.351780,45.343937,15417500
2016-04-04,45.351552,45.450740,44.985321,45.168438,12305000
2016-04-05,44.703016,44.886132,44.413082,44.527531,12886600
2016-04-06,44.390194,44.924281,44.214709,44.870872,12167900
2016-04-07,44.451224,44.580933,43.543279,43.734024,19226800
2016-04-08,44.031590,44.695385,44.016330,44.054482,13547700
2016-04-11,44.184184,44.924276,44.184184,44.405449,17627800
2016-04-12,44.512269,45.313398,44.405452,45.229469,17779200
2016-04-13,46.145056,47.426864,46.068759,47.144562,37516800
2016-04-14,47.068264,47.999101,47.007227,47.754948,24249900
2016-04-15,47.976213,47.991473,46.885150,47.205601,19290700
2016-04-18,47.030106,47.747309,46.946177,47.510784,13813100
2016-04-19,47.724414,48.433985,47.724414,48.311909,19255600
2016-04-20,48.433991,49.067263,48.182209,49.013855,14594400
2016-04-21,49.029121,49.334314,48.327177,48.525551,15395800
2016-04-22,48.556061,49.120665,48.556061,48.807846,12444700
2016-04-25,48.525551,48.792596,48.182212,48.525551,10687200
2016-04-26,48.685772,48.884145,48.319541,48.777328,12048000
2016-04-27,48.723924,49.319048,48.525547,48.914669,15284100
2016-04-28,48.556071,49.151195,48.334806,48.525551,12852500
2016-04-29,48.136409,48.533159,47.838847,48.220337,16376400
2016-05-02,48.594213,48.830738,48.174575,48.670513,10247300
2016-05-03,47.991461,47.999090,47.152181,47.732048,19120300
2016-05-04,47.114040,47.503159,46.747810,46.976704,17030200
2016-05-05,46.999593,47.304786,46.587585,46.724922,14033900
2016-05-06,46.312907,47.060628,46.228979,46.999588,11057900
2016-05-09,46.824099,47.220849,46.579946,46.702023,11197100
2016-05-10,46.961443,47.503158,46.808846,47.335304,11897200
2016-05-11,47.281897,47.762573,47.159821,47.159821,11254000
2016-05-12,47.510789,47.732054,46.824106,47.129299,11071700
2016-05-13,47.075887,47.609974,46.557060,46.694397,15122300
2016-05-16,46.702030,47.297157,46.541805,47.045372,10951300
2016-05-17,46.869887,47.426862,46.656253,47.045372,12180900
2016-05-18,47.075900,48.960460,47.068269,48.861275,24007100
2016-05-19,48.472143,48.998601,47.991467,48.365326,16076200
2016-05-20,48.723927,48.975712,48.350066,48.456882,11862000
2016-05-23,48.411092,48.731542,48.189827,48.418720,9347500
2016-05-24,48.784958,49.418230,48.685773,49.242748,13839400
2016-05-25,49.547943,50.509294,49.532680,49.990467,18935200
2016-05-26,50.028622,50.036253,49.525058,49.616611,9428400
2016-05-27,49.753946,49.944691,49.631872,49.921803,10116000
2016-05-31,50.150697,50.219362,49.563199,49.799721,15139400
2016-06-01,49.410599,50.295653,49.029109,50.120171,14031000
2016-06-02,49.990466,50.211731,49.715798,50.211731,10637600
2016-06-03,49.021499,49.486918,48.487412,49.319061,20261700
2016-06-06,49.319047,50.173587,49.288527,49.807354,13193500
2016-06-07,49.937062,50.158327,49.624243,49.639500,9924100
2016-06-08,49.540309,49.959950,49.532677,49.784462,9428000
2016-06-09,49.433505,49.517433,49.036751,49.402985,10817800
2016-06-10,48.777328,48.884145,48.510287,48.708660,16678400
2016-06-13,48.433995,49.090155,48.266138,48.273769,14314900
2016-06-14,47.823601,48.426356,47.060621,47.365814,19509300
2016-06-15,47.617597,48.052496,47.236107,47.281887,16982100
2016-06-16,46.885142,47.533674,46.465503,47.472637,16791200
2016-06-17,47.533666,47.846488,47.251364,47.518406,15751500
2016-06-20,48.411094,48.716285,47.564186,47.587074,12213200
2016-06-21,47.861764,48.067770,47.411606,48.029621,11611600
2016-06-22,48.029613,48.609477,47.823608,47.846497,12643500
2016-06-23,48.601855,48.945197,48.472147,48.868900,16583600
2016-06-24,46.145037,47.075874,45.275240,45.473614,44108700
2016-06-27,44.794573,44.825093,43.528026,43.955296,37300700
2016-06-28,45.160798,45.435471,44.451226,45.412582,29088700
2016-06-29,46.053493,46.702025,45.778820,46.694397,21483000
2016-06-30,47.022483,47.449750,46.557065,47.411602,21343600
2016-07-01,47.411592,47.680713,47.027132,47.104023,14217800
2016-07-05,46.481198,46.596534,45.443155,45.789169,23357700
2016-07-06,45.373955,46.358174,45.181725,46.281281,20429800
2016-07-07,46.535025,47.011755,46.258214,46.581161,13771400
2016-07-08,47.157845,47.803735,47.157845,47.542305,16998800
2016-07-11,47.995974,48.403504,47.780678,47.880638,13151400
2016-07-12,48.465016,48.872545,48.357367,48.595734,16588100
2016-07-13,48.503456,48.772577,48.165130,48.564968,18526900
2016-07-14,49.779869,49.964414,49.249318,49.303143,28985900
2016-07-15,49.787558,49.826006,48.910990,49.349274,17607100
2016-07-18,49.310830,49.518441,49.133981,49.180115,10824400
2016-07-19,48.910992,49.287761,48.795653,49.103222,9737400
2016-07-20,49.295449,49.387722,48.987880,49.157043,10411100
2016-07-21,49.210874,49.349280,48.926374,48.972507,9808700
2016-07-22,49.133978,49.280069,48.903300,49.241627,8195700
2016-07-25,49.195479,49.341572,48.964803,49.110897,8168300
2016-07-26,49.195489,49.410789,48.987880,49.310825,8067800
2016-07-27,49.272377,49.741419,49.256996,49.464607,11806800
2016-07-28,49.210871,49.356968,48.995574,49.287762,10013400
2016-07-29,49.057091,49.433863,49.018646,49.187809,13210400
2016-08-01,49.326203,49.449227,48.910986,49.057079,11422600
2016-08-02,48.895613,49.218561,48.734141,48.941750,13550000
2016-08-03,48.972505,49.726046,48.941750,49.718361,13122300
2016-08-04,49.587636,49.841381,49.418473,49.641460,9873000
2016-08-05,50.087439,51.033213,50.033615,50.979389,20752700
2016-08-08,50.802533,51.125478,50.625679,50.825600,11359200
2016-08-09,50.887125,50.964016,50.510356,50.648762,10097000
2016-08-10,50.687196,50.802535,50.102821,50.195087,11556100
2016-08-11,50.187399,50.510350,49.995169,50.333496,9604500
2016-08-12,49.956721,50.248908,49.872139,50.225842,7685400
2016-08-15,50.410379,50.617991,50.333488,50.533409,8371600
2016-08-16,50.256590,50.717941,50.164318,50.525711,10128900
2016-08-17,50.594920,50.733326,50.394999,50.664120,11868100
2016-08-18,50.456519,50.741016,50.387314,50.710258,9313600
2016-08-19,50.533404,50.679501,50.148944,50.641052,9084900
2016-08-22,50.556473,50.656430,50.295043,50.594921,9055600
2016-08-23,50.802543,51.010149,50.564180,50.571865,8949600
2016-08-24,50.741016,50.925561,50.571853,50.710258,10167200
2016-08-25,50.679519,50.856368,50.587247,50.802544,9978700
2016-08-26,51.002451,51.425354,50.633367,50.917870,14038600
2016-08-29,51.125477,51.594519,51.102410,51.479179,14583100
2016-08-30,51.479180,51.978979,51.479180,51.902088,13791200
2016-08-31,51.871331,52.109694,51.409980,51.902088,14952300
2016-09-01,52.009736,52.071251,51.248507,51.679100,12226500
2016-09-02,51.825198,51.963604,51.502253,51.894398,13720700
2016-09-06,51.902094,51.940543,51.294647,51.855961,16649400
2016-09-07,51.640648,51.971278,51.486860,51.640648,10070400
2016-09-08,51.686787,52.040490,51.517624,51.709854,12253000
2016-09-09,51.540681,51.848250,51.240802,51.248493,19686900
2016-09-12,50.856354,51.748304,50.564167,51.563759,16453000
2016-09-13,50.833297,51.409987,50.610310,51.156242,18876100
2016-09-14,50.956303,51.709847,50.910170,51.056267,12648600
2016-09-15,50.971693,51.463802,50.817906,51.240814,12531300
2016-09-16,50.817900,50.948621,50.318107,50.610294,25161500
2016-09-19,50.864045,51.240814,50.633366,50.894802,13466900
2016-09-20,51.325404,51.402295,50.933254,51.102417,10092200
2016-09-21,51.394596,51.617584,50.987070,51.394596,14116800
2016-09-22,51.509940,51.840575,51.394600,51.817509,12781700
2016-09-23,51.817502,52.209653,51.656030,51.709854,13967400
2016-09-26,51.210050,51.363838,50.394997,50.579536,16408100
2016-09-27,50.295053,51.063972,50.064374,51.025524,13711400
2016-09-28,51.194671,51.340761,50.741005,51.294628,11278000
2016-09-29,51.286950,51.679101,50.248909,50.479588,18727200
2016-09-30,50.810225,51.563763,50.810225,51.202370,21680100
2016-10-03,51.017824,51.456108,50.948624,51.140854,14901700
2016-10-04,51.280274,52.031550,51.195078,51.582333,17226900
2016-10-05,51.806938,52.720859,51.737235,52.426548,16280000
2016-10-06,52.457537,52.643417,51.930870,52.565968,17485000
2016-10-07,52.503985,52.806043,52.201926,52.751827,18497000
2016-10-10,52.929968,53.487616,52.844777,53.162323,13027500
2016-10-11,53.053901,53.301744,52.612431,52.906742,15657100
2016-10-12,52.868024,53.123608,52.705378,52.767334,11899800
2016-10-13,52.248409,52.565961,51.752724,52.465271,17890000
2016-10-14,53.286249,53.464383,52.124485,52.294872,24163800
2016-10-17,52.217420,52.503990,51.690753,52.023792,14963400
2016-10-18,52.550458,52.829282,52.310362,52.434280,11870300
2016-10-19,52.519474,53.053887,52.519474,52.937710,12705800
2016-10-20,52.728607,53.193312,52.620176,52.868019,14122000
2016-10-21,52.519468,53.077116,52.434272,53.046135,12175700
2016-10-24,53.417923,53.479885,53.053903,53.340473,10197100
2016-10-25,53.348196,53.386924,52.960941,53.286240,9945100
2016-10-26,52.953205,53.634771,52.953205,53.541828,9801300
2016-10-27,53.820661,54.037523,53.518603,53.619293,14210700
2016-10-28,53.851633,53.867126,53.030655,53.526340,12766500
2016-10-31,53.774186,53.890364,53.619287,53.642521,14336300
2016-11-01,53.812917,54.045266,52.922230,53.417915,15564500
2016-11-02,53.170072,53.324971,52.674386,53.193306,12449800
2016-11-03,53.332708,53.588298,52.837023,52.960941,10369700
2016-11-04,53.046147,53.100363,52.387815,52.480759,13571300
2016-11-07,53.503111,54.192424,53.441149,54.122715,16515100
2016-11-08,53.983298,54.641636,53.627025,54.238888,17531700
2016-11-09,55.346453,57.429886,55.238023,56.732826,50948400
2016-11-10,57.484088,59.830851,57.484088,59.366146,56192300
2016-11-11,59.095044,59.420337,58.684550,59.397102,27574300
2016-11-14,59.830827,62.301512,59.830827,61.581219,46130700
2016-11-15,60.698291,61.503781,60.241328,61.465054,28126300
2016-11-16,60.582134,60.682818,59.544288,59.947037,26054900
2016-11-17,60.357520,60.768009,60.101931,60.427223,19306700
2016-11-18,60.380742,60.737016,60.063196,60.187115,19770000
2016-11-21,60.411738,60.543404,59.861837,60.450466,11983500
2016-11-22,60.682816,60.845462,60.225858,60.822227,14410100
2016-11-23,61.085559,61.372124,60.326537,61.077812,13373700
2016-11-25,61.263692,61.534769,60.775753,61.054577,6185700
2016-11-28,60.551153,61.085567,60.427229,60.659584,13007200
2016-11-29,60.713794,61.310169,60.713794,61.124283,14144100
2016-11-30,61.898784,62.371235,61.728391,62.092411,25351900
2016-12-01,62.464174,63.726622,62.464174,63.347115,23823600
2016-12-02,63.354864,63.378099,62.657805,63.199959,16931500
2016-12-05,63.742143,64.508906,63.734397,64.485672,18529800
2016-12-06,64.748963,64.911609,63.842789,64.818672,16130000
2016-12-07,64.710249,65.128479,64.168089,65.112991,18996900
2016-12-08,65.236926,66.220550,65.012318,65.926239,20844900
2016-12-09,65.848771,66.220538,65.167205,66.212791,14567200
2016-12-12,66.112107,66.445146,65.283382,65.624168,14511300
2016-12-13,65.817823,66.352231,64.919390,65.647430,16669000
2016-12-14,64.965831,66.700736,64.872894,65.624168,22622600
2016-12-15,66.143099,66.987311,65.755844,66.607803,19438900
2016-12-16,66.832414,66.832414,65.748099,65.786827,23008500
2016-12-19,65.678397,66.174083,65.205946,66.166336,21685100
2016-12-20,66.445168,67.026050,66.259287,67.018303,14587300
2016-12-21,66.940863,67.235174,66.631058,67.188705,11400500
2016-12-22,66.948600,67.513988,66.770460,67.297127,13924200
2016-12-23,67.382323,67.498501,66.917619,67.421051,10759400
2016-12-27,67.421030,67.506227,67.188675,67.482986,6946400
2016-12-28,67.506243,67.684377,66.878886,66.995064,9455600
2016-12-29,67.057035,67.126738,65.864289,66.522621,14689000
2016-12-30,66.685269,66.933112,66.344489,66.832428,13617800
2017-01-03,67.645638,67.970937,66.592311,67.560448,20550700
2017-01-04,67.724002,67.895338,67.287879,67.685066,15266600
2017-01-05,67.607166,67.840806,66.400037,67.062012,14300800
2017-01-06,67.280081,67.459206,66.929626,67.069809,12893300
2017-01-09,66.766099,67.576040,66.602547,67.116554,12806600
2017-01-10,67.030859,67.677260,66.758282,67.311226,13989000
2017-01-11,67.311241,67.817459,66.906271,67.817459,14713100
2017-01-12,67.568246,67.965427,66.991933,67.163269,21337400
2017-01-13,67.840816,68.666337,67.054232,67.521507,28296000
2017-01-17,66.143025,66.368876,64.858013,65.068291,30024600
2017-01-18,65.130609,65.597891,64.663334,65.372040,21270100
2017-01-19,65.465514,65.940580,64.733451,64.873634,16555600
2017-01-20,64.974865,65.286384,64.865834,65.161774,18436800
2017-01-23,64.873644,65.418799,64.803550,65.192947,12179200
2017-01-24,65.356462,66.197561,65.076095,65.979500,15175300
2017-01-25,66.851737,67.108741,66.329946,66.999710,17551000
2017-01-26,66.937417,67.716212,66.937417,67.560455,15962800
2017-01-27,67.490373,67.739588,67.186638,67.700645,12535400
2017-01-30,67.124320,67.365745,66.446767,66.999710,13661900
2017-01-31,66.664856,67.093196,65.488874,65.909424,15655100
2017-02-01,66.618107,67.054230,65.948343,66.158615,15430900
2017-02-02,65.683536,66.127455,65.543359,65.878235,11081400
2017-02-03,67.124342,67.996589,66.875128,67.895348,17885200
2017-02-06,67.591606,68.105608,67.451423,67.576027,11828400
2017-02-07,67.864187,68.066675,67.350185,67.537094,9392800
2017-02-08,67.116526,67.217767,66.485704,66.945190,13970900
2017-02-09,66.945215,68.012166,66.945215,67.910919,13749100
2017-02-10,68.128966,68.128966,67.669474,67.755142,10992500
2017-02-13,68.097813,69.110243,68.090024,68.650757,18739100
2017-02-14,68.767586,69.857894,68.619613,69.748863,17932100
2017-02-15,70.153852,70.769101,69.585329,70.551033,17381800
2017-02-16,70.403047,70.901475,69.912402,70.504288,17672700
2017-02-17,69.951344,70.457562,69.850103,70.270653,15776600
2017-02-21,70.488723,70.987151,70.449781,70.878120,14068300
2017-02-22,70.496511,71.103976,70.418633,70.917061,11839000
2017-02-23,71.010500,71.135104,70.496492,70.971558,11067000
2017-02-24,70.231706,70.512072,69.881250,70.348526,15062300
2017-02-27,70.340769,70.660078,70.107129,70.426437,12361000
2017-02-28,69.974719,70.730151,69.772231,70.574394,15183500
2017-03-01,72.264396,73.191164,72.124212,72.895218,24451400
2017-03-02,73.105481,73.144417,71.672496,71.758163,16862500
2017-03-03,71.758148,72.513580,71.758148,72.272156,12817500
2017-03-06,71.843811,71.898326,70.948196,71.586807,15059200
2017-03-07,71.368756,71.719211,71.033874,71.189636,11156800
2017-03-08,72.178719,72.311113,70.948222,71.033890,17378400
2017-03-09,71.337610,71.758160,70.987155,71.314247,13726200
2017-03-10,71.610170,71.649112,70.504283,71.088379,13729900
2017-03-13,71.111754,71.477788,70.815814,71.150696,10004300
2017-03-14,70.885888,71.376533,70.691189,71.267502,10237700
2017-03-15,71.493389,72.077485,70.971592,71.438873,16601400
2017-03-16,71.672458,72.279917,71.314213,71.368729,14492000
2017-03-17,71.516732,71.680278,70.597754,70.621117,21734700
2017-03-20,70.301823,71.002740,69.928005,70.114914,14623600
2017-03-21,70.371905,70.589967,67.801880,68.058884,33089200
2017-03-22,67.669487,68.588465,66.984150,68.167915,21741000
2017-03-23,67.918700,68.923346,67.825243,68.058884,16090100
2017-03-24,68.370393,68.604027,67.576019,67.980995,16093200
2017-03-27,66.610339,68.066688,66.376704,67.942078,16689300
2017-03-28,67.770708,69.328298,67.739562,69.001205,16264400
2017-03-29,69.001228,69.172564,68.596258,68.744225,10207600
2017-03-30,68.689719,69.671003,68.627420,69.336121,11631000
2017-03-31,69.086878,69.110241,68.339236,68.409325,16987600
2017-04-03,68.526160,68.666344,67.443636,68.160126,19831800
2017-04-04,68.058281,68.669230,67.925127,68.387253,14280800
2017-04-05,69.256698,69.350692,67.463010,67.510010,17635500
2017-04-06,67.345533,68.073974,66.773743,67.737167,14379600
2017-04-07,67.306387,67.995663,67.134067,67.502205,13097100
2017-04-10,67.423862,67.901657,66.891238,67.267204,15081600
2017-04-11,67.000888,67.196706,66.421271,67.149712,14690500
2017-04-12,67.306360,67.322022,66.601416,66.891228,14730600
2017-04-13,66.969574,68.136645,66.107979,66.107979,30529800
2017-04-17,66.139307,67.423869,66.084478,67.251549,19071700
2017-04-18,66.859906,67.071386,66.374277,66.703255,14127000
2017-04-19,66.969562,67.298534,66.076635,66.154961,17588500
2017-04-20,66.562242,67.188854,66.225436,67.008705,15635800
2017-04-21,66.969565,67.110553,66.194129,66.201958,19820600
2017-04-24,67.791991,68.966895,67.690162,68.536095,25468300
2017-04-25,69.358527,69.812819,69.131378,69.131378,18253800
2017-04-26,69.201894,69.750186,69.037408,69.264557,12832200
2017-04-27,69.217532,69.217532,68.152285,68.622246,13329000
2017-04-28,68.614408,68.810225,68.105281,68.144447,10755600
2017-05-01,68.426458,68.724099,67.799840,68.191475,15712300
2017-05-02,67.917309,68.050463,67.376851,67.752823,14414200
2017-05-03,67.408172,68.222773,67.376841,68.144447,11540500
2017-05-04,68.684903,68.716234,67.807639,68.222771,11540100
2017-05-05,68.340265,68.410756,67.690150,68.144447,9436000
2017-05-08,68.175776,68.395091,67.870302,68.222771,8162200
2017-05-09,68.348108,68.802400,67.752822,67.948639,10273900
2017-05-10,67.776311,68.520420,67.729317,68.481255,8334900
2017-05-11,68.214964,68.520444,67.635346,68.269798,10907400
2017-05-12,67.893835,68.183647,67.627520,68.081818,8738800
2017-05-15,68.222761,68.528235,68.034778,68.410744,8835600
2017-05-16,68.426428,68.998212,68.410760,68.622246,9795000
2017-05-17,68.622258,68.622258,65.771157,66.006134,24679700
2017-05-18,65.849489,66.421278,65.293368,65.763329,23350100
2017-05-19,65.959130,66.844223,65.912136,66.405594,13412900
2017-05-22,66.718913,66.805074,65.959141,66.342941,11636000
2017-05-23,66.382099,67.416014,66.194116,67.173203,11753000
2017-05-24,67.267226,67.337723,66.765933,67.134071,9833800
2017-05-25,67.353358,67.423856,66.640586,66.852066,12238500
2017-05-26,66.664076,67.016545,66.593579,66.859894,8113500
2017-05-30,66.679765,66.695434,65.622352,65.716347,12603200
2017-05-31,65.583179,65.653671,63.946142,64.345612,28327900
2017-06-01,64.588389,65.074018,63.953943,65.058350,17123500
2017-06-02,64.455273,65.003559,64.212461,64.729416,14998500
2017-06-05,64.729394,65.410841,64.682400,64.846886,9080200
2017-06-06,64.455260,65.183701,64.329934,64.980049,12196800
2017-06-07,65.254215,65.880834,65.089729,65.724182,13711100
2017-06-08,65.724155,67.149705,65.708486,66.538750,17951000
2017-06-09,66.977390,68.183626,66.883396,68.113129,19120200
2017-06-12,68.113123,68.724072,68.058294,68.128792,16053400
2017-06-13,68.575247,68.810224,68.128784,68.355927,12557200
2017-06-14,67.964305,68.387271,67.220201,68.214951,16175700
2017-06-15,67.556986,68.207102,67.549152,67.807632,12509700
2017-06-16,68.026994,68.113155,67.376879,67.502205,16936600
2017-06-19,68.120964,69.107885,68.026969,68.982559,15972300
2017-06-20,68.731912,68.865067,68.434272,68.551758,11197800
2017-06-21,68.520434,68.575263,67.956479,68.238457,10005900
2017-06-22,68.089627,68.426433,67.870312,68.160118,12180600
2017-06-23,68.661431,68.927740,67.838995,68.034813,18812000
2017-06-26,68.152287,68.669242,67.846812,68.332436,10082400
2017-06-27,68.700581,69.664006,68.536095,68.966896,15415200
2017-06-28,69.397689,70.549097,69.397689,70.353279,17466200
2017-06-29,72.327129,72.569947,70.737093,71.395042,27697800
2017-06-30,72.029495,72.060827,71.402883,71.590866,16892700
2017-07-03,72.110662,73.622817,71.992530,73.047882,13208100
2017-07-05,73.339270,73.866946,72.937603,73.780312,17535400
2017-07-06,73.670060,74.434012,73.150255,73.544044,16596100
2017-07-07,74.000849,74.166240,73.425920,73.914215,12817800
2017-07-10,73.638556,73.780321,73.315647,73.394409,13987200
2017-07-11,73.504667,73.504667,72.677708,73.110878,13262300
2017-07-12,72.937613,73.110881,72.512320,72.858856,13540100
2017-07-13,73.000605,73.544030,72.724948,73.323509,12820100
2017-07-14,71.519961,72.937604,71.338822,72.654076,22235200
2017-07-17,72.315397,72.449283,71.866478,71.976738,14374200
2017-07-18,71.236431,72.126398,71.134048,71.724731,14719400
2017-07-19,71.937371,72.157898,71.669597,71.827110,11651200
2017-07-20,71.787735,72.236654,71.590840,71.827110,11561700
2017-07-21,71.716856,71.953132,71.291564,71.582970,10971300
2017-07-24,71.638082,72.094878,71.598706,71.890106,10725100
2017-07-25,72.748591,73.654301,72.669828,73.087250,16447700
2017-07-26,73.323511,73.394396,72.205152,72.402046,11815500
2017-07-27,72.323289,72.504428,71.795613,72.102768,12332400
2017-07-28,72.023993,72.260269,71.598706,71.890106,9351900
2017-07-31,72.071261,72.740701,72.063384,72.299660,11520300
2017-08-01,72.843109,73.355036,72.677718,73.268402,12523700
2017-08-02,73.142389,73.410162,72.858860,73.331406,10165600
2017-08-03,73.008504,73.347162,72.646218,72.850990,11078800
2017-08-04,73.638572,74.347394,73.614946,73.764587,14324000
2017-08-07,73.945697,74.181973,73.803933,74.048080,7978300
2017-08-08,73.992955,74.993182,73.717304,73.780312,13745400
2017-08-09,73.229006,73.780308,73.110868,73.662170,11214400
2017-08-10,73.166014,73.299901,72.512323,72.606834,13252300
2017-08-11,72.559569,72.984862,71.858625,72.000389,10679500
2017-08-14,72.748611,73.166027,72.717107,72.843117,10994800
2017-08-15,73.488895,73.685790,72.969097,73.032104,8812700
2017-08-16,73.276248,73.425890,72.362655,72.528046,11085400
2017-08-17,72.268171,72.425684,71.275821,71.393959,13837500
2017-08-18,71.126192,72.094916,71.031687,71.464851,13040700
2017-08-21,71.551472,71.622358,71.008048,71.378204,11502100
2017-08-22,71.724745,72.228795,71.669615,72.110657,9211800
2017-08-23,71.567222,72.724957,71.543590,72.197281,8811300
2017-08-24,72.402050,72.551691,71.992512,72.079140,8623200
2017-08-25,72.362652,72.835203,72.299650,72.370529,11794600
2017-08-28,72.583199,72.606825,71.771988,72.142151,7292900
2017-08-29,71.236448,71.913766,71.126187,71.748375,10886100
2017-08-30,71.866497,72.362669,71.819244,71.913750,9165300
2017-08-31,72.307540,72.339044,71.512091,71.582970,13217400
2017-09-01,71.866494,72.740706,71.630218,72.220901,9815800
2017-09-05,71.685355,71.756240,70.110199,70.496117,16897300
2017-09-06,70.882009,71.291547,70.598481,70.968643,11845700
2017-09-07,70.968656,70.984405,69.369874,69.724281,14592300
2017-09-08,69.551015,70.425228,69.495885,69.637650,14242200
2017-09-11,70.401597,71.078914,70.055060,70.716629,13219000
2017-09-12,71.015912,71.866498,70.960782,71.582970,14003800
2017-09-13,71.362457,72.063401,71.134059,71.787750,12485400
2017-09-14,71.827143,72.087046,71.464858,71.646004,10562800
2017-09-15,71.732613,72.228785,71.480588,72.157906,18171800
2017-09-18,72.402032,73.355000,72.339024,73.181732,11318700
2017-09-19,73.016376,74.315881,72.866734,73.985100,12626100
2017-09-20,74.111101,75.048321,73.803946,74.504890,15311600
2017-09-21,74.394617,75.111316,74.181974,74.843536,10851500
2017-09-22,74.583639,74.804165,74.370995,74.686028,8358300
2017-09-25,74.433986,74.725386,73.599149,74.126831,10463400
2017-09-26,73.859089,74.055984,73.512553,73.796082,9358100
2017-09-27,74.796317,75.387001,74.489162,74.961708,15090200
2017-09-28,75.284592,75.512991,74.749045,75.119202,10270400
2017-09-29,75.056182,75.229444,74.835655,75.221573,11438400
2017-10-02,75.426350,76.300562,75.182203,76.269058,13797200
2017-10-03,76.261193,76.733738,76.213934,76.670731,9633500
2017-10-04,76.631324,76.741584,75.827991,75.890999,12166600
2017-10-05,76.049450,77.158506,75.692971,76.912926,14236200
2017-10-06,77.277338,77.348631,76.421780,76.778259,10231900
2017-10-09,76.809910,76.897051,76.160322,76.374214,7765100
2017-10-10,76.413858,76.984230,76.239577,76.944618,10631500
2017-10-11,76.706972,76.849565,76.160365,76.714890,14283600
2017-10-12,77.079297,77.237731,75.748431,76.041534,18251600
2017-10-13,75.637518,76.611899,75.225580,75.938545,13190600
2017-10-16,76.318792,77.594205,76.318792,77.507065,12434000
2017-10-17,77.689258,77.776399,77.095122,77.332779,10335700
2017-10-18,77.752668,78.069542,77.340730,77.625916,10158600
2017-10-19,76.992149,77.792248,76.912926,77.720955,9133900
2017-10-20,78.647828,79.131059,78.212131,78.830032,15326600
2017-10-23,78.830026,79.210270,78.616134,78.695351,9238600
2017-10-24,79.123114,80.160876,79.028056,79.946983,13000800
2017-10-25,80.208411,80.366845,79.368701,80.026207,14632700
2017-10-26,80.287653,81.135287,80.263888,80.596603,13054400
2017-10-27,80.351000,80.984747,80.049973,80.620338,10400400
2017-10-30,80.113351,80.747099,79.907388,80.335167,8839500
2017-10-31,80.303491,80.564907,79.669743,79.701431,8690200
2017-11-01,80.089576,80.564884,79.796473,79.946983,8418200
2017-11-02,79.907379,80.620338,79.344931,80.477745,8731800
2017-11-03,80.089586,80.430225,79.796483,80.335167,7103500
2017-11-06,80.279687,80.556955,79.741009,79.836067,8121500
2017-11-07,79.661806,79.812322,77.831868,78.227959,18822600
2017-11-08,77.847690,77.926913,76.960450,77.348618,18524700
2017-11-09,76.936690,77.808089,76.691109,77.340698,13697800
2017-11-10,77.483310,77.903165,77.237735,77.245659,9314000
2017-11-13,76.596067,77.673435,76.540615,77.522919,9303100
2017-11-14,77.110987,77.459549,76.722819,77.055534,11043800
2017-11-15,76.358410,78.220036,76.009848,77.784340,15384100
2017-11-16,78.053686,78.473541,77.879405,78.006157,9808000
2017-11-17,77.491215,77.958605,77.293169,77.744713,9017900
2017-11-20,77.990311,78.544842,77.443710,78.433937,9483200
2017-11-21,78.822080,78.861692,78.354696,78.370537,13389400
2017-11-22,78.449766,78.837934,78.101204,78.140816,7342200
2017-11-24,78.291336,78.346788,77.839792,77.887321,3680000
2017-11-27,77.879404,78.528993,77.578377,77.578377,13076200
2017-11-28,77.800188,80.564902,77.610066,80.295563,16773000
2017-11-29,81.127332,82.561179,80.770847,82.173012,21105500
2017-11-30,82.973132,84.494126,82.418607,82.798851,23945900
2017-12-01,83.099882,83.432597,80.960987,83.012741,19683500
2017-12-04,85.341746,85.872506,84.581246,84.723839,23576600
2017-12-05,83.638546,85.088240,82.481961,83.749451,17193900
2017-12-06,83.614789,83.781147,82.806760,83.123634,15476200
2017-12-07,82.347308,83.329618,82.173033,82.878075,13371800
2017-12-08,82.981058,83.923756,82.656260,83.915833,13506900
2017-12-11,83.749467,84.018806,83.424669,83.670250,10591200
2017-12-12,84.692150,85.056553,83.606859,84.644615,15508800
2017-12-13,84.525792,84.850589,83.559335,83.583099,15020300
2017-12-14,84.066344,84.327760,82.893912,82.909760,13034200
2017-12-15,83.804952,84.383241,83.337561,84.082214,29350600
2017-12-18,84.913970,85.262526,84.351522,84.731766,12713100
2017-12-19,85.040720,85.151625,84.319837,84.375290,12149900
2017-12-20,85.238800,85.341787,84.042603,84.082214,13091500
2017-12-21,84.438695,85.611127,84.414931,85.421005,12323700
2017-12-22,85.714078,85.920047,84.612946,85.119942,14573400
2017-12-26,84.921913,85.547737,84.288171,84.779320,7403700
2017-12-27,84.502049,84.993204,84.502049,84.937752,9496500
2017-12-28,85.080339,85.428895,84.890217,85.389290,7440600
2017-12-29,85.626931,85.777448,84.715927,84.715927,8925700
2018-01-02,85.262524,85.571474,84.612935,85.516022,13578800
2018-01-03,85.444731,85.943803,85.143704,85.603165,11901000
2018-01-04,86.287978,87.617811,86.160566,86.829468,12953700
2018-01-05,87.004680,87.235611,85.826141,86.272072,14155000
2018-01-08,86.120776,86.542819,85.762433,86.399483,12466500
2018-01-09,86.574680,87.299318,86.391526,86.837463,13292300
2018-01-10,87.171895,88.151351,87.108189,87.793015,15834500
2018-01-11,88.127477,88.334519,87.633769,88.262848,13676800
2018-01-12,88.907846,89.863413,88.262831,89.720078,18884200
2018-01-16,88.796391,90.325302,88.446013,89.401581,22703300
2018-01-17,89.098961,90.221759,88.637101,89.974899,14940300
2018-01-18,89.791764,90.556220,89.401569,90.189919,14572900
2018-01-19,90.731404,91.049923,89.823613,89.990837,18785500
2018-01-22,89.712128,91.089738,89.584716,91.041962,12475700
2018-01-23,90.516396,91.288816,90.261578,90.946404,12320800
2018-01-24,91.464001,92.371792,91.304742,92.109009,15904500
2018-01-25,92.403660,92.507178,91.639204,92.132912,13510000
2018-01-26,92.132911,92.626625,91.543645,92.626625,13883900
2018-01-29,92.387739,93.446831,92.387739,92.531075,11679900
2018-01-30,91.997526,92.849576,91.559560,91.663078,14279100
2018-01-31,92.093085,92.897359,91.702896,92.109009,13141400
2018-02-01,92.188646,93.160144,91.957722,93.064590,13800600
2018-02-02,92.761993,93.104406,90.850851,91.002151,16477300
2018-02-05,89.982876,91.249004,82.800175,86.638382,30097600
2018-02-06,85.085555,89.568776,84.894443,89.274139,33114800
2018-02-07,88.828229,91.137519,88.509705,89.879356,21878300
2018-02-08,90.070466,90.070466,85.873916,85.905769,27425800
2018-02-09,86.877246,88.430051,84.591845,87.625778,28188000
2018-02-12,88.525627,89.767873,87.649689,88.979523,18043300
2018-02-13,88.645081,90.022698,88.231003,89.528984,16358200
2018-02-14,89.688254,91.790508,89.608624,91.599396,15186900
2018-02-15,92.164738,92.363815,90.954352,91.981590,12130200
2018-02-16,91.217153,92.427540,91.177335,91.320671,13214300
2018-02-20,91.296782,91.886049,90.755292,91.344559,13461500
2018-02-21,91.575498,93.526452,91.312715,91.726799,14212500
2018-02-22,91.973648,92.714215,91.384381,91.559570,17070400
2018-02-23,91.822323,93.478646,91.822323,93.414940,12162500
2018-02-26,94.075888,94.681084,93.422915,94.577560,16511200
2018-02-27,94.689046,95.023494,93.446801,93.454765,17563300
2018-02-28,93.821076,94.354601,91.846228,91.973640,17735600
2018-03-01,91.957714,92.881429,89.704160,90.325279,18690000
2018-03-02,89.497111,90.428791,88.485802,90.237679,18353700
2018-03-05,89.226376,92.316051,89.098964,91.623260,13933000
2018-03-06,92.085106,92.228441,91.033979,91.702881,10674400
2018-03-07,90.580096,91.655112,90.070459,91.360481,13006500
2018-03-08,91.663075,91.758634,90.150088,91.368439,11173700
2018-03-09,92.809779,94.028130,92.109023,93.996277,15366600
2018-03-12,93.964399,94.561630,93.367168,93.693657,12339300
2018-03-13,94.123684,94.338691,92.236437,92.570885,13312300
2018-03-14,92.817740,92.841628,91.256976,91.535683,12905100
2018-03-15,92.268280,92.371798,91.440118,91.766602,8748000
2018-03-16,91.846237,92.849588,91.846237,91.925873,19888900
2018-03-19,91.655121,91.933828,90.221769,91.201225,13214900
2018-03-20,91.471957,91.933811,91.137503,91.288803,9921200
2018-03-21,91.424180,92.873461,90.946396,91.368439,13633000
2018-03-22,90.142118,90.460642,87.227632,87.554115,22550400
2018-03-23,87.808936,88.326538,85.013897,85.212975,23081500
2018-03-26,86.948943,88.517672,86.518936,87.840805,20217500
2018-03-27,88.446000,88.939713,85.443919,86.136703,18039900
2018-03-28,86.224262,86.932976,84.926282,86.001297,19189300
2018-03-29,86.399448,88.215030,85.826106,87.570023,13274600
2018-04-02,87.562109,88.175270,84.472433,85.881897,18822500
2018-04-03,86.287974,87.195765,85.412036,87.060394,14050700
2018-04-04,85.284639,88.557467,85.220933,88.382278,15302600
2018-04-05,89.342707,90.303126,89.150625,89.542793,16627000
2018-04-06,88.478349,89.278696,86.293400,87.309837,18906000
2018-04-09,88.046142,90.423172,87.950098,88.358276,15974300
2018-04-10,89.742869,90.335130,89.174624,90.047005,13951400
2018-04-11,89.366724,89.486771,88.454323,88.534363,14503300
2018-04-12,89.286667,91.551649,89.238648,90.735298,16435500
2018-04-13,92.055875,92.159924,87.277811,88.278244,39152800
2018-04-16,88.790471,89.214654,87.870071,88.206215,16580500
2018-04-17,89.134620,89.574807,88.030138,88.206215,15501400
2018-04-18,88.462338,88.894526,87.149770,87.493919,16081400
2018-04-19,87.661988,89.534802,87.637978,89.414749,17911000
2018-04-20,89.878950,90.231098,88.742453,89.214661,15584400
2018-04-23,89.294692,89.598822,88.542364,88.782471,11285800
2018-04-24,89.438741,90.359141,87.709989,88.366280,16453100
2018-04-25,88.254225,88.462316,86.917647,88.030128,13548200
2018-04-26,88.014114,88.694407,87.509891,88.118156,10299500
2018-04-27,87.677991,88.166203,87.341841,87.557938,9384000
2018-04-30,87.838059,88.278252,87.037712,87.061722,13744900
2018-05-01,86.797606,87.213790,86.069294,87.061722,10503400
2018-05-02,86.525481,87.629957,86.221351,86.373413,12162100
2018-05-03,86.109306,86.253368,84.180473,85.829185,15379100
2018-05-04,85.180907,87.029706,84.820754,86.781601,11967900
2018-05-07,87.045701,87.782018,86.725561,87.533913,9356700
2018-05-08,87.661962,89.110587,87.461875,88.830467,12543200
2018-05-09,89.190635,90.951395,88.862490,90.767319,11368100
2018-05-10,90.591246,91.591680,90.239092,91.471626,9159700
2018-05-11,91.631703,91.823791,90.975419,91.127487,10253000
2018-05-14,91.327565,91.799766,91.031434,91.159492,8710700
2018-05-15,91.167505,91.167505,90.095037,90.463196,11536200
2018-05-16,90.351150,90.991430,90.143058,90.711304,7571100
2018-05-17,90.599255,90.767333,89.798908,90.407173,8617200
2018-05-18,90.239099,90.279119,88.710434,88.942535,11806300
2018-05-21,89.678847,90.071015,89.574798,89.758881,9441900
2018-05-22,89.918935,91.471609,89.870916,90.447166,11507600
2018-05-23,90.047001,90.255087,88.934520,90.030991,11453900
2018-05-24,89.750872,89.758878,88.134175,89.022560,14084800
2018-05-25,88.406303,88.902520,88.198211,88.566376,8283500
2018-05-29,87.381858,87.397862,84.004394,84.780731,30643800
2018-05-30,86.149322,86.917654,85.356980,86.717567,17490800
2018-05-31,86.397425,86.589513,85.172896,85.645103,19808200
2018-06-01,86.709551,87.189764,86.277369,86.757576,13594200
2018-06-04,87.229788,87.445885,86.653537,86.797600,9415400
2018-06-05,86.629535,86.685559,85.693130,86.309395,10415200
2018-06-06,86.965676,88.630393,86.821614,88.326263,15453600
2018-06-07,88.982551,89.238661,88.062151,88.678421,13444400
2018-06-08,88.534353,88.950531,88.086155,88.926521,10383200
2018-06-11,88.934547,89.566822,88.654421,88.702446,12642900
2018-06-12,88.950551,89.262686,87.653987,88.190224,15294100
2018-06-13,88.406298,89.198639,87.701995,88.014130,14979700
2018-06-14,88.262221,88.326250,86.261354,86.461441,20487300
2018-06-15,86.277358,86.741554,85.052823,86.357391,26028600
2018-06-18,85.845202,86.757597,85.389005,86.581520,9786800
2018-06-19,85.557059,86.341396,85.316953,86.077286,12707200
2018-06-20,86.581519,86.949678,85.989264,86.069298,8876900
2018-06-21,85.717135,86.605521,85.260938,86.045280,11048700
2018-06-22,86.565504,86.733576,84.444584,84.636665,19478900
2018-06-25,84.564651,84.596660,83.204058,83.868347,16907600
2018-06-26,83.804309,84.204482,82.523755,83.924362,17086800
2018-06-27,83.780309,84.772737,82.619809,82.627808,16276800
2018-06-28,82.979951,84.404568,82.843894,83.980385,14491300
2018-06-29,85.380973,85.557050,83.356097,83.396111,18972400
2018-07-02,83.011984,84.108455,82.739863,84.100456,11130000
2018-07-03,84.364538,84.660663,82.851878,82.923912,8311700
2018-07-05,83.793011,83.994185,83.310195,83.463089,10723400
2018-07-06,82.980254,84.090732,82.239929,83.736664,12173700
2018-07-09,84.259713,86.472627,84.259713,86.327782,13900800
2018-07-10,86.923254,87.229042,85.724258,85.796684,14575900
2018-07-11,85.547218,86.150740,85.466750,85.611595,10186500
2018-07-12,86.440435,86.553091,85.273628,85.981758,12456800
2018-07-13,86.343887,86.746235,84.605741,85.587471,21289100
2018-07-16,86.142693,89.136157,86.086365,88.983269,24662600
2018-07-17,89.071809,89.264934,88.315393,88.918915,14821900
2018-07-18,88.854529,90.222516,88.677495,89.747742,14244900
2018-07-19,89.369532,89.393672,88.299291,88.428040,16775300
2018-07-20,88.516567,89.916737,88.339533,89.546577,13578100
2018-07-23,89.369541,91.928475,89.264933,91.212296,18140000
2018-07-24,91.373232,92.363005,91.268618,91.856049,14000400
2018-07-25,91.638791,92.958492,91.236443,92.684898,13329100
2018-07-26,92.878003,93.014800,92.202062,92.419327,11897800
2018-07-27,92.684891,93.586153,92.387151,93.368881,12802700
2018-07-30,93.570043,94.640290,93.393008,93.932159,13411600
2018-07-31,94.213816,94.213816,92.395201,92.499809,15843800
2018-08-01,93.143556,93.899972,92.765348,93.071136,13531600
2018-08-02,92.194025,93.545915,92.000900,93.465446,11058100
2018-08-03,93.344739,94.254044,93.296460,94.221855,11016100
2018-08-06,93.980474,94.575947,93.489609,94.246025,9857400
2018-08-07,94.744906,95.187491,94.414984,94.592018,10562100
2018-08-08,94.414966,95.171376,94.374729,94.785126,8997100
2018-08-09,94.559819,94.728804,93.908011,94.052856,9694200
2018-08-10,92.942397,93.304508,92.282546,93.127480,12630600
2018-08-13,92.990684,93.248187,91.590514,91.646843,10336300
2018-08-14,91.952596,92.572216,91.453689,92.258385,10597600
2018-08-15,91.590516,92.000912,90.906525,91.493950,10152100
2018-08-16,92.016994,92.789502,91.976763,92.354965,10118600
2018-08-17,92.250357,92.596376,91.976763,92.354965,8505100
2018-08-20,92.210130,92.580295,91.823879,92.234276,8618700
2018-08-21,92.837784,93.658571,92.443478,92.797546,10976700
2018-08-22,92.789493,92.869968,92.363005,92.515900,8314700
2018-08-23,92.507861,92.660755,92.081373,92.322784,9265400
2018-08-24,92.523951,92.717076,92.097457,92.282539,8845700
2018-08-27,92.717096,94.374769,92.676859,93.916092,13768000
2018-08-28,94.149452,94.173592,93.320616,93.457413,8302600
2018-08-29,93.626387,93.642484,92.829739,93.151619,7221700
2018-08-30,93.014829,93.376946,92.523970,92.692955,8991800
2018-08-31,92.403261,92.411304,91.590517,92.202087,13065700
2018-09-04,92.008928,92.733156,91.437595,92.660736,10174200
2018-09-05,92.540042,93.103327,91.936520,92.210114,11462400
2018-09-06,92.137691,92.298628,91.332995,91.815811,9877600
2018-09-07,92.137682,92.354947,91.437594,91.992836,10955600
2018-09-10,92.419337,92.515902,91.461753,91.501984,8276900
2018-09-11,91.365189,92.202073,91.075497,92.081367,9333800
2018-09-12,91.936511,92.443467,90.809935,90.995018,10800800
2018-09-13,91.228391,91.839956,90.665100,91.349091,12470800
2018-09-14,91.582454,92.129648,91.115735,91.333000,10337900
2018-09-17,91.566374,92.081379,91.172075,91.606606,9561300
2018-09-18,92.000878,92.266429,91.381259,91.976738,7944200
2018-09-19,92.089435,95.002431,92.089435,94.648369,16052800
2018-09-20,95.356467,95.951940,95.018496,95.461075,15590000
2018-09-21,95.863430,95.943904,94.744903,94.833420,24788200
2018-09-24,94.761003,95.324287,93.690755,93.924118,12492500
2018-09-25,94.181631,94.929998,93.602248,93.658577,9308300
2018-09-26,93.948256,94.044822,92.266445,92.556129,14023600
2018-09-27,92.877998,93.151598,91.864086,92.153770,13283000
2018-09-28,91.453703,91.928471,90.544393,90.801895,15815100
2018-10-01,91.228392,92.226213,90.962841,91.333000,10146300
2018-10-02,91.220347,91.831918,90.777762,91.711212,13753100
2018-10-03,92.491751,93.071134,92.121592,92.572220,17142000
2018-10-04,92.823420,94.654763,92.547904,93.406853,16357400
2018-10-05,93.860650,94.079436,92.393946,92.880150,13777600
2018-10-08,92.580326,93.820132,91.851027,93.447380,14370900
2018-10-09,92.920661,93.212381,92.110330,92.799110,14069500
2018-10-10,92.944988,93.147571,90.327621,90.327621,23086400
2018-10-11,89.922429,90.327595,87.013338,87.621086,33705600
2018-10-12,89.436246,89.808998,85.570964,86.664909,32075700
2018-10-15,86.867494,88.204541,86.154405,86.170609,18903200
2018-10-16,86.835090,88.147823,86.486648,88.018173,19302800
2018-10-17,87.823681,89.784687,87.702136,88.998665,18794500
2018-10-18,88.342323,89.006794,87.361823,87.588715,17582500
2018-10-19,87.232145,88.504365,86.924215,87.442833,15234500
2018-10-22,87.637291,87.791250,85.984215,86.186798,16199100
2018-10-23,84.436503,86.024758,84.031338,85.287354,21407500
2018-10-24,84.890300,85.109087,83.391188,83.699112,23168900
2018-10-25,84.420318,85.814089,84.047567,84.971344,17464700
2018-10-26,84.274429,84.728213,83.245312,83.804436,19174900
2018-10-29,84.647175,86.405592,84.031322,84.963203,18445200
2018-10-30,85.660108,86.689232,84.971327,86.462334,18019700
2018-10-31,87.580578,89.525374,87.345581,88.342285,20860000
2018-11-01,88.828479,89.314676,87.775046,88.309868,13065000
2018-11-02,89.055399,89.792797,87.102498,87.823692,19009200
2018-11-05,88.010062,88.561087,87.856097,88.399017,10276400
2018-11-06,88.058671,88.869002,87.321273,88.812279,10825000
2018-11-07,89.436241,90.538291,88.609700,90.335709,12679600
2018-11-08,89.954853,91.510687,89.946748,91.065002,11662500
2018-11-09,90.943461,91.048801,89.808996,90.181747,10432200
2018-11-12,90.287103,90.708478,88.001969,88.285583,13279700
2018-11-13,88.407131,90.044003,88.407131,88.804192,13746100
2018-11-14,89.322801,89.711756,85.878894,86.972839,18361400
2018-11-15,87.710246,89.201258,86.551472,89.193153,19100000
2018-11-16,88.690724,89.752262,87.961431,89.128304,13798600
2018-11-19,89.104008,90.108817,88.755565,89.808998,13987000
2018-11-20,88.958143,89.533478,87.499551,87.880402,18936200
2018-11-21,88.350405,88.820398,87.224045,87.224045,10619600
2018-11-23,86.494748,87.021465,85.943723,86.421822,6488400
2018-11-26,87.288871,89.120221,87.070078,88.536781,13948300
2018-11-27,88.131621,89.160739,88.026274,88.909538,9238200
2018-11-28,88.974363,90.270892,88.220755,89.898140,13977300
2018-11-29,89.355220,89.784701,88.844713,89.185051,11144300
2018-11-30,89.014854,90.206041,88.796067,90.100700,18652700
2018-12-03,91.064992,91.478262,90.546380,90.951546,16034500
2018-12-04,90.432958,90.432958,86.486650,86.891815,23555900
2018-12-06,85.092864,85.376479,83.366855,85.238724,27213900
2018-12-07,85.214434,86.689236,83.391188,83.699112,19248600
2018-12-10,83.358756,83.861158,80.449665,82.135155,23636400
2018-12-11,83.569449,83.998929,81.203283,81.332939,16860700
2018-12-12,82.378283,83.383092,81.081748,81.859665,22621500
2018-12-13,82.289116,82.629454,81.576021,81.940674,17250900
2018-12-14,81.025010,82.605160,80.919670,81.268112,19879500
2018-12-17,80.846743,81.486906,79.769007,80.230896,25113500
2018-12-18,80.563126,81.754314,79.509699,79.850037,20837200
2018-12-19,79.744716,81.503134,78.278012,78.837143,28767900
2018-12-20,78.286089,79.639341,77.540586,78.156433,31825200
2018-12-21,78.342809,79.760888,75.919921,76.308876,41313900
2018-12-24,75.271658,76.349400,74.663910,74.663910,17009300
2018-12-26,75.109582,77.759361,73.829257,77.759361,22542900
2018-12-27,76.835608,78.723681,75.806490,78.634544,20304700
2018-12-28,79.371938,79.671762,78.148342,78.464371,17963300
2018-12-31,79.080215,80.068820,78.415744,79.104530,13237200
2019-01-02,77.751263,80.854833,77.743164,80.473976,15670900
2019-01-03,80.580173,80.784401,78.987198,79.330299,16286400
2019-01-04,80.964130,82.450909,80.286092,82.254852,16935200
2019-01-07,82.042445,82.892034,81.454267,82.312027,15430700
2019-01-08,83.022731,83.177947,81.323560,82.156807,13578800
2019-01-09,82.352852,82.908352,81.633972,82.017921,14230300
2019-01-10,81.707498,82.287511,81.094815,82.009758,14376100
2019-01-11,81.601304,81.830038,80.833405,81.617645,15439900
2019-01-14,80.768076,82.802185,80.596526,82.459084,21258500
2019-01-15,80.784406,83.708952,80.547501,83.063591,26504900
2019-01-16,83.529224,84.509515,83.161616,83.733452,18533000
2019-01-17,83.414872,84.550379,83.259657,84.076569,14247600
2019-01-18,84.770936,85.694050,84.003043,85.440804,16428700
2019-01-22,84.207255,84.623875,83.431185,84.092888,17083700
2019-01-23,84.501371,84.713763,83.300509,83.880516,12146700
2019-01-24,83.431203,84.215438,83.275994,83.929520,11296800
2019-01-25,84.558542,85.212068,83.929516,84.460510,14369400
2019-01-28,84.052046,85.154875,83.806970,84.860786,12283100
2019-01-29,84.860804,85.865609,84.738273,85.097710,9743300
2019-01-30,85.073200,85.971802,84.779111,85.293770,12526300
2019-01-31,84.476850,84.795445,83.921350,84.550369,17520600
2019-02-01,84.958818,85.653192,84.566698,84.860786,13000800
2019-02-04,84.787277,85.163055,84.150087,85.163055,9871500
2019-02-05,85.383635,85.408147,84.378837,84.787292,12763000
2019-02-06,84.721900,85.465293,84.525843,84.746407,8745000
2019-02-07,84.346145,84.550373,82.867537,83.635429,13177500
2019-02-08,83.390355,83.602747,81.740190,82.802177,12892600
2019-02-11,83.128951,83.333179,82.320204,82.410065,10978500
2019-02-12,83.284138,84.076544,83.235126,83.815132,12852300
2019-02-13,84.060222,84.836286,84.060222,84.215431,10754100
2019-02-14,83.708939,84.223591,82.793996,83.668091,11518500
2019-02-15,84.877139,86.347576,84.681081,86.225044,14716900
2019-02-19,85.702219,86.077998,84.803611,85.922783,12764900
2019-02-20,85.947288,86.429270,85.677706,86.339409,10030300
2019-02-21,86.143357,86.584490,85.743072,86.159698,8400100
2019-02-22,86.347577,86.666172,85.596020,85.775742,10647300
2019-02-25,86.388437,87.630140,86.339424,86.674355,11230700
2019-02-26,85.367273,86.159679,84.909805,86.012634,15465400
2019-02-27,85.922784,86.086164,85.375454,85.906448,9968800
2019-02-28,85.783908,85.947288,85.105870,85.252914,15156900
2019-03-01,85.857449,86.519152,85.122227,85.310120,13813300
2019-03-04,85.710394,86.527306,84.362488,85.114052,12466300
2019-03-05,85.065026,85.408134,84.354317,85.048691,10856600
2019-03-06,84.844447,85.424453,84.591206,84.730080,9070800
2019-03-07,84.346135,84.525857,83.455705,84.117401,12705700
2019-03-08,83.316824,84.329799,83.316824,84.150078,10582400
2019-03-11,84.942475,85.408114,84.681063,85.244728,9763200
2019-03-12,85.440783,85.604169,84.754580,84.991486,10219100
2019-03-13,85.114040,85.759401,84.917977,85.277420,13022200
2019-03-14,85.367279,86.486451,85.334602,86.053482,10926500
2019-03-15,86.110675,87.246182,85.963631,87.041954,24811700
2019-03-18,87.041943,88.054912,87.001095,87.564766,12935500
2019-03-19,88.389857,88.553243,87.041957,87.246185,12889300
2019-03-20,86.943949,87.123671,85.293790,85.383644,14920700
2019-03-21,84.542202,84.542202,83.553740,84.035721,19751000
2019-03-22,83.177969,83.586425,81.299069,81.495132,31115200
2019-03-25,81.356259,82.156836,80.130891,80.817101,21032300
2019-03-26,81.544111,82.017921,80.727200,81.625801,15987100
2019-03-27,81.593130,82.058770,80.939605,81.348061,12753200
2019-03-28,81.691165,82.344697,81.478766,82.271172,12454100
2019-03-29,82.949225,83.316832,82.173155,82.695984,14523400
2019-04-01,83.447535,85.514321,83.423029,85.481644,17499300
2019-04-02,85.448988,86.135198,85.228425,85.890121,10295400
2019-04-03,86.437432,86.886736,85.604185,86.061653,11499200
2019-04-04,86.061669,87.033001,85.979348,86.893059,11952100
2019-04-05,87.090625,87.345804,86.423859,86.687271,9933700
2019-04-08,86.522647,86.967155,86.358017,86.967155,8056300
2019-04-09,86.497937,86.596712,85.814710,86.325073,9092200
2019-04-10,86.539089,87.024758,85.995805,86.711952,10882300
2019-04-11,87.016517,87.856146,86.893041,87.444565,11183800
2019-04-12,90.086942,92.070761,89.625967,91.543938,25834100
2019-04-15,91.305216,91.371070,89.823527,90.498520,15163800
2019-04-16,90.465592,91.692102,90.432664,91.453384,11583200
2019-04-17,91.947288,94.383856,91.379310,94.087517,17791900
2019-04-18,94.276810,94.622537,93.289018,93.396027,12501900
2019-04-22,92.877436,93.782914,92.737500,93.511269,7975900
2019-04-23,93.017372,94.145107,92.893896,93.626511,9193100
2019-04-24,93.231421,93.964035,92.860994,93.470139,9245700
2019-04-25,93.025612,93.964017,92.605797,93.519508,9311800
2019-04-26,93.799399,94.317996,93.511294,94.227448,7889300
2019-04-29,94.334467,96.441768,94.210991,95.585678,14242200
2019-04-30,95.840845,96.079563,94.877746,95.528046,11389100
2019-05-01,95.256372,96.310019,94.754242,94.795403,10412900
2019-05-02,94.803642,95.305772,94.317979,95.001205,8613300
2019-05-03,95.486896,96.046647,95.215251,95.585678,8185400
2019-05-06,93.988726,95.050606,93.610072,94.737801,9387000
2019-05-07,93.865240,93.865240,92.432938,93.190247,15017700
2019-05-08,92.737518,93.568908,92.572882,92.696358,9575800
2019-05-09,91.486299,92.803358,91.025330,92.622261,12205900
2019-05-10,91.988424,92.885668,90.992398,92.614029,13189000
2019-05-13,90.613750,90.918316,89.708273,90.095154,13783700
2019-05-14,90.177462,91.963723,90.136301,90.811295,10503600
2019-05-15,89.897592,91.288739,89.403696,90.465576,10142000
2019-05-16,91.058258,92.334156,91.033558,91.626236,9672700
2019-05-17,90.547900,91.988434,90.407963,91.181732,9570100
2019-05-20,91.025339,92.037826,90.852476,91.659172,8518200
2019-05-21,91.733267,92.128382,91.552170,91.971985,7967900
2019-05-22,91.700321,92.021354,91.165264,91.222885,7918900
2019-05-23,90.251561,90.375037,88.489993,89.428398,14558000
2019-05-24,90.152778,90.514972,89.881139,90.309181,8537300
2019-05-28,89.889356,90.407952,89.263757,89.329605,11665500
2019-05-29,88.448811,89.230819,88.127778,89.082649,9966400
2019-05-30,89.436640,89.872915,87.699766,88.127808,10367800
2019-05-31,86.893039,87.740895,86.300361,87.222305,10952800
2019-06-03,87.090604,87.963155,86.679023,87.633888,11680700
2019-06-04,88.778093,90.465579,88.185415,90.333870,12858600
2019-06-05,90.432664,90.860706,89.428404,90.654915,8340500
2019-06-06,90.671358,91.264036,89.667099,90.852455,8726700
2019-06-07,90.300925,90.564336,89.691786,89.856422,10618900
2019-06-10,91.165266,91.543920,90.728991,90.827766,11380600
2019-06-11,91.222893,91.840265,90.852472,91.107651,9847700
2019-06-12,91.124122,91.288758,89.634199,89.946999,9670500
2019-06-13,90.103396,90.679614,89.765902,90.169250,8406900
2019-06-14,90.193944,90.794855,89.420169,90.399734,9077400
2019-06-17,90.300976,90.852500,89.774152,89.905861,8128600
2019-06-18,89.732965,91.708557,89.708272,91.132339,11057300
2019-06-19,91.222875,91.856708,90.300931,90.473801,13126500
2019-06-20,91.272286,91.445149,89.749436,90.704308,13638000
2019-06-21,90.704286,91.922563,89.798802,90.086914,27089500
2019-06-24,89.955204,90.358552,89.346065,89.444847,13039600
2019-06-25,89.461318,89.708269,88.629922,88.704010,18660100
2019-06-26,89.148515,89.979904,89.033272,89.296684,10324600
2019-06-27,89.593025,90.177476,89.263765,89.593025,10906600
2019-06-28,91.403981,92.548177,91.288739,92.029587,21634700
2019-07-01,93.206705,94.268579,93.083229,93.577126,12724500
2019-07-02,93.437216,94.005194,93.198498,93.675934,10174900
2019-07-03,93.957752,94.397122,93.062447,93.526680,6849400
2019-07-05,94.098699,94.728727,93.609591,94.082115,7929400
2019-07-08,93.642744,94.073823,93.261409,93.568138,6917200
2019-07-09,93.079045,94.082123,92.971278,93.966064,8947300
2019-07-10,93.982641,94.363976,93.460373,93.692490,9242300
2019-07-11,93.982640,94.803338,93.775392,94.587799,11595200
2019-07-12,94.612687,95.624057,94.446892,95.582611,10783400
2019-07-15,95.781556,95.806425,94.115284,94.422012,12946600
2019-07-16,94.073836,95.748394,93.609597,95.433380,16945000
2019-07-17,94.861363,95.284150,94.281072,94.496605,13120900
2019-07-18,94.446867,95.391915,94.131853,95.060318,9397200
2019-07-19,95.242694,95.433364,94.007500,94.123558,10402800
2019-07-22,93.601301,94.877940,93.485236,94.728722,9061100
2019-07-23,95.234410,96.535925,95.184673,96.461319,12752200
2019-07-24,95.814691,96.892375,95.764948,96.850929,10011000
2019-07-25,96.900702,97.190847,95.599187,95.922493,10138400
2019-07-26,95.972204,96.585661,95.773248,96.345253,12800400
2019-07-29,96.544236,97.141110,95.988814,96.038551,8500400
2019-07-30,95.491415,96.229216,95.134948,95.823006,7121100
2019-07-31,96.245778,96.312098,95.217831,96.162880,13648000
2019-08-01,95.607461,96.826078,93.344315,93.626175,15664500
2019-08-02,93.178518,94.032377,92.349528,93.617882,11025500
2019-08-05,91.843843,92.001353,89.754784,90.832474,15855300
2019-08-06,91.230388,91.603432,89.812809,91.545403,10203500
2019-08-07,89.530963,89.763080,87.823245,89.555832,17320900
2019-08-08,90.401396,91.255255,90.127828,91.072876,10903300
2019-08-09,90.650098,91.561986,89.771370,90.973404,9980800
2019-08-12,89.895705,89.953734,88.876044,89.265671,9393700
2019-08-13,89.489519,91.462520,88.726849,90.641815,12124700
2019-08-14,88.121659,88.627344,86.588022,86.878174,19491800
2019-08-15,86.894756,88.187979,86.496838,87.209770,13365600
2019-08-16,88.179715,89.514390,87.765220,89.298851,11830600
2019-08-19,90.882205,90.981686,89.879128,90.102959,8265400
2019-08-20,89.406617,89.895725,88.900932,88.958961,8374000
2019-08-21,89.705050,89.887429,89.075015,89.207657,8189300
2019-08-22,89.837700,90.583787,89.472943,90.127846,9343400
2019-08-23,89.530961,90.177572,87.135179,87.889557,14762300
2019-08-26,88.386960,88.693683,87.881276,88.594208,8209500
2019-08-27,88.992123,89.166210,86.911355,87.657448,14331800
2019-08-28,87.110329,88.876077,87.077169,88.536194,10585500
2019-08-29,89.647017,91.097750,89.547536,90.542328,10002200
2019-08-30,91.056293,91.653167,90.749570,91.072876,10170300
2019-09-03,90.343367,90.351652,88.967240,89.995186,9868800
2019-09-04,90.732996,91.371322,89.995195,91.081177,6929200
2019-09-05,92.225169,94.272776,92.183717,93.153641,13224700
2019-09-06,93.394060,93.659336,92.813763,93.352608,7836600
2019-09-09,94.264508,96.212635,94.173319,95.665504,13985100
2019-09-10,96.411585,97.215701,95.939061,96.884109,14333100
2019-09-11,96.900684,97.157669,95.648907,97.149384,9919200
2019-09-12,96.618849,98.210510,96.096581,97.746277,12283500
2019-09-13,98.649872,99.810460,98.442624,99.669533,16257200
2019-09-16,98.566962,99.371084,98.135883,98.782501,11993900
2019-09-17,98.169054,98.326564,97.190845,98.293404,10735400
2019-09-18,98.086159,99.545184,97.613634,99.279907,10665600
2019-09-19,99.230159,99.760712,98.724474,98.964882,9382600
2019-09-20,99.263297,99.760690,98.542079,98.566948,21862800
2019-09-23,97.638489,98.749339,97.555591,98.550377,9135100
2019-09-24,98.442599,98.865386,97.025026,97.265434,11696500
2019-09-25,97.215704,98.119307,97.091360,97.820869,9389400
2019-09-26,97.721372,97.862305,96.950411,97.016731,9899200
2019-09-27,97.787716,98.351430,97.224003,97.588760,10207800
2019-09-30,98.119295,98.459178,97.174247,97.563873,9755000
2019-10-01,98.152470,98.649863,95.673790,95.789848,11250300
2019-10-02,95.176394,95.251007,93.617894,93.883171,12548700
2019-10-03,93.816319,94.351129,92.353965,93.749474,12735200
2019-10-04,93.874793,96.047439,93.816299,95.780037,9453100
2019-10-07,95.420730,96.515405,95.320452,95.571144,6771600
2019-10-08,94.476473,94.476473,93.306595,93.440292,10806300
2019-10-09,94.150568,94.560032,93.649190,94.117142,7273700
2019-10-10,94.543314,96.431842,94.426326,95.437439,10994100
2019-10-11,96.958297,98.596133,96.824599,97.050217,15076500
2019-10-14,96.807872,97.660220,96.649107,97.309250,8779000
2019-10-15,99.314766,101.604394,98.495851,100.242317,23379000
2019-10-16,100.242307,100.793827,99.757639,100.008331,11087700
2019-10-17,100.902453,101.587670,100.175452,100.568199,10818500
2019-10-18,100.275747,101.128088,100.158759,100.743698,10417400
2019-10-21,101.988794,103.426074,101.938652,103.242241,12714600
2019-10-22,103.158655,104.537448,102.882902,104.278404,12549100
2019-10-23,103.785376,104.579229,103.760308,104.554161,8828300
2019-10-24,104.696232,105.005417,103.676761,104.478966,8020500
2019-10-25,104.453899,105.832692,104.244991,105.314598,9055700
2019-10-28,105.765834,106.300637,105.623778,105.715698,9522200
2019-10-29,105.339679,106.476138,105.239407,105.648865,9797300
2019-10-30,105.331313,105.506795,104.387046,105.063911,8513700
2019-10-31,104.863364,105.063920,103.501287,104.387054,11589100
2019-11-01,105.456656,106.952436,105.306242,106.793671,11682600
2019-11-04,107.863256,108.147367,107.428724,107.645996,9159900
2019-11-05,108.122309,108.882737,107.662710,107.879982,13747600
2019-11-06,107.537376,108.498347,107.445456,108.047112,11231100
2019-11-07,108.991350,109.709993,108.565182,108.632034,13528900
2019-11-08,108.531769,108.966288,108.005318,108.949585,9293400
2019-11-11,108.297813,108.715629,108.088905,108.565208,8679000
2019-11-12,108.322878,109.150144,107.804778,107.930130,9099000
2019-11-13,107.069414,107.646002,106.476111,107.361877,8023300
2019-11-14,106.726829,107.662732,106.618193,107.462189,8483400
2019-11-15,107.988612,108.239304,107.295036,108.239304,10163600
2019-11-18,108.264379,109.175214,107.788076,109.150146,8749300
2019-11-19,109.459326,109.676586,108.782454,109.116714,8824500
2019-11-20,108.882755,109.150150,107.746296,108.322884,11782800
2019-11-21,108.632048,109.233703,108.122312,108.573547,7705500
2019-11-22,108.757387,109.651519,108.715616,109.292191,8167900
2019-11-25,109.676580,110.361804,109.359036,109.877136,10068500
2019-11-26,110.152910,110.152910,108.932883,110.027557,10490700
2019-11-27,110.545654,110.662642,110.010850,110.353462,6607900
2019-11-29,110.194680,110.645928,109.843717,110.102760,5712000
2019-12-02,110.562378,110.921706,109.760179,109.860451,8615600
2019-12-03,108.439860,108.598632,107.453809,108.448212,10361300
2019-12-04,108.949603,110.696069,108.623707,110.587433,10318200
2019-12-05,110.871551,111.398002,110.453735,111.189095,9587400
2019-12-06,112.551157,113.461992,112.517725,112.843620,10170600
2019-12-09,112.501032,113.194607,112.317192,112.317192,8498200
2019-12-10,111.347856,112.618019,111.038677,112.392395,7532900
2019-12-11,112.216897,112.826917,111.982921,112.124977,9011900
2019-12-12,112.384054,115.709863,112.150079,115.333832,13717400
2019-12-13,115.275343,116.010702,113.829704,114.322723,10592100
2019-12-16,115.634674,116.019057,114.748906,114.765610,11372000
2019-12-17,115.091460,115.876955,114.673644,115.467491,11546800
2019-12-18,115.442475,116.169483,115.083160,115.350555,10381500
2019-12-19,115.116571,115.500967,114.565064,114.773972,9350400
2019-12-20,115.333806,116.052449,114.397890,114.682014,29992600
2019-12-23,114.982850,115.241894,114.381195,114.648590,9738400
2019-12-24,114.757241,115.007932,114.531617,114.966148,3324300
2019-12-26,115.225171,116.236291,115.133251,116.186142,6770900
2019-12-27,116.403388,116.796135,115.876936,116.269684,7868200
2019-12-30,116.904809,117.055230,115.709863,115.843567,6963000
2019-12-31,115.743288,116.553852,115.559448,116.487000,7201600
2020-01-02,116.812900,117.907588,116.370016,117.899223,10803700
2020-01-03,115.636920,117.091839,115.283703,116.343353,10386800
2020-01-06,114.846370,116.284479,114.795913,116.250832,10259000
2020-01-07,115.451902,115.939681,114.224056,114.274513,10531300
2020-01-08,114.123130,115.704207,114.039039,115.165970,9695300
2020-01-09,116.099472,116.250845,115.250058,115.586464,9469000
2020-01-10,115.393023,115.426657,114.215621,114.434288,10190900
2020-01-13,114.535220,115.384621,114.173585,115.384621,12355200
2020-01-14,116.006953,118.378554,115.796704,116.730209,24906000
2020-01-15,115.931310,116.562057,114.501606,114.980980,16293400
2020-01-16,115.594855,115.973301,115.081847,115.426659,10783800
2020-01-17,115.670533,116.301280,115.485526,116.225594,14697700
2020-01-21,115.376209,116.116290,114.955712,115.081856,8474200
2020-01-22,115.418272,115.552822,114.695015,114.947304,7549100
2020-01-23,114.131567,114.997792,113.298976,114.829582,9345700
2020-01-24,114.686592,114.737049,111.280569,111.978584,15166400
2020-01-27,109.556534,111.801991,109.085578,111.036682,12860500
2020-01-28,111.717874,113.509199,111.415115,113.055054,13062800
2020-01-29,113.374643,113.988566,112.432732,112.886864,9326000
2020-01-30,111.591752,114.484780,111.591752,114.282936,9048900
2020-01-31,113.105534,113.391470,110.565723,111.314209,12785200
2020-02-03,111.566505,112.895280,111.566505,112.163605,10021100
2020-02-04,113.996972,114.880020,113.601703,113.778305,9157100
2020-02-05,114.854794,115.830340,114.383826,115.712601,10150700
2020-02-06,116.259263,116.301302,115.308933,115.729431,8992300
2020-02-07,114.989342,115.779880,114.627720,115.359383,6379800
2020-02-10,115.174382,115.931286,115.006185,115.838776,5960700
2020-02-11,116.276065,116.747034,115.872391,116.057411,6578600
2020-02-12,116.562014,117.142290,115.889215,116.057411,7958000
2020-02-13,115.847171,116.343356,114.711822,115.956505,7447500
2020-02-14,115.922849,116.217202,115.165958,115.603279,6627600
2020-02-18,115.502391,115.813568,113.576516,114.072701,8996400
2020-02-19,115.140753,116.385424,114.661379,115.628532,7071200
2020-02-20,115.359408,116.360195,114.821171,115.628532,7422800
2020-02-21,114.837986,115.149151,113.467159,114.215645,9772800
2020-02-24,110.540493,112.020641,110.002257,111.146011,13618400
2020-02-25,110.170446,111.204867,105.620656,106.184128,20797200
2020-02-26,106.747597,108.446406,106.251407,106.503708,24825600
2020-02-27,103.366797,105.645895,102.012793,102.071663,23005500
2020-02-28,98.833826,99.649593,94.746592,97.648026,45931400
2020-03-02,98.085331,102.248264,96.260372,102.197800,27355400
2020-03-03,101.735272,103.400440,97.757359,98.362877,32547700
2020-03-04,99.515032,101.079284,96.462213,100.793343,25795900
2020-03-05,97.277995,97.917154,94.679321,95.848305,25025600
2020-03-06,89.364202,92.778642,88.321362,90.894814,38159400
2020-03-09,81.214956,83.452008,78.212601,78.582642,40352000
2020-03-10,83.258603,85.176073,79.541402,84.688293,31102700
2020-03-11,82.165289,84.141634,79.516157,80.701958,38127000
2020-03-12,75.344818,81.542960,72.594765,74.049690,49725200
2020-03-13,80.727180,87.455146,77.371608,87.387871,38543300
2020-03-16,71.652830,79.036777,71.106188,74.310379,38589700
2020-03-17,76.438123,81.946649,73.587147,78.851784,35239800
2020-03-18,73.730103,76.354012,67.582426,70.551140,41525600
2020-03-19,68.591624,74.100150,64.680999,71.736954,32175100
2020-03-20,72.577943,75.235487,69.365339,70.223152,30150800
2020-03-23,69.533526,70.433391,65.673352,66.463890,32536600
2020-03-24,71.400534,75.773709,69.718542,74.369247,34363200
2020-03-25,75.050470,80.020758,71.097792,77.144554,38111700
2020-03-26,79.120900,82.896970,78.666761,82.518524,29826300
2020-03-27,78.372417,79.760056,76.152188,76.639961,30041500
2020-03-30,76.236266,79.129287,75.100923,78.633102,21656900
2020-03-31,77.413659,79.196566,75.134555,75.714844,23379300
2020-04-01,71.568746,72.796599,70.012905,70.946411,28029600
2020-04-02,70.231552,73.931935,69.769002,73.595535,24018000
2020-04-03,73.077200,74.334810,70.332553,71.420219,21199400
2020-04-06,75.617919,77.317389,74.521760,76.017296,26820800
2020-04-07,80.257438,80.299927,76.799018,77.019951,22563800
2020-04-08,78.260584,80.605854,76.943499,80.130005,22903300
2020-04-09,82.356316,88.703837,82.330825,87.318771,42055900
2020-04-13,87.616181,87.616181,82.679222,83.435486,26911900
2020-04-14,85.840239,86.672982,79.569196,81.149704,46151300
2020-04-15,77.453351,78.201115,76.586617,77.147446,30118600
2020-04-16,76.671600,76.960507,73.969442,74.207367,32449600
2020-04-17,78.175620,81.319636,77.291894,80.877777,30191900
2020-04-20,78.574969,80.478373,76.867000,77.929169,23679400
2020-04-21,75.303521,77.648785,75.057097,75.668907,23035000
2020-04-22,77.062453,78.065141,75.779352,75.915306,16662400
2020-04-23,76.255223,77.563816,75.847354,75.957817,16638800
2020-04-24,77.019987,77.410864,75.193055,77.079468,15809200
2020-04-27,78.124627,81.260144,77.784732,80.401917,22870200
2020-04-28,83.112574,83.579931,80.750312,80.971245,20238900
2020-04-29,84.191737,84.506135,82.653713,83.155060,20462600
2020-04-30,81.234645,82.288314,80.342427,81.370605,19127600
2020-05-01,79.450219,79.654154,78.039656,79.237785,18547700
2020-05-04,78.192593,78.744922,77.155922,78.294563,15725900
2020-05-05,79.577701,80.053550,78.090664,78.175636,18064100
2020-05-06,78.311579,78.821419,76.416667,76.705574,20978000
2020-05-07,77.614781,78.948871,76.968988,77.504318,16771900
2020-05-08,78.855418,79.943078,78.269099,78.770439,20487800
2020-05-11,77.419350,77.419350,75.906823,76.450653,31907600
2020-05-12,76.603598,77.147428,73.841960,73.952423,27962900
2020-05-13,73.400120,73.807996,70.867913,71.403244,35451600
2020-05-14,70.290095,74.870167,70.018180,74.368820,35152500
2020-05-15,73.799479,74.164865,72.482394,72.992233,26099000
2020-05-18,75.362984,77.453331,74.674695,76.858513,30504400
2020-05-19,76.518631,77.495821,75.278013,75.345993,19597300
2020-05-20,77.079455,78.507010,76.790548,77.606293,20552400
2020-05-21,76.705570,77.971680,76.195730,76.620598,14621400
2020-05-22,76.484653,76.782059,75.388494,76.025795,13557900
2020-05-26,78.931877,82.849155,78.693952,81.421600,41233900
2020-05-27,86.732438,87.165805,83.953808,86.137627,39402000
2020-05-28,87.471715,87.480208,84.463653,84.854530,24713900
2020-05-29,83.834853,84.276713,82.237348,82.687706,26526400
2020-06-01,83.061593,84.557129,82.747189,83.783867,15176800
2020-06-02,85.211442,85.330404,83.214565,84.064301,21195000
2020-06-03,86.316077,89.154189,85.874212,88.601860,25941100
2020-06-04,88.219478,90.590239,87.344252,90.445786,26784700
2020-06-05,97.660031,98.373805,93.071461,94.516014,42231000
2020-06-08,96.368459,97.031252,95.119348,96.402443,24881800
2020-06-09,94.023166,94.855903,92.629602,93.929695,17031100
2020-06-10,93.861706,93.904195,89.944428,90.122871,24913300
2020-06-11,84.998990,86.316082,82.033417,82.602737,36259200
2020-06-12,85.576811,85.933699,82.704709,84.863037,24856800
2020-06-15,81.931439,86.188612,81.464088,86.035660,22153600
2020-06-16,89.536581,89.799996,84.387182,86.723953,22193600
2020-06-17,87.123311,87.131810,84.302192,84.531624,15639800
2020-06-18,83.843330,85.415338,83.384472,84.072762,16591900
2020-06-19,85.423852,85.483333,82.194863,83.112572,40371200
2020-06-22,82.636720,83.231532,82.033409,82.211853,16216900
2020-06-23,84.098256,84.947991,83.146551,83.214531,15381400
2020-06-24,82.211872,82.288345,80.138516,80.435928,22919800
2020-06-25,80.172492,83.452470,80.096019,83.240036,25743600
2020-06-26,80.818300,81.039233,78.175623,78.676964,41896300
2020-06-29,79.365240,80.291448,78.328562,79.025345,18499700
2020-06-30,78.880863,80.435879,78.659930,79.926033,19137000
2020-07-01,80.631350,81.328133,79.050843,79.246284,18755700
2020-07-02,81.288359,81.477124,78.877339,79.503693,27845600
2020-07-06,81.022368,81.683037,80.207256,81.511436,18625300
2020-07-07,80.498983,80.739226,78.937395,79.211960,25757200
2020-07-08,79.186229,80.087141,78.765803,80.052826,18762200
2020-07-09,80.241570,80.756385,77.890611,78.319618,25600800
2020-07-10,78.937391,83.090181,78.825851,82.601112,28954200
2020-07-13,84.711837,85.175159,82.566799,83.785179,32079200
2020-07-14,84.402956,85.758615,82.918587,84.265671,42731700
2020-07-15,86.565164,86.908372,84.643212,85.569870,22508400
2020-07-16,84.754735,86.848294,84.557395,85.810097,16886900
2020-07-17,85.801500,85.870143,84.205591,84.222755,16137700
2020-07-20,83.596418,84.420112,83.450557,83.484879,14458100
2020-07-21,83.836643,85.844402,83.776583,85.295273,17798100
2020-07-22,85.501207,85.913050,83.682212,84.677513,14271200
2020-07-23,84.514488,85.243800,84.059741,84.926338,12870200
2020-07-24,85.458301,85.629908,84.034000,84.325722,12744200
2020-07-27,83.665068,83.768025,82.515324,83.141678,11959100
2020-07-28,82.798480,83.991121,82.798480,83.502052,11754300
2020-07-29,83.287527,85.552686,83.227466,85.526947,12743500
2020-07-30,83.690816,83.862416,82.412375,83.244644,14834800
2020-07-31,82.781308,83.167412,81.725946,82.918587,14535000
2020-08-03,83.244634,83.716545,82.240757,82.455261,12962800
2020-08-04,82.292231,82.326546,81.537174,81.983345,13366200
2020-08-05,82.257924,84.488762,82.129221,83.407661,15260900
2020-08-06,83.725109,84.171274,82.832772,83.433380,10482100
2020-08-07,83.167412,85.363929,82.849944,85.269547,14743700
2020-08-10,85.895908,87.551877,85.827265,86.350655,14989900
2020-08-11,89.113461,91.086899,88.813157,89.079140,31518600
2020-08-12,91.086899,91.318560,87.268727,88.324089,19240800
2020-08-13,87.517554,88.684455,87.208668,87.835022,13598600
2020-08-14,87.088557,88.641563,87.019914,87.869354,12134400
2020-08-17,87.088552,87.517560,85.398261,85.552704,14988000
2020-08-18,85.724309,85.724309,84.188461,84.360062,13246500
2020-08-19,84.874857,86.307741,84.377207,84.557396,13533000
2020-08-20,83.450578,84.111247,83.055892,83.544960,13672600
2020-08-21,83.459149,84.574571,83.176009,83.502052,12228300
2020-08-24,84.471584,85.981693,83.587830,85.852989,17898300
2020-08-25,86.891199,87.500395,85.629922,86.230530,13648900
2020-08-26,85.750024,86.033164,84.986391,85.020706,12052400
2020-08-27,84.943499,88.075255,84.943499,87.817848,22163900
2020-08-28,88.495675,88.590058,87.354514,88.178207,13756700
2020-08-31,87.620516,87.671995,85.818679,85.964546,14219400
2020-09-01,85.415413,86.547992,84.977823,85.921638,11595600
2020-09-02,85.758602,87.466057,85.423977,87.217232,14475700
2020-09-03,88.650129,90.083013,86.350648,86.942680,23281200
2020-09-04,89.276500,90.271795,86.977019,88.821747,26325500
2020-09-08,88.358403,88.864629,85.355350,85.732872,22108600
2020-09-09,86.487936,87.251569,85.423992,86.547997,13434000
2020-09-10,87.002754,87.877927,85.492645,85.655670,15922800
2020-09-11,85.775774,86.968414,85.449724,86.719589,13784300
2020-09-14,87.097136,88.770263,86.977014,87.920830,19017400
2020-09-15,88.143911,88.246868,85.063632,85.183754,23683000
2020-09-16,85.312467,86.771091,84.737598,85.544128,19270600
2020-09-17,84.686078,85.235207,83.836645,84.565956,18290100
2020-09-18,83.991102,85.363925,83.604998,84.385788,20121600
2020-09-21,81.683038,82.412356,80.498979,81.777420,28378800
2020-09-22,81.477096,82.077710,80.370256,80.885063,19257000
2020-09-23,81.322678,81.811747,79.503690,79.572327,19952700
2020-09-24,79.211964,80.910837,78.405428,79.503693,18366500
2020-09-25,78.980282,80.413166,78.825839,80.198662,13293100
2020-09-28,81.562907,83.167398,80.953717,82.506729,20894100
2020-09-29,82.395195,82.395195,80.936572,81.811745,12848200
2020-09-30,81.811740,83.399067,81.734522,82.601112,16400600
2020-10-01,83.330432,83.888137,82.395192,83.201729,15778700
2020-10-02,81.725952,84.591720,81.588666,83.991112,15149600
2020-10-05,85.142861,85.948219,84.458738,85.766365,13871900
2020-10-06,86.658312,87.342435,84.441413,84.883057,19220400
2020-10-07,85.697093,86.900801,85.445959,86.363899,16358500
2020-10-08,87.039364,88.260389,86.511118,88.139153,15659000
2020-10-09,88.329656,88.424914,86.692960,87.636871,13689100
2020-10-12,87.550281,89.195638,87.333786,88.710693,16058000
2020-10-13,89.195617,89.386133,86.822843,87.273148,21697300
2020-10-14,87.489640,88.269020,86.684281,86.788200,15204100
2020-10-15,85.818326,88.139145,85.766370,88.087189,17171200
2020-10-16,87.818738,88.615435,87.221212,87.905334,13275000
2020-10-19,87.983270,88.217087,86.216676,86.424515,11725700
2020-10-20,86.866143,88.130468,86.701612,86.918106,11257100
2020-10-21,86.909470,87.455033,86.017515,86.052155,10730500
2020-10-22,86.008822,89.403450,86.000161,89.091698,14837200
2020-10-23,89.628629,90.451304,89.135022,89.897079,15087600
2020-10-26,88.892540,88.935834,86.814193,87.671509,12410700
2020-10-27,87.039355,87.394402,85.870287,86.017502,10391700
2020-10-28,84.432762,85.125547,83.194415,83.601425,16389500
2020-10-29,83.237716,84.848434,82.475652,84.146988,14208800
2020-10-30,84.787793,85.229437,83.332952,84.900368,15194500
2020-11-02,86.069453,87.359757,84.744509,86.814194,15011600
2020-11-03,89.212945,90.702426,88.927178,89.550682,17482600
2020-11-04,87.463676,88.390272,85.671104,86.814194,18886500
2020-11-05,87.515620,91.014168,87.463664,90.364685,17837400
2020-11-06,90.953560,91.014178,88.667381,89.160988,12552800
2020-11-09,97.993967,102.964674,95.560567,101.232719,47792400
2020-11-10,101.622396,101.708992,99.318900,100.903633,20539300
2020-11-11,101.224039,101.284658,98.686727,99.396828,14443400
2020-11-12,97.448380,98.686727,97.041370,98.175804,22063000
2020-11-13,99.327574,99.466133,98.349022,98.790672,11847900
2020-11-16,102.003421,102.713522,100.219510,101.579094,19858600
2020-11-17,99.925080,100.834358,99.223640,100.548584,14553200
2020-11-18,101.613745,102.713539,99.760554,99.803856,12571200
2020-11-19,98.877258,100.297460,98.340350,100.072304,10202500
2020-11-20,99.093752,100.150245,98.799317,99.214989,12718900
2020-11-23,100.496638,102.332505,100.080966,102.072716,13209200
2020-11-24,103.977849,106.948151,103.666097,106.792274,20121600
2020-11-25,105.103645,105.978277,104.324264,105.675186,11715600
2020-11-27,105.649185,105.952276,104.852488,104.973724,5983600
2020-11-30,103.917257,104.540761,101.986125,102.081383,14411800
2020-12-01,104.211662,105.285479,103.596820,103.692078,12668900
2020-12-02,103.657441,105.917641,103.285070,105.683830,10811300
2020-12-03,105.519274,105.553914,104.228971,104.991028,12904400
2020-12-04,106.064862,106.766301,105.380739,105.943619,13583700
2020-12-07,104.913098,105.796392,104.099078,105.545258,9724300
2020-12-08,104.817863,105.934974,104.575391,105.649200,9592100
2020-12-09,106.662390,106.774971,104.298276,104.826523,13073900
2020-12-10,103.908582,104.592705,103.536211,104.151054,13668400
2020-12-11,102.999315,103.934565,102.505709,103.536217,9981600
2020-12-14,105.077656,105.146936,102.280553,102.445091,12112400
2020-12-15,103.302388,104.696612,102.722185,104.194344,12590200
2020-12-16,104.177044,104.852506,103.796012,104.497452,11169400
2020-12-17,105.008392,105.172923,103.553550,103.631485,11618000
2020-12-18,103.172501,103.813322,102.419099,103.120544,28954800
2020-12-21,106.662402,108.247142,104.861168,106.991478,28323600
2020-12-22,106.852892,106.965467,105.311454,105.363411,11788200
2020-12-23,106.324666,109.563419,105.952296,108.307755,14973200
2020-12-24,108.325058,108.723413,107.008776,107.831451,4164900
2020-12-28,108.957229,109.675992,108.065274,108.541557,8072600
2020-12-29,109.286283,109.355563,108.151856,108.255775,8389200
2020-12-30,108.671443,108.983195,108.160520,108.558868,7398000
2020-12-31,108.325073,110.264867,108.091263,110.039711,8580200
2021-01-04,110.412074,110.723827,108.056616,109.000534,16819900
2021-01-05,109.017971,110.160576,107.953870,109.593636,13731200
2021-01-06,113.283083,115.803779,111.538649,114.739677,24909100
2021-01-07,118.350645,120.531179,117.679037,118.507637,21940400
2021-01-08,118.594868,118.926313,116.981268,118.638481,12035100
2021-01-11,117.382506,120.539915,116.972564,120.409088,15937900
2021-01-12,121.621440,123.557755,121.089389,122.301765,18033500
2021-01-13,120.880065,122.798932,120.452688,122.415169,14816800
2021-01-14,122.537288,124.508485,122.109898,123.130386,18565600
2021-01-15,119.868276,123.549018,119.501948,120.923660,27881000
2021-01-19,121.987788,122.720444,120.208478,120.400352,19843800
2021-01-20,120.208487,120.513754,118.132615,118.594887,16028800
2021-01-21,118.350637,118.760578,117.155708,117.600533,13411700
2021-01-22,115.734024,117.225502,115.306635,116.693451,12933200
2021-01-25,115.254303,116.152681,113.440097,115.236855,14212800
2021-01-26,115.786342,116.152670,114.556518,114.765854,11307800
2021-01-27,113.030158,113.256942,111.076402,111.521233,17603900
2021-01-28,113.300533,115.280461,112.506829,113.483704,13761800
2021-01-29,114.425704,114.887976,111.809063,112.227722,14808100
2021-02-01,112.864409,113.448804,112.061975,113.056297,11080700
2021-02-02,115.079858,117.216779,114.451863,116.536453,12253600
2021-02-03,116.571323,118.411694,116.449214,117.870926,10600800
2021-02-04,118.158744,120.941107,118.158744,120.583496,12419500
2021-02-05,121.577831,121.665058,119.824687,120.348007,10051300
2021-02-08,120.539861,122.371514,120.522413,122.231956,10136400
2021-02-09,121.612721,122.092441,120.836451,121.743561,8614800
2021-02-10,122.109912,122.868733,121.272581,121.813362,10323200
2021-02-11,121.813292,122.589561,120.557303,121.473129,9201000
2021-02-12,121.281290,123.514155,121.237677,123.200157,8324600
2021-02-16,125.206261,126.750082,124.203207,126.165688,12130600
2021-02-17,125.555068,126.802339,124.831129,126.558121,10810100
2021-02-18,125.598756,127.160013,125.075423,126.985573,10587800
2021-02-19,127.221072,129.820265,127.221072,129.105057,11969800
2021-02-22,128.102014,130.997769,128.032235,130.317444,11488400
2021-02-23,132.149077,132.846850,130.474428,131.364090,16234400
2021-02-24,130.927978,134.111552,130.927978,133.675446,15061400
2021-02-25,134.556387,135.105872,131.346634,131.861237,18127700
2021-02-26,131.093695,131.590850,127.787999,128.363663,19829200
2021-03-01,130.413362,132.035680,129.506253,131.268127,14845500
2021-03-02,130.901805,132.384566,130.692469,130.840744,14221700
2021-03-03,131.904868,135.175669,131.547270,133.370193,14324100
2021-03-04,133.108459,134.652280,129.628324,131.320419,20093900
2021-03-05,133.640543,133.876045,129.061423,131.625732,18465100
2021-03-08,132.986417,135.594341,131.486209,133.370193,17133300
2021-03-09,132.140330,134.538916,130.675017,132.428162,16238800
2021-03-10,132.497974,136.204882,132.149081,135.306503,14342200
2021-03-11,134.416835,136.196145,133.762675,134.600006,11771500
2021-03-12,136.815445,137.487053,135.254188,136.196167,12849500
2021-03-15,136.370587,136.867742,134.285997,135.515808,12101100
2021-03-16,134.399394,134.844232,132.742194,133.893509,12805600
2021-03-17,135.489675,136.832892,133.492312,135.271622,13952400
2021-03-18,137.460825,141.028174,137.033436,137.504425,21898500
2021-03-19,135.637946,136.013005,131.869990,135.315231,54418800
2021-03-22,133.274238,134.294726,131.364088,131.678085,19944800
2021-03-23,131.119829,132.681085,129.924901,130.361008,17076300
2021-03-24,130.831989,133.605621,130.709880,131.372757,13079800
2021-03-25,130.832036,133.422511,130.247654,133.056183,15608300
2021-03-26,134.582579,135.585619,133.056205,135.271622,16754400
2021-03-29,132.681103,134.085367,131.739111,133.169540,17570300
2021-03-30,134.722083,135.951893,134.216197,134.739517,13184300
2021-03-31,133.692896,134.748280,132.681125,132.777069,16736700
2021-04-01,132.489230,134.137713,132.183963,134.067947,16561500
2021-04-05,135.462897,135.936673,133.883677,134.778564,13508000
2021-04-06,134.050438,135.357696,133.234508,133.831100,13071600
2021-04-07,134.322378,136.191125,133.927559,135.927917,16903500
2021-04-08,135.112022,136.436817,133.629297,136.094650,12335500
2021-04-09,136.699995,137.779132,135.963023,137.112350,12122400
2021-04-12,136.498169,137.963343,136.489400,136.822784,12273400
2021-04-13,135.770003,136.164808,133.734543,135.190948,16113600
2021-04-14,132.892306,134.962854,132.418529,132.664200,19939600
2021-04-15,132.699248,133.532728,131.005968,133.506409,17694100
2021-04-16,134.997947,135.559451,133.962679,134.497864,13773400
2021-04-19,134.603115,135.006702,133.550297,133.927551,11900200
2021-04-20,133.129216,133.137984,130.418192,130.962158,13716700
2021-04-21,129.663611,132.137745,128.786260,132.076324,12236700
2021-04-22,131.804358,131.865779,129.198626,129.295135,15256100
2021-04-23,129.128468,132.594014,128.698575,131.769302,14041900
2021-04-26,132.286875,133.760830,131.935940,132.093857,10799100
2021-04-27,132.041282,132.980054,131.699116,132.699295,12821200
2021-04-28,133.734549,134.138137,132.830879,133.559082,8943700
2021-04-29,134.708385,136.234979,134.410089,136.156021,12976900
2021-04-30,135.199706,135.541872,134.243384,134.945267,11705100
2021-05-03,135.857733,136.410455,134.348689,134.550476,11801100
2021-05-04,134.120576,136.550841,133.480114,136.410461,12977700
2021-05-05,136.866695,138.867053,135.664729,138.200272,10506700
2021-05-06,138.682791,141.095505,137.884399,140.981445,13542400
2021-05-07,137.937052,141.692111,137.761584,141.464005,14257800
2021-05-10,141.692129,143.648617,141.358732,141.446472,14014300
2021-05-11,141.323616,142.472943,138.656463,139.095139,15451700
2021-05-12,140.033951,141.060450,137.770385,138.138870,14381700
2021-05-13,138.779328,142.525619,138.340653,141.692139,15395000
2021-05-14,142.472953,144.280293,142.122018,143.894257,10584000
2021-05-17,143.332769,144.631258,143.034473,144.473328,9886800
2021-05-18,144.482128,145.201562,142.341403,142.437912,11098100
2021-05-19,141.253451,141.411368,139.182903,141.349960,13278900
2021-05-20,141.104309,142.007979,139.954982,141.104309,10426000
2021-05-21,141.551715,143.201138,141.200780,142.709824,10249000
2021-05-24,143.324032,144.087323,142.236112,143.481949,9440300
2021-05-25,143.753877,145.376967,141.744737,141.999176,12609100
2021-05-26,143.508208,143.657356,141.525387,141.981613,13058300
2021-05-27,143.841602,144.543485,142.630868,144.192551,15707500
2021-05-28,144.482077,144.710197,143.236241,144.096054,10291300
2021-06-01,145.526121,146.438573,145.183955,145.684052,9445400
2021-06-02,146.745628,146.903558,145.227815,145.692810,10498600
2021-06-03,145.122571,146.736893,144.464558,145.789352,13354400
2021-06-04,145.824397,146.227971,144.789117,146.026184,8510800
2021-06-07,146.517535,146.605275,144.885662,145.341888,7267200
2021-06-08,144.315389,145.429614,143.148511,144.762833,10370700
2021-06-09,144.008339,144.078528,142.376466,142.955521,12377400
2021-06-10,144.201334,144.973407,140.648062,140.727020,12119400
2021-06-11,140.753352,141.428916,139.551386,140.630524,13683800
2021-06-14,140.507662,140.665592,137.445718,138.244110,19917900
2021-06-15,137.480839,137.673857,135.226055,136.147263,24485500
2021-06-16,135.752480,138.288023,134.331176,137.103607,25321200
2021-06-17,137.831744,138.147590,132.699239,133.146683,29722400
2021-06-18,130.988427,131.339362,129.461833,129.777679,43595700
2021-06-21,130.795413,132.655392,130.742774,131.979828,18664800
2021-06-22,132.129062,132.453678,130.426999,131.786896,14251200
2021-06-23,131.778059,133.392381,131.681550,132.585220,12733300
2021-06-24,133.287115,134.339933,132.672972,133.804749,13733200
2021-06-25,133.874916,135.550658,133.067755,135.155853,15484900
2021-06-28,134.848769,135.533102,133.462554,135.401505,14125800
2021-06-29,135.989355,137.138682,134.769838,135.234833,14528700
2021-06-30,134.892653,136.936881,134.857564,136.463104,12531000
2021-07-01,137.094790,137.866863,136.357819,137.814224,10479400
2021-07-02,137.611260,137.937760,136.878861,137.681854,11424000
2021-07-06,137.461279,137.461279,134.434631,135.369980,15083400
2021-07-07,134.134605,136.137671,133.728705,135.528809,12271800
2021-07-08,133.781656,134.593468,132.396271,133.190445,17834600
2021-07-09,135.052307,137.787759,134.637575,137.452454,13694500
2021-07-12,136.199434,140.443806,135.837644,139.420212,19940400
2021-07-13,137.699498,138.881919,135.449359,137.346527,22671700
2021-07-14,137.611305,138.784908,134.964086,136.878906,14622800
2021-07-15,135.802344,138.123077,135.625865,137.178909,11539300
2021-07-16,137.620136,137.902499,133.261045,134.046387,14002700
2021-07-19,131.081444,132.202104,128.575414,129.687241,22172900
2021-07-20,129.290193,133.349255,129.122534,132.105072,15385200
2021-07-21,134.169897,135.581739,133.561034,134.884644,12356700
2021-07-22,134.902267,135.396413,132.334462,133.181564,9913300
2021-07-23,133.666908,134.866981,132.581552,132.925690,9666100
2021-07-26,132.528604,134.090467,132.510952,133.816910,8208000
2021-07-27,132.713897,134.558137,132.184462,133.640427,11218700
2021-07-28,134.381670,134.805235,133.137487,133.861053,9217300
2021-07-29,135.131715,135.775868,134.046359,135.008179,9063500
2021-07-30,134.637568,135.599388,133.419843,133.931641,9805200
2021-08-02,134.152242,136.287663,133.305139,133.393372,10203200
2021-08-03,134.081684,135.290590,131.937442,134.911148,10394800
2021-08-04,133.463974,135.334671,133.163959,133.455154,10155000
2021-08-05,134.372829,135.617025,134.134576,135.140518,9151500
2021-08-06,136.940662,139.261396,136.870068,138.979019,13328800
2021-08-09,138.996669,139.905547,137.567162,138.829010,9516900
2021-08-10,138.308389,141.167377,137.928947,140.532043,8667000
2021-08-11,141.185008,142.508618,140.373196,142.208603,9156500
2021-08-12,142.843953,143.276324,141.670351,142.764526,8844200
2021-08-13,142.764496,143.090996,140.805567,141.167343,8980900
2021-08-16,140.249708,140.329121,138.343706,140.240875,8755800
2021-08-17,139.040759,140.179057,137.011222,138.546600,9347200
2021-08-18,137.928943,139.429031,137.073008,137.284790,8065500
2021-08-19,135.149344,137.267113,135.016975,136.137634,9517700
2021-08-20,136.199439,136.684751,135.149373,136.525925,6974100
2021-08-23,137.064194,138.617225,136.984781,138.273087,7934600
2021-08-24,138.537802,139.905535,138.423085,139.129013,7670900
2021-08-25,139.870254,142.755727,139.243753,141.996857,11335000
2021-08-26,143.179255,144.564640,142.199784,142.729233,11027500
2021-08-27,142.729257,143.973454,142.296873,143.876389,8780200
2021-08-30,144.017542,144.264615,141.079127,141.573273,7937600
2021-08-31,141.573253,142.393884,140.611433,141.140869,12340800
2021-09-01,141.379161,141.855655,140.276153,140.937958,8729900
2021-09-02,141.202666,142.605689,140.682036,141.590927,8813300
2021-09-03,141.529130,141.970333,140.434942,140.734970,7959700
2021-09-07,141.176237,142.402782,140.267359,140.487961,9285600
2021-09-08,140.205542,140.814405,139.455492,139.861404,7852700
2021-09-09,139.658448,141.917406,139.490789,140.470261,7904300
2021-09-10,141.679135,141.820324,138.731902,138.855438,8311600
2021-09-13,139.887860,141.229122,139.481961,141.061462,10052800
2021-09-14,141.582072,142.367413,137.884788,138.599548,11685600
2021-09-15,138.290749,140.029091,138.070147,139.561417,11691500
2021-09-16,140.664371,141.935038,138.731899,139.499588,10880900
2021-09-17,138.873121,140.311435,138.537803,139.137833,25581600
2021-09-20,135.793547,136.384758,132.793370,134.972916,15819900
2021-09-21,135.475866,136.375924,134.637582,134.990540,8999900
2021-09-22,136.949474,138.758410,136.861242,137.575989,11236200
2021-09-23,139.420211,142.693945,139.129016,142.226257,12336100
2021-09-24,142.455651,144.352819,141.908563,143.867493,10102400
2021-09-27,145.597077,147.714847,145.252939,147.344238,13220900
2021-09-28,147.979558,149.391414,146.179455,146.550064,13387900
2021-09-29,146.664752,147.273601,145.632325,146.435318,7777100
2021-09-30,147.291285,147.353060,143.646942,144.441116,13161200
2021-10-01,144.714686,148.509038,144.361729,147.476624,11285000
2021-10-04,147.335416,150.397368,146.241227,147.317764,14120000
2021-10-05,148.436299,151.037323,147.956920,149.723495,12292900
2021-10-06,149.128736,150.114110,147.362161,150.043091,8692600
2021-10-07,151.978263,152.253455,150.504639,150.992889,10195400
2021-10-08,150.930780,152.102568,150.291618,151.108322,8190100
2021-10-11,151.623201,152.058177,147.770484,147.930267,12154700
2021-10-12,147.140187,147.974650,146.270222,146.793976,13032600
2021-10-13,145.648795,146.838341,142.568393,142.923477,22753500
2021-10-14,143.589280,145.595530,142.089025,145.116165,15176800
2021-10-15,146.785114,148.400764,145.710962,147.903641,14267400
2021-10-18,147.788225,149.679081,147.282230,147.850372,12672900
2021-10-19,148.604952,149.714606,147.877025,149.643600,8053900
2021-10-20,149.403910,151.685353,148.658225,151.658722,8185600
2021-10-21,151.587658,152.093667,149.741192,150.469131,8415200
2021-10-22,150.939678,152.768387,150.646727,152.493195,8817900
2021-10-25,153.318757,153.540688,151.339123,151.747482,10159200
2021-10-26,151.800739,153.123452,151.392380,152.155823,8015100
2021-10-27,151.197132,151.534457,148.551705,148.986694,9847000
2021-10-28,149.403911,151.365773,149.102089,151.232620,7212900
2021-10-29,151.960511,152.901509,150.371492,150.815353,8140100
2021-11-01,152.723950,152.981398,150.034149,150.735458,7435500
2021-11-02,150.735473,152.413270,149.954272,151.330246,7173800
2021-11-03,151.028446,151.916169,150.158467,151.383530,8402700
2021-11-04,150.913018,151.090560,147.797113,149.395004,9574200
2021-11-05,149.936518,150.992911,148.613818,149.181961,7975600
2021-11-08,150.069680,151.729719,149.794488,150.078552,6413700
2021-11-09,148.560561,149.554807,147.894769,148.942276,7990300
2021-11-10,148.649336,149.980921,148.329755,148.800247,6999200
2021-11-11,148.711429,149.741178,148.161031,148.791321,5815300
2021-11-12,148.826860,148.906766,147.113560,148.125565,8113400
2021-11-15,148.436281,148.951149,147.362130,147.859253,6492500
2021-11-16,148.303103,148.311989,146.580917,146.793976,9706100
2021-11-17,146.660827,146.971522,145.045163,146.003906,9909600
2021-11-18,145.932863,146.341222,144.308327,144.743317,8122500
2021-11-19,143.189833,143.908887,141.547538,142.852493,12193600
2021-11-22,145.728715,147.344365,144.690080,145.897385,14549900
2021-11-23,146.918283,149.634716,146.802875,149.386154,12354400
2021-11-24,149.545941,150.415906,147.752735,148.214355,9629800
2021-11-26,143.935543,144.388277,140.988307,143.749115,13619300
2021-11-29,144.974152,146.279107,141.876005,143.127686,12104400
2021-11-30,141.290082,142.595036,140.517753,140.997131,18922600
2021-12-01,142.923495,144.938631,140.082782,140.162674,12253400
2021-12-02,141.884846,144.920859,140.970492,143.109909,12969900
2021-12-03,143.367375,143.660326,139.541289,140.517776,12681800
2021-12-06,142.932368,144.352731,141.556407,142.177811,11186500
2021-12-07,143.704729,145.045187,143.065567,144.317261,9851600
2021-12-08,144.397135,144.938647,142.186698,142.666077,11705700
2021-12-09,141.725085,142.861371,140.837362,142.444153,11189600
2021-12-10,143.207593,143.544918,141.263476,141.876007,10405400
2021-12-13,141.591921,141.849355,139.621173,140.189316,12069000
2021-12-14,139.772091,142.825862,139.638938,141.263474,12563600
2021-12-15,141.902632,141.902632,139.683323,140.207077,14014200
2021-12-16,142.382007,143.651459,140.881751,142.399765,19542800
2021-12-17,141.432161,141.485422,137.756971,139.159576,28082000
2021-12-20,137.162184,137.330854,134.791964,136.656189,15148000
2021-12-21,137.961158,139.532420,137.677080,138.564804,11291300
2021-12-22,138.262973,139.425889,137.810239,139.106308,7273000
2021-12-23,139.914117,141.254575,139.559033,139.603409,8055200
2021-12-27,139.905282,140.437908,138.786741,140.402405,6188100
2021-12-28,140.437875,142.168934,140.331353,140.828476,6342300
2021-12-29,141.014924,141.707348,140.393507,140.757477,6398900
2021-12-30,141.245671,142.248803,140.588751,140.686401,6948200
2021-12-31,140.659840,141.405524,140.224864,140.571075,5805900
2022-01-03,141.911498,144.379369,141.600790,143.544907,13120900
2022-01-04,145.861903,149.652487,145.790883,148.986694,20195800
2022-01-05,149.870787,150.353025,146.218223,146.262878,17539400
2022-01-06,149.058089,149.468882,146.343225,147.816757,14047500
2022-01-07,147.950700,149.611764,147.405942,149.281342,13913300
2022-01-10,150.987099,151.201421,147.825713,149.424271,12922500
2022-01-11,150.263730,150.495931,148.522296,149.576096,11854100
2022-01-12,150.442349,151.451480,149.299239,150.424484,12568000
2022-01-13,150.335189,151.647966,149.933322,150.236954,13623400
2022-01-14,143.565857,143.806983,140.118704,141.002823,40158400
2022-01-18,139.118540,139.118540,134.438979,135.090912,32324800
2022-01-19,135.358811,135.948210,132.661812,133.001160,22380000
2022-01-20,133.054771,134.501500,131.599103,131.867020,14860800
2022-01-21,131.724109,131.733035,128.839578,129.562943,20705400
2022-01-24,127.062395,129.920136,124.642252,129.446823,28471400
2022-01-25,128.285906,131.143661,125.731797,130.857880,18915900
2022-01-26,132.813636,134.465775,130.348837,132.099197,20709100
2022-01-27,133.438724,134.296053,128.714524,129.768311,17536800
2022-01-28,128.768139,131.063257,126.964185,130.929306,14117000
2022-01-31,130.063048,132.876134,129.196793,132.706467,13985700
2022-02-01,132.786821,135.269484,132.438534,134.983704,14584900
2022-02-02,134.403255,134.796197,132.233163,133.903152,12441100
2022-02-03,133.956737,135.430256,132.429625,132.795776,12474900
2022-02-04,133.153022,137.082415,132.858316,136.242950,16654400
2022-02-07,136.876970,137.189528,134.715804,136.698364,12572300
2022-02-08,138.421950,141.529742,138.243344,139.270340,20411400
2022-02-09,139.841906,140.592061,139.154271,139.850845,9131100
2022-02-10,139.904408,142.020920,138.618421,139.270340,16455600
2022-02-11,138.966706,141.270764,136.609069,137.457458,16830000
2022-02-14,136.394727,137.243117,134.242499,136.180405,17026500
2022-02-15,137.984375,139.261437,137.394976,138.171921,9500000
2022-02-16,137.296705,139.404291,137.296705,138.421936,9076500
2022-02-17,136.635882,137.287801,134.555086,135.233795,11367500
2022-02-18,135.858933,137.653949,134.965888,135.867859,11733300
2022-02-22,134.492552,136.850190,134.322871,135.626709,11333500
2022-02-23,136.743001,136.903756,132.143826,132.786819,11799000
2022-02-24,127.651843,129.482587,124.829817,129.089645,25655100
2022-02-25,129.714777,134.072840,129.411145,132.143860,18367700
2022-02-28,128.196602,129.545095,125.812174,126.633774,31315300
2022-03-01,125.062000,125.454942,119.292938,121.855972,36840400
2022-03-02,122.606136,125.062010,121.998872,124.383301,19405600
2022-03-03,124.883398,125.901469,122.400735,123.499176,16640800
2022-03-04,120.507467,120.936125,118.239126,120.025215,21016000
2022-03-07,118.033732,118.498120,115.158127,115.390327,27560100
2022-03-08,115.774329,117.694370,113.657810,114.577652,19207800
2022-03-09,118.685663,120.775399,118.274870,119.167915,17536200
2022-03-10,117.756889,119.176827,116.381606,117.756889,15604200
2022-03-11,118.319512,119.739450,114.684813,115.104546,20061800
2022-03-14,115.613573,118.703500,115.408163,116.247627,15786900
2022-03-15,117.703306,119.266134,117.104967,118.310570,15096600
2022-03-16,120.444935,123.677766,120.051993,123.597382,20354900
2022-03-17,122.222128,125.195970,121.382664,125.160240,17050500
2022-03-18,125.195964,125.785377,123.651000,125.115593,23656500
2022-03-21,125.338857,125.704995,123.892115,124.713715,12676100
2022-03-22,127.053493,128.535937,126.562316,127.366051,13548600
2022-03-23,125.901462,126.446220,124.311843,124.829811,12093200
2022-03-24,125.294177,125.660328,124.231451,125.642464,10017600
2022-03-25,125.999662,127.866122,125.740685,126.740891,8383500
2022-03-28,125.026270,125.892525,123.150871,125.803215,10818100
2022-03-29,128.017990,128.241251,125.240620,126.080070,11316500
2022-03-30,126.723064,126.919535,124.945913,125.508522,8771000
2022-03-31,124.874435,125.338822,121.686259,121.739853,17353900
2022-04-01,122.704366,122.713306,119.489413,120.837906,15721300
2022-04-04,119.775168,122.293561,118.676727,121.373726,17416400
2022-04-05,120.618015,121.814557,119.664359,119.961250,12110300
2022-04-06,118.377834,119.259501,117.820046,118.296867,12914700
2022-04-07,117.811059,118.683735,115.813803,117.937012,12994200
2022-04-08,118.458811,120.465059,118.296878,120.096207,13126900
2022-04-11,119.655365,121.364722,119.268516,119.655365,10466400
2022-04-12,118.881631,121.076814,117.586113,118.341827,12989900
2022-04-13,114.203395,116.281618,113.366707,114.527275,30838000
2022-04-14,113.807545,115.426944,112.476039,113.465675,18835200
2022-04-18,113.060828,116.272637,112.943875,115.570900,11834400
2022-04-19,115.561880,118.143925,115.363952,117.963982,15015400
2022-04-20,119.223533,120.114192,118.161921,118.377846,13430200
2022-04-21,118.953644,119.484443,116.920407,117.460197,12174200
2022-04-22,117.208285,117.424210,113.978493,114.086449,14318800
2022-04-25,113.366713,114.365341,110.757685,114.050453,17149000
2022-04-26,112.134163,113.726573,110.541760,110.676704,17209500
2022-04-27,110.055949,111.162533,109.057321,109.237251,17215200
2022-04-28,110.487786,111.243508,108.985348,110.964607,13015600
2022-04-29,110.703713,111.207523,106.970104,107.383949,14874800
2022-05-02,107.851777,108.598501,106.358338,108.364586,18545000
2022-05-03,109.336218,111.711332,108.661470,110.685715,15720900
2022-05-04,110.478776,114.617230,110.424791,114.347328,17128500
2022-05-05,112.682960,113.447673,109.903000,111.486404,15055400
2022-05-06,111.378448,111.819281,109.021325,111.306473,14417900
2022-05-09,109.858019,110.955610,108.409558,109.633102,14312300
2022-05-10,110.757675,111.360448,105.764535,106.961090,16382400
2022-05-11,107.329960,110.559752,106.106416,106.286346,14630300
2022-05-12,105.260736,106.448293,103.794286,106.196388,16318800
2022-05-13,107.428929,108.184643,106.124411,107.141029,10443200
2022-05-16,106.646223,107.473912,105.467664,106.394318,10269000
2022-05-17,108.895388,110.631741,108.688462,109.921005,11160200
2022-05-18,109.129303,109.732076,107.536893,108.040703,12664900
2022-05-19,106.331338,107.644847,105.827521,106.439293,12765800
2022-05-20,107.473911,107.662840,103.479399,105.566620,13150100
2022-05-23,108.373580,113.870530,108.364581,112.098190,24376700
2022-05-24,111.882251,114.698198,110.757671,113.681580,19324900
2022-05-25,113.609620,115.031092,112.610992,114.473297,12780400
2022-05-26,115.489921,117.127316,115.345985,116.452568,15990900
2022-05-27,117.100325,118.098953,116.182664,118.098953,11177800
2022-05-31,117.118286,119.790290,116.695457,118.962601,17015000
2022-06-01,119.538411,119.538411,115.759823,116.875412,10768000
2022-06-02,116.866391,118.764683,115.759808,118.755692,8374800
2022-06-03,118.044985,118.548795,116.947393,117.100334,8596000
2022-06-06,117.936999,119.106566,116.470556,116.713455,11323500
2022-06-07,115.903790,117.244295,115.714854,117.019379,6722200
2022-06-08,116.056708,116.461554,114.167414,115.157043,8422100
2022-06-09,114.590259,115.247018,112.700959,112.736946,13560100
2022-06-10,110.289852,111.018585,107.347952,107.554878,12945200
2022-06-13,105.134784,106.115415,103.515385,104.352074,16805600
2022-06-14,103.956228,105.548631,101.860008,102.615723,13357900
2022-06-15,104.019190,105.215738,101.815008,103.830261,14083500
2022-06-16,102.435799,102.795666,100.645468,102.048943,16724900
2022-06-17,102.147895,103.128526,100.906360,101.689064,30919900
2022-06-21,104.244117,105.287724,103.497394,104.208130,11680500
2022-06-22,103.353450,104.541007,102.912616,103.623352,9842700
2022-06-23,103.470399,103.623340,100.294585,102.489761,11851500
2022-06-24,101.869006,105.998462,101.509138,105.548630,14841100
2022-06-27,106.214378,106.610233,104.037192,104.702942,11280500
2022-06-28,105.863513,107.320972,104.001208,104.199135,11590900
2022-06-29,104.361063,105.098787,103.218492,103.731300,9338400
2022-06-30,101.815036,102.633734,99.799789,101.311226,15172600
2022-07-01,101.347189,102.939591,100.006691,102.606720,10573600
2022-07-05,100.537331,102.298121,99.203132,102.216438,12514200
2022-07-06,101.408678,102.552278,100.555511,101.553894,10656200
2022-07-07,103.015159,104.285832,102.924398,104.122459,10347400
2022-07-08,104.521824,104.966557,103.115006,103.795723,8807800
2022-07-11,103.060550,103.677733,101.853410,102.434288,7939500
2022-07-12,102.180146,104.539964,101.889707,102.534119,11250900
2022-07-13,101.426814,102.089381,100.183369,101.572037,12979900
2022-07-14,98.014161,98.231995,96.262449,98.023239,26204800
2022-07-15,99.076063,103.360035,97.723700,102.515945,18863900
2022-07-18,104.167838,105.138994,101.009316,101.463127,13977900
2022-07-19,102.679333,104.322135,102.261828,103.977234,11862300
2022-07-20,103.559720,104.140598,102.996998,103.959076,11667500
2022-07-21,103.868333,104.857638,102.897177,104.667038,11595900
2022-07-22,104.594415,105.511116,103.169448,104.158760,7645500
2022-07-25,105.139000,105.701729,104.167844,104.576279,9394000
2022-07-26,103.995381,104.903003,102.588563,102.942535,10675100
2022-07-27,103.478050,105.048233,102.833638,104.594421,9337400
2022-07-28,104.603488,105.266056,103.042376,104.204132,10384800
2022-07-29,104.912088,105.738028,104.185994,104.703339,12944500
2022-08-01,103.922765,104.476415,102.624865,103.659554,14740400
2022-08-02,103.396370,103.832032,101.898791,102.044014,14942900
2022-08-03,102.969767,103.559723,101.390506,103.114990,14394500
2022-08-04,102.425202,102.851786,100.764251,101.980469,18033900
2022-08-05,102.134774,105.456677,101.699119,105.066399,14174600
2022-08-08,105.511121,105.919548,103.632342,103.786636,10332500
2022-08-09,104.149674,105.275124,103.804780,104.721474,10233800
2022-08-10,107.063152,108.342903,106.645647,107.453430,12847300
2022-08-11,108.823943,110.003849,108.288443,109.041771,11684900
2022-08-12,109.522795,110.956840,108.406424,110.847923,9906700
2022-08-15,109.949377,111.383422,109.459260,111.147438,8456200
2022-08-16,110.993147,112.763008,110.611948,112.209358,9555000
2022-08-17,111.002237,111.782793,110.448587,111.265442,8149300
2022-08-18,110.947770,111.156527,109.413893,110.403198,9531800
2022-08-19,109.477439,109.813255,107.199304,107.671265,13464500
2022-08-22,105.964923,106.337051,104.830394,105.892311,8967600
2022-08-23,105.910480,106.455052,104.721490,104.848557,7607000
2022-08-24,104.639787,105.656327,103.877381,105.102676,9771300
2022-08-25,105.429423,107.771084,104.993762,107.598640,10758900
2022-08-26,108.424577,108.905616,104.013531,104.077065,11276200
2022-08-29,103.468957,104.249513,102.978840,103.822929,8117300
2022-08-30,104.376581,104.903004,102.888081,103.841087,10745400
2022-08-31,103.904624,104.403813,102.869928,103.223907,10738300
2022-09-01,102.824554,104.040765,101.572037,103.931854,9979800
2022-09-02,105.166241,106.600279,102.733812,103.205772,10666600
2022-09-06,103.768487,104.149687,101.717258,103.232986,9751900
2022-09-07,102.679340,105.384058,102.343524,105.193459,10647900
2022-09-08,104.630721,107.816478,104.040765,107.644028,11435000
2022-09-09,108.134134,108.960074,107.707550,108.161362,9299700
2022-09-12,109.477437,110.321527,108.724109,109.441132,8614600
2022-09-13,107.162990,107.934467,105.084533,105.638184,12904600
2022-09-14,105.919551,106.954240,104.267678,105.393135,9345700
2022-09-15,105.393106,108.351950,105.066362,106.981445,10821400
2022-09-16,106.545788,106.554866,104.712394,106.264427,14844100
2022-09-19,105.284192,107.762004,104.839459,107.244659,8201300
2022-09-20,106.563959,106.818092,104.049840,105.129913,9619000
2022-09-21,105.774323,105.828779,102.034916,102.098450,12606300
2022-09-22,102.906230,103.105908,100.809625,100.936691,11684500
2022-09-23,99.883854,100.147059,97.260826,99.057915,18138600
2022-09-26,98.023225,99.484498,96.262436,96.925003,15753600
2022-09-27,97.796315,98.177514,94.982687,96.071831,12793600
2022-09-28,96.162609,98.685806,95.881248,98.014160,12762600
2022-09-29,97.070218,97.369736,94.755785,96.353203,12713900
2022-09-30,96.262439,97.678335,94.755789,94.846550,15973400
2022-10-03,95.863084,98.349967,94.810238,97.778168,12248100
2022-10-04,100.392139,102.552278,99.711422,102.352600,16013600
2022-10-05,100.502800,101.601689,99.660318,101.088875,10943500
2022-10-06,100.237238,100.905734,98.845312,99.028458,11521400
2022-10-07,98.460699,98.634693,96.400277,97.050461,11681100
2022-10-10,97.737281,98.268407,95.713482,96.143883,8931700
2022-10-11,95.576092,95.731767,93.268416,93.369148,12739700
2022-10-12,93.222619,95.905746,92.746429,94.880112,13181000
2022-10-13,93.387475,100.640158,93.186011,100.154816,22398700
2022-10-14,102.526584,105.530219,101.391064,101.821465,33387100
2022-10-17,105.685903,107.151090,104.687739,106.097984,22276300
2022-10-18,109.577805,110.017358,107.105295,108.826889,21539700
2022-10-19,108.048518,108.817746,105.923994,106.693222,17072000
2022-10-20,107.288459,108.707856,105.905685,106.345238,12207400
2022-10-21,106.647419,112.077774,106.528375,111.931259,20593300
2022-10-24,111.784748,112.727962,111.107100,112.068626,12624200
2022-10-25,111.583284,112.883637,110.704171,112.361664,11289100
2022-10-26,112.636395,114.651027,112.526503,113.652870,11667000
2022-10-27,114.651022,115.566765,113.744439,114.101578,10727600
2022-10-28,114.733426,115.640009,113.597906,115.456863,11859500
2022-10-31,115.108901,116.693140,115.008169,115.273735,13295200
2022-11-01,116.180320,117.471514,115.685818,117.352463,13386900
2022-11-02,116.894564,119.376226,115.969661,116.271858,16546100
2022-11-03,115.667488,117.379922,115.301196,116.482498,12474400
2022-11-04,118.579566,119.806658,117.636352,119.669289,14953200
2022-11-07,119.962327,121.143629,119.486137,120.301147,12011200
2022-11-08,120.182107,120.933009,119.174784,120.374405,9884100
2022-11-09,120.255378,120.356096,118.332312,118.808502,9494000
2022-11-10,121.454988,123.854230,121.363408,123.698555,16351600
2022-11-11,123.799277,124.696701,122.508076,123.900009,10704700
2022-11-14,123.442139,124.293773,122.627129,122.627129,11085600
2022-11-15,123.332252,124.275481,120.511777,121.738869,14038300
2022-11-16,121.793832,122.306646,120.905560,121.903717,7893400
2022-11-17,120.878079,121.693089,120.218743,121.372574,8820200
2022-11-18,123.231536,123.323102,121.134477,122.563034,9468500
2022-11-21,122.471457,123.222359,121.564866,121.839592,7800500
2022-11-22,122.709560,123.872557,122.425682,123.661926,9185700
2022-11-23,123.570360,124.998917,123.497099,124.980598,7316200
2022-11-25,124.980594,125.584988,124.595984,125.218697,3220500
2022-11-28,124.605154,125.191229,122.883553,123.030075,9906900
2022-11-29,123.313935,125.127102,123.084999,125.053841,7925300
2022-11-30,124.623477,126.537376,121.967827,126.537376,14761200
2022-12-01,126.537356,126.976922,124.019063,124.760826,8858500
2022-12-02,123.158274,123.945813,122.105161,123.771820,8931900
2022-12-05,122.929339,123.231536,119.596035,120.301147,10154500
2022-12-06,122.150973,123.726052,118.927553,120.502632,13966700
2022-12-07,120.246218,121.867087,119.348794,120.420212,11739400
2022-12-08,121.180291,121.775518,120.356114,121.683952,8907300
2022-12-09,121.061221,122.489778,120.878075,121.024597,7957800
2022-12-12,121.244364,123.304786,120.511781,122.901871,8841600
2022-12-13,125.356057,125.539203,121.867079,122.782822,10025400
2022-12-14,122.508086,124.275477,121.574024,122.169266,9966100
2022-12-15,120.099695,120.951343,118.176643,119.138176,12087800
2022-12-16,118.268212,118.955020,117.608876,118.396416,21133700
2022-12-19,118.726074,120.264530,118.213260,119.101532,9017200
2022-12-20,119.934874,120.923878,119.229748,119.678467,8549900
2022-12-21,121.042902,121.775499,120.667458,121.024597,8051700
2022-12-22,120.053923,120.237068,117.590571,119.650993,8648200
2022-12-23,119.577725,120.365265,118.716924,120.218742,5091900
2022-12-27,120.484310,121.079537,119.550248,120.639984,5411000
2022-12-28,120.740743,122.169300,119.971508,121.299347,8827700
2022-12-29,121.729681,122.041044,121.161925,121.995255,6585200
2022-12-30,121.619824,123.011757,121.281003,122.801140,9292500
2023-01-03,123.845113,125.218728,122.608854,123.735214,11054800
2023-01-04,124.531868,126.079462,124.147258,124.889008,11687600
2023-01-05,125.147334,125.193462,123.339213,124.861359,8381300
2023-01-06,125.580913,127.656554,124.068001,127.250648,10029100
2023-01-09,127.859494,128.117795,126.272781,126.724800,8482300
2023-01-10,127.112262,127.970201,126.669463,127.859505,9048700
2023-01-11,128.136237,128.920373,127.398242,128.809677,8703700
2023-01-12,129.151000,129.944357,128.431446,128.680527,11001700
2023-01-13,125.091982,132.370563,124.353973,131.927750,20200000
2023-01-17,130.230346,130.571669,128.440680,129.889023,14292900
2023-01-18,128.154684,129.824420,125.839197,125.986801,13392600
2023-01-19,124.833682,125.368724,123.237734,124.307846,13303400
2023-01-20,124.686084,124.990513,123.200847,124.612282,13092500
2023-01-23,124.649169,127.269101,124.372429,126.632568,10487100
2023-01-24,125.848449,129.418548,124.538491,127.721138,6945000
2023-01-25,127.352127,128.339203,126.614119,128.339203,8967000
2023-01-26,128.615951,129.206355,127.638096,129.132553,7487600
2023-01-27,129.713718,130.313342,128.920362,129.446198,7489900
2023-01-30,128.440677,129.234033,128.145482,128.348434,6729300
2023-01-31,129.040318,129.215597,127.536627,129.114120,9188700
2023-02-01,127.499716,129.962808,127.416680,128.772766,8841800
2023-02-02,129.150997,129.575356,127.305983,128.173141,11822100
2023-02-03,127.472041,131.300454,127.425926,130.156540,11501200
2023-02-06,129.363202,131.217450,129.178703,130.922241,8406200
2023-02-07,130.424062,133.154675,130.239549,132.518143,10447900
2023-02-08,131.595646,132.877930,131.254323,131.586426,6958000
2023-02-09,132.029219,132.232171,129.031070,129.538452,6443100
2023-02-10,128.948059,130.331819,127.850273,130.110413,6582900
2023-02-13,130.350263,131.669441,129.833661,131.521851,7134600
2023-02-14,131.457260,132.665742,130.627009,132.103012,9249400
2023-02-15,130.636262,132.739577,130.350287,132.656555,6728300
2023-02-16,131.835501,132.278300,130.700807,130.829971,8165300
2023-02-17,130.055054,131.761698,129.215584,131.217422,7948800
2023-02-21,129.787532,130.387156,127.997866,128.809677,9996300
2023-02-22,128.154720,128.625193,126.789413,127.822617,11107500
2023-02-23,127.979429,129.307842,127.250655,128.846588,8068000
2023-02-24,128.329986,130.405627,128.163927,130.008942,9126900
2023-02-27,131.097503,132.204509,130.737726,131.143631,10014700
2023-02-28,131.863178,132.619627,130.903763,132.241409,11019800
2023-03-01,131.088277,132.342888,130.811522,131.503403,7139200
2023-03-02,131.217455,131.392719,128.726673,130.138123,11106800
2023-03-03,130.543961,132.601161,130.147289,132.527359,9513100
2023-03-06,132.324437,132.877933,131.604883,131.752487,9261300
2023-03-07,131.005244,131.281999,127.130716,127.877945,11747600
2023-03-08,127.305989,127.850265,126.282006,127.121490,10002500
2023-03-09,126.162080,126.706370,119.206382,120.239586,25888100
2023-03-10,118.966544,124.778328,117.914879,123.293091,37599700
2023-03-13,121.042192,123.505285,119.381676,121.079086,42901100
2023-03-14,124.796793,125.027420,121.115984,124.187935,29648100
2023-03-15,120.829999,120.839233,116.909350,118.320778,34280600
2023-03-16,118.090131,121.724811,116.254344,120.617805,24558500
2023-03-17,118.431481,118.523723,115.728528,116.060631,38396000
2023-03-20,117.149182,119.437003,116.245129,117.287560,22875500
2023-03-21,120.470206,121.521863,120.101208,120.433311,17807800
2023-03-22,120.442550,120.534807,117.232229,117.324478,17250200
2023-03-23,117.988673,119.492357,116.254355,117.010811,16677600
2023-03-24,115.894584,115.940712,113.569869,115.230385,22311100
2023-03-27,116.964677,119.353974,116.503424,118.532944,18853900
2023-03-28,118.735906,119.317076,117.841066,118.892731,10820500
2023-03-29,120.018204,120.128901,117.868754,119.132591,14595300
2023-03-30,119.879818,120.036642,117.758055,118.772812,12134700
2023-03-31,119.612275,120.239573,118.865046,120.211899,13105200
2023-04-03,119.842905,121.254340,119.381652,120.073532,11775400
2023-04-04,120.387201,120.470223,117.536656,118.468384,11579900
2023-04-05,117.891919,119.147069,117.575801,118.645012,9614700
2023-04-06,118.077872,119.082001,117.947708,118.514854,8760200
2023-04-10,117.650193,119.221460,117.352674,118.905350,9477300
2023-04-11,119.286551,119.881589,118.579941,119.491096,10516300
2023-04-12,120.104717,121.266901,119.063405,119.472496,11821000
2023-04-13,119.435305,119.974546,117.919813,119.928070,12450200
2023-04-14,125.655299,129.346396,125.422863,128.983795,43931300
2023-04-17,130.118111,130.220384,127.988996,130.006546,16050500
2023-04-18,130.415643,131.819556,129.262751,131.466248,13760100
2023-04-19,131.308182,131.559217,130.536490,131.298889,9158100
2023-04-20,130.080912,131.494117,130.015823,130.917679,10586200
2023-04-21,129.922840,131.196589,129.030277,130.666626,11842500
2023-04-24,130.592286,131.187324,130.201780,130.843307,7567500
2023-04-25,129.792695,130.127404,127.961092,127.998276,10629300
2023-04-26,127.951793,128.128447,124.586113,125.729698,14416100
2023-04-27,126.445600,128.221420,126.129489,127.421837,9041100
2023-04-28,126.966246,128.602610,126.138772,128.528229,9887300
2023-05-01,132.265803,133.297823,130.936272,131.280273,20415800
2023-05-02,131.466215,132.405268,128.704865,129.160446,14113400
2023-05-03,128.714202,128.928039,126.222472,126.427017,12930900
2023-05-04,125.478661,126.185263,122.549949,124.697662,17089200
2023-05-05,126.854709,128.193548,126.361945,127.133636,11261400
2023-05-08,127.830952,128.277227,126.891899,127.440460,7484900
2023-05-09,126.380509,127.328855,125.711104,126.826797,7343600
2023-05-10,128.258621,128.360894,125.394998,126.891891,8133400
2023-05-11,125.515866,127.198706,125.422886,126.492104,7057300
2023-05-12,127.208013,127.366069,123.777244,124.679100,9988600
2023-05-15,124.837149,126.138789,124.548930,125.729698,7639500
2023-05-16,125.943548,126.389822,124.548927,124.883636,6477200
2023-05-17,126.352652,128.853675,125.943575,128.723511,12711500
2023-05-18,128.556122,129.913545,128.081942,129.699707,10999600
2023-05-19,129.969337,130.620172,128.425968,129.402191,13492200
2023-05-22,131.094343,131.689380,127.988991,128.332993,11402500
2023-05-23,127.877405,129.262733,126.873291,126.994148,9514900
2023-05-24,125.887753,126.771024,125.590241,125.831970,8578000
2023-05-25,125.348502,126.696633,125.125358,126.138779,8472500
2023-05-26,126.547865,127.933194,126.101591,127.319557,8579900
2023-05-30,127.189426,128.044792,126.464224,127.803062,7399900
2023-05-31,127.124334,127.226607,124.958022,126.176003,14219900
2023-06-01,126.929075,128.518934,125.934238,127.914604,12248100
2023-06-02,129.755504,131.540617,129.550959,130.601578,12922500
2023-06-05,130.266919,130.266919,128.426023,129.318573,8511900
2023-06-06,128.937313,130.257566,128.500345,129.550949,9329500
2023-06-07,129.746196,131.345362,129.076777,130.806107,9281400
2023-06-08,130.787525,130.992070,129.681124,130.843307,7368100
2023-06-09,130.490015,131.838146,130.359851,131.103638,7249100
2023-06-12,131.159449,131.391886,129.941469,131.094360,7596600
2023-06-13,130.610891,132.832986,130.294780,132.042709,7701600
2023-06-14,132.953840,133.520986,130.815419,131.549927,9068700
2023-06-15,130.713168,133.325756,130.192512,133.037537,9343100
2023-06-16,133.000302,133.855668,132.488939,133.195541,13813500
2023-06-20,132.591242,132.953843,131.131533,132.516861,8428600
2023-06-21,132.860866,133.902192,131.735879,132.321625,9926500
2023-06-22,132.312315,132.581949,129.188364,129.774109,10075200
2023-06-23,128.807149,129.402187,127.951784,129.095383,9919500
2023-06-26,129.113988,130.173900,128.016893,129.411514,8429700
2023-06-27,129.234860,130.015845,128.807170,129.420807,8154000
2023-06-28,129.383616,129.430106,128.267922,128.853653,7558600
2023-06-29,130.229686,133.474494,130.025140,133.353622,15423200
2023-06-30,134.441428,135.743068,133.567464,135.222412,14212800
2023-07-03,135.919734,137.119102,135.743080,136.310226,8021600
2023-07-05,135.683018,136.141714,135.140060,135.402176,8934900
2023-07-06,133.885640,134.232004,132.406549,134.063507,9709500
2023-07-07,134.718777,136.525506,133.866894,135.121307,8981500
2023-07-10,135.271097,136.665940,135.271097,135.879578,9100100
2023-07-11,136.993569,138.379054,136.403815,138.004593,11260900
2023-07-12,138.032714,140.298152,137.611457,138.688004,11323200
2023-07-13,139.202889,139.830096,138.313566,139.362030,11234900
2023-07-14,141.870843,143.125257,138.931388,140.204529,27028400
2023-07-17,140.747490,143.930333,140.747490,143.583969,17262400
2023-07-18,143.583999,144.538844,143.059767,143.846115,13491700
2023-07-19,142.994209,145.297100,142.498060,144.398407,12510000
2023-07-20,144.660518,146.588948,144.548187,146.177048,9935900
2023-07-21,145.849414,146.167695,144.810306,145.053696,10636400
2023-07-24,145.072425,148.648443,144.847748,147.908905,14381400
2023-07-25,147.253600,147.646774,145.999186,146.804260,9944700
2023-07-26,146.701292,148.142929,146.298748,147.684219,8728600
2023-07-27,147.693590,148.639079,145.615376,146.055359,10778400
2023-07-28,147.234884,147.534453,146.448536,146.888519,9103800
2023-07-31,147.141248,149.200751,147.113166,147.871445,8892700
2023-08-01,147.375299,147.908901,146.177051,147.141266,6853900
2023-08-02,145.624745,145.746447,144.108215,145.474960,8299400
2023-08-03,145.100474,146.897846,144.491994,146.364258,6084000
2023-08-04,146.411079,147.721673,145.755790,146.055359,6209400
2023-08-07,146.598322,147.628059,146.598322,146.748093,7251800
2023-08-08,144.463922,146.017891,142.844403,145.924286,8623400
2023-08-09,145.400084,145.587308,143.668234,143.967789,6277800
2023-08-10,144.520107,145.512405,143.312489,143.752472,5995100
2023-08-11,143.256311,144.651153,142.881864,144.585617,5180700
2023-08-14,143.799261,145.025592,143.153327,144.885178,5044300
2023-08-15,143.087830,143.481004,140.635153,141.196838,10300300
2023-08-16,140.981535,141.318543,140.120281,140.597717,6978200
2023-08-17,141.243642,141.599363,138.922024,139.137344,9953900
2023-08-18,138.219956,139.951807,138.023376,139.455658,8517500
2023-08-21,140.092200,140.513471,138.566314,139.933060,8327000
2023-08-22,139.727072,140.082807,136.534872,137.031021,9673300
2023-08-23,137.002935,138.163729,136.169778,137.957779,7858000
2023-08-24,138.079496,139.867512,137.602074,137.826736,6534000
2023-08-25,137.873540,139.127954,136.534878,137.658234,6695500
2023-08-28,138.145036,139.118608,137.733136,138.135666,5094100
2023-08-29,138.276106,139.343296,137.779942,139.259033,6337000
2023-08-30,139.127970,139.624119,137.789308,138.697357,6277300
2023-08-31,138.790966,138.875229,136.637873,136.984238,10933900
2023-09-01,136.759561,138.622469,136.394470,137.442947,7903500
2023-09-05,137.761217,138.744159,135.748524,135.926392,7854700
2023-09-06,135.458363,136.244711,134.906049,135.701767,8629200
2023-09-07,134.924757,135.991947,134.232014,134.540939,8373700
2023-09-08,134.213279,134.915378,133.539262,134.643906,7107900
2023-09-11,135.505145,135.785988,134.512847,135.233673,6854200
2023-09-12,135.271111,137.911011,134.849855,136.993591,8363200
2023-09-13,137.929709,138.266717,136.506798,137.059113,8325900
2023-09-14,138.397778,140.326208,138.098223,139.717728,10034900
2023-09-15,139.408792,140.167056,138.837751,139.305817,19863400
2023-09-18,138.697360,139.614765,138.313542,139.596039,6512400
2023-09-19,139.951800,140.157750,137.808063,139.418198,7943400
2023-09-20,140.092185,140.653870,138.678630,138.828415,7332000
2023-09-21,138.154408,139.343300,137.265086,137.742508,8052400
2023-09-22,137.882910,138.088861,135.917041,136.422546,7071700
2023-09-25,136.066806,137.162078,134.522179,137.096542,7044700
2023-09-26,135.364734,136.525529,135.018355,135.673645,7468400
2023-09-27,135.917061,136.759574,135.280484,136.469376,6717800
2023-09-28,136.937441,139.362021,136.684682,138.163773,8868100
2023-09-29,139.109275,139.259045,135.608135,135.757919,11917800
2023-10-02,135.580036,136.319574,133.520548,134.587738,9170600
2023-10-03,134.054139,134.419230,133.258436,133.595444,9431100
2023-10-04,134.044780,134.306896,132.865244,134.194565,8128700
2023-10-05,133.949376,134.949011,132.808306,134.760391,8576200
2023-10-06,134.769839,137.570668,134.043694,136.835098,10270600
2023-10-09,135.477075,137.117955,135.326185,136.523849,6964900
2023-10-10,137.136834,138.409944,137.004809,137.353729,11288800
2023-10-11,138.164751,138.843741,136.759631,137.825256,8698200
2023-10-12,137.966749,138.589159,136.863394,137.504654,10484400
2023-10-13,140.041405,144.388819,139.418995,139.569885,29427000
2023-10-16,140.937291,141.003311,138.362797,139.428436,12663500
2023-10-17,139.164408,140.805288,138.428824,139.126678,11482700
2023-10-18,138.240198,139.079503,137.089688,137.598938,9620300
2023-10-19,137.193401,138.645690,136.627586,137.014221,11143600
2023-10-20,136.335260,136.872785,134.024801,134.807526,13332900
2023-10-23,134.798112,135.495952,132.713988,132.968613,10133400
2023-10-24,133.147802,133.657037,132.365077,133.128937,8881400
2023-10-25,132.563131,133.138372,131.563497,132.402802,8242600
2023-10-26,131.799254,133.600464,131.488049,132.742294,9109400
2023-10-27,131.035379,131.176844,127.489555,127.961075,17434700
2023-10-30,128.668354,130.177209,128.291130,129.592529,9855500
2023-10-31,129.866004,131.308854,129.639669,131.139099,9672500
2023-11-01,131.318295,132.525385,130.582725,131.025955,9432000
2023-11-02,132.110456,133.421280,131.299441,133.364700,10186200
2023-11-03,134.090831,135.580835,133.770201,134.854691,9538700
2023-11-06,135.014984,135.976889,134.656624,135.873154,7625100
2023-11-07,135.335640,136.042919,134.684954,135.807159,6297900
2023-11-08,135.901475,136.589891,135.439381,136.476730,7618200
2023-11-09,137.155702,137.353732,135.514808,136.071198,7992500
2023-11-10,136.684175,138.136449,135.873160,138.089294,7983300
2023-11-13,137.400889,137.919563,136.891654,137.476334,6676300
2023-11-14,138.325058,140.748677,138.174183,139.984818,9927700
2023-11-15,140.003695,141.606860,140.003695,141.210785,8365300
2023-11-16,141.540860,142.898840,141.540860,142.823395,8126200
2023-11-17,143.530662,144.153072,142.908252,144.115356,7812400
2023-11-20,143.417493,144.992368,143.266603,144.558563,7019000
2023-11-21,144.473670,144.879185,143.879565,144.256775,7083500
2023-11-22,144.671758,145.114988,144.190799,144.596313,5174500
2023-11-24,144.841482,145.643071,144.549142,144.794327,3496900
2023-11-27,144.690615,144.784925,144.011639,144.464294,6259100
2023-11-28,144.492562,145.105532,144.021042,144.794327,6582700
2023-11-29,145.388473,146.765318,145.228158,145.529938,9126100
2023-11-30,146.086312,147.236822,145.586502,147.189667,9869800
2023-12-01,146.944482,148.868277,146.944482,147.906372,8916000
2023-12-04,147.133101,149.047471,147.001076,148.990891,9607500
2023-12-05,148.302451,149.471825,148.028975,148.972015,9135600
2023-12-06,149.792445,150.150805,147.114215,147.406555,9366000
2023-12-07,147.764912,148.349592,147.255662,147.859207,8130900
2023-12-08,148.302422,149.735847,148.038372,149.490662,7369400
2023-12-11,149.490663,150.226233,149.141729,150.037628,8093900
2023-12-12,150.160225,151.499340,149.830170,151.376755,10223000
2023-12-13,151.376736,152.800721,150.669456,151.885971,12379100
2023-12-14,152.612139,155.450684,152.498979,154.649109,13643000
2023-12-15,153.790921,155.865606,153.140222,155.818451,20309300
2023-12-18,156.469165,157.610250,156.195690,156.761505,8469600
2023-12-19,156.544612,158.873922,156.120247,158.855057,10345700
2023-12-20,158.421242,159.760357,156.968953,157.063263,10734700
2023-12-21,157.336743,158.515542,156.242813,157.959152,7601700
2023-12-22,157.959163,158.647578,157.704538,157.864853,6576300
2023-12-26,157.921457,159.156837,157.657393,158.798477,4683600
2023-12-27,158.279776,159.816935,158.034591,159.750916,6428600
2023-12-28,159.703831,160.939211,159.373761,160.599716,6320100
2023-12-29,160.316762,160.967462,159.967842,160.411072,6435100
2024-01-02,159.458596,162.363160,159.288855,162.278290,9977400
2024-01-03,162.070824,162.240565,160.665690,161.571014,9852300
2024-01-04,161.912612,164.484015,161.817721,162.643234,11972500
2024-01-05,162.700142,164.512458,162.700142,163.459229,10066000
2024-01-08,163.222031,163.544638,160.821429,163.222031,11229900
2024-01-09,162.842472,163.003776,161.400223,161.931580,9923600
2024-01-10,161.305312,162.330077,160.309011,162.273148,9670200
2024-01-11,161.618461,161.646925,160.014894,161.589996,11919500
2024-01-12,164.910960,167.292580,160.261563,160.403900,19436500
2024-01-16,156.437710,159.493024,155.896871,159.398148,17206400
2024-01-17,158.781403,160.422933,157.974885,158.544189,11107500
2024-01-18,158.572625,158.961659,156.788788,158.857285,9382300
2024-01-19,158.980638,161.846184,158.534675,161.599472,13115700
2024-01-22,161.741819,163.184068,161.030178,161.409714,12837500
2024-01-23,160.992184,161.068094,159.825097,160.346970,8360800
2024-01-24,160.698061,162.263665,160.223633,161.779755,9967100
2024-01-25,163.497187,164.142416,162.168796,164.094971,8873500
2024-01-26,163.781843,164.208825,162.994292,163.468719,7443000
2024-01-29,163.430777,164.000081,162.538851,163.895706,6971200
2024-01-30,163.990576,167.719568,163.990576,167.254639,10822100
2024-01-31,167.188211,169.180812,165.423341,165.442322,11521800
2024-02-01,164.759150,165.897773,162.662174,164.844543,9354800
2024-02-02,164.436556,166.827674,164.398593,165.793411,8607600
2024-02-05,164.967898,166.134986,164.075972,165.575165,7820200
2024-02-06,165.679572,166.875124,164.873039,166.144516,6764800
2024-02-07,166.704323,166.875110,165.062808,166.457611,7225500
2024-02-08,166.049631,166.343774,164.692776,165.859863,6060300
2024-02-09,166.049599,166.144490,164.787620,166.059082,6296700
2024-02-12,165.840856,167.767030,164.816091,166.799194,8539300
2024-02-13,166.353226,167.216672,163.791306,165.347427,8397600
2024-02-14,166.116039,167.093359,165.499275,167.026932,7056700
2024-02-15,167.140776,170.993139,167.140776,170.670517,8723400
2024-02-16,170.423812,170.774883,169.047975,169.873474,8152600
2024-02-20,170.025314,171.230364,169.285208,170.537689,9668000
2024-02-21,170.746464,171.733281,169.389608,171.647873,7024000
2024-02-22,172.520825,174.038984,171.970488,173.706894,9296500
2024-02-23,174.409002,175.727910,173.820717,174.579803,7105800
2024-02-26,174.352078,175.025771,173.147028,173.982025,7145400
2024-02-27,173.934589,174.152822,172.919322,174.067429,5717100
2024-02-28,174.048451,175.727928,173.602503,174.949875,6131600
2024-02-29,176.164409,176.895017,174.446984,176.543945,9643000
2024-03-01,176.202343,176.904500,175.633038,175.813309,6311800
2024-03-04,175.263002,177.995694,174.845503,177.132233,7063600
2024-03-05,176.828606,179.618242,176.828606,178.906601,6617800
2024-03-06,179.570809,180.348877,178.033668,179.836487,7572900
2024-03-07,180.197040,180.756861,177.084797,178.261368,7618300
2024-03-08,178.802209,180.718900,178.308801,178.593460,6172200
2024-03-11,177.701543,178.802219,176.695759,178.659882,5762600
2024-03-12,179.286135,180.434256,178.299332,180.130615,5708400
2024-03-13,180.624022,181.923948,180.130613,181.591858,7795500
2024-03-14,181.259756,181.829075,177.530763,178.356262,10310900
2024-03-15,176.942460,181.174359,176.942460,180.567093,17214200
2024-03-18,180.880207,182.844329,180.178049,182.806381,9013800
2024-03-19,182.853820,184.011410,182.540696,183.878571,8478700
2024-03-20,184.258132,186.506914,183.707795,186.288681,9367000
2024-03-21,186.468959,189.230115,186.288674,188.879044,11203800
2024-03-22,188.831605,190.226423,186.487933,186.563843,8108800
2024-03-25,186.544856,186.867464,184.419416,184.855896,8620000
2024-03-26,184.637666,186.601803,184.134774,185.719360,5961500
2024-03-27,186.449976,189.391431,186.336118,189.315521,8725800
2024-03-28,189.287079,190.454166,188.385655,190.055649,8628300
2024-04-01,189.761529,190.662938,188.414157,188.765228,7309000
2024-04-02,188.243338,189.562245,187.949195,188.689301,7014700
2024-04-03,188.860087,189.353496,187.588625,188.157944,9353400
2024-04-04,190.066697,190.572523,186.630903,186.726334,9243800
2024-04-05,187.213088,189.083684,186.210976,188.444244,6532300
2024-04-08,188.606486,189.904456,188.606486,189.427261,8001000
2024-04-09,189.035980,189.809033,186.020105,188.157928,7351500
2024-04-10,186.630888,188.081564,185.323364,186.554535,7681400
2024-04-11,187.060382,187.604391,184.426271,186.516373,10137700
2024-04-12,179.730669,180.312833,174.214283,174.452881,31532300
2024-04-15,176.084893,178.909892,173.889793,174.548325,14766600
2024-04-16,174.557875,174.806025,171.456108,172.553665,16451800
2024-04-17,173.097673,174.099785,171.026648,171.866516,9017100
2024-04-18,172.840002,174.996917,171.761536,172.983154,9557700
2024-04-19,174.080674,177.401960,173.135837,177.325607,13402300
2024-04-22,177.506939,181.458112,177.497386,180.770950,11529700
2024-04-23,182.412521,183.462341,181.830343,183.376450,9144400
2024-04-24,181.839878,184.416727,181.496297,184.273575,6964900
2024-04-25,183.481427,185.094348,182.460223,184.550339,9802300
2024-04-26,184.741224,185.981919,184.254476,184.664871,6413700
2024-04-29,184.655307,185.399730,183.653195,184.464432,5387800
2024-04-30,184.015864,186.096441,182.899230,182.994675,8153700
2024-05-01,183.500510,185.590626,182.088003,183.109207,7445300
2024-05-02,184.264028,184.674409,180.875942,182.918335,6501700
2024-05-03,183.242816,183.748641,179.864283,181.820770,8922800
2024-05-06,182.985109,183.433673,181.162236,183.242798,7911100
2024-05-07,182.956504,184.130400,182.908782,183.004227,7688800
2024-05-08,182.288427,187.680723,182.288427,186.726334,9227600
2024-05-09,186.268244,188.577865,186.201444,188.491974,7977300
2024-05-10,189.484520,190.248035,189.226846,189.704041,7529800
2024-05-13,189.732662,190.734774,189.007317,189.665848,7049200
2024-05-14,189.923533,192.385860,189.121850,192.319046,8596200
2024-05-15,192.796264,193.445256,190.658440,192.891708,8370000
2024-05-16,192.996678,195.153593,192.777172,193.235275,8497900
2024-05-17,194.514150,195.697598,193.559760,195.449448,9260500
2024-05-20,195.067717,196.489763,186.487748,186.659546,17373300
2024-05-21,188.014764,190.782488,187.633014,190.419830,14420800
2024-05-22,189.923515,191.775033,188.673267,189.264984,9425300
2024-05-23,188.787806,189.255463,187.127178,187.938400,8069400
2024-05-24,188.730572,191.603280,188.549236,191.555573,7356200
2024-05-28,190.744353,191.269270,189.599088,190.400772,6910200
2024-05-29,188.969144,189.913995,187.909771,189.074127,6120000
2024-05-30,189.503596,190.734766,189.350890,190.238480,6829100
2024-05-31,190.209881,194.027440,189.303214,193.388000,14417900
2024-06-03,193.082556,193.187539,190.104865,192.614914,6444300
2024-06-04,191.030653,192.767635,189.236396,190.076263,6848300
2024-06-05,190.648883,190.706159,187.938420,188.262909,8351600
2024-06-06,188.262906,188.988252,186.420941,187.928879,7640300
2024-06-07,188.425149,191.755975,188.024307,190.830215,6964500
2024-06-10,190.152633,191.679648,189.389118,190.505753,6070800
2024-06-11,188.883264,188.911895,184.769847,185.495178,9235300
2024-06-12,187.060373,187.747535,182.584284,182.794250,12751300
2024-06-13,183.548209,185.705124,182.173886,184.827087,8587800
2024-06-14,182.717905,185.972378,182.689275,184.941635,6874000
2024-06-17,184.655314,186.659538,183.853630,186.086899,8725400
2024-06-18,185.724226,188.930976,185.275662,188.014755,9023000
2024-06-20,187.432605,190.353035,187.165377,189.608612,8731100
2024-06-21,187.737998,188.177009,185.361563,187.346695,20972100
2024-06-24,188.787802,190.143033,188.110193,189.809006,9785900
2024-06-25,189.055042,190.944744,188.721015,189.035965,6862500
2024-06-26,188.444248,188.911904,187.327613,188.425156,7758600
2024-06-27,188.434710,190.744331,187.919331,190.085800,7913500
2024-06-28,190.887474,193.359355,190.209866,193.034851,15307600
2024-07-01,193.588373,197.644529,193.416590,196.079330,10205800
2024-07-02,195.926629,199.333806,195.430356,199.305176,7802900
2024-07-03,199.992376,200.784521,198.179027,199.171600,5560900
2024-07-05,198.643759,199.008426,196.273353,196.532455,8093100
2024-07-08,196.772378,198.557379,195.745530,196.897141,8707000
2024-07-09,197.338579,201.302039,197.165829,199.257935,9058900
2024-07-10,197.828028,199.584240,197.290610,199.421097,8328500
2024-07-11,197.895214,199.709005,197.098679,199.085205,10658100
2024-07-12,195.774307,199.085193,193.950925,196.676407,15443400
2024-07-15,198.835688,203.077463,198.384639,201.580368,10719700
2024-07-16,201.532409,205.121611,199.689829,205.006439,11557000
2024-07-17,205.179147,208.787531,204.670519,208.125351,11572500
2024-07-18,206.935389,207.904658,200.803046,201.513199,12415100
2024-07-19,202.684015,203.787654,200.495950,201.321274,8095900
2024-07-22,201.973851,203.614893,201.254093,201.801102,7663200
2024-07-23,202.511271,202.952715,200.908610,201.849091,5557300
2024-07-24,201.100542,203.480540,199.680223,200.179245,7119000
2024-07-25,200.236830,201.714742,199.661031,200.256027,6403800
2024-07-26,200.803049,204.564985,200.208038,203.682083,8027800
2024-07-29,204.075507,204.996805,202.060192,202.348099,6533600
2024-07-30,204.632147,207.088921,204.373045,206.513123,8850700
2024-07-31,206.119672,207.664754,204.094750,204.219513,9071600
2024-08-01,204.603365,205.207967,198.058368,199.574661,10918600
2024-08-02,195.659170,196.417309,188.951015,191.110291,18041700
2024-08-05,186.225527,188.260040,183.202532,187.041245,13927000
2024-08-06,187.521090,194.430784,186.177546,192.261902,10605800
2024-08-07,195.304057,197.453741,192.127525,192.319458,9204400
2024-08-08,194.306040,196.647657,193.653451,195.831924,7761200
2024-08-09,195.265703,198.144737,194.718680,197.501755,5540200
2024-08-12,198.087153,198.787714,195.448038,197.876022,6936000
2024-08-13,199.353912,199.699396,197.117860,199.555450,6387800
2024-08-14,199.363500,202.261717,198.768490,201.762695,6999800
2024-08-15,204.411412,205.265525,202.588030,203.019882,7001000
2024-08-16,203.154251,205.457472,203.058277,205.342316,7931200
2024-08-19,205.371089,206.839395,205.198354,206.762619,6090800
2024-08-20,206.330774,207.290452,205.063992,205.870132,5640000
2024-08-21,205.783741,206.330765,204.257857,205.946899,5202300
2024-08-22,205.927722,208.058209,205.697394,207.895065,5247100
2024-08-23,208.825946,210.351830,207.770294,209.507309,7214000
2024-08-26,210.179090,210.822072,209.257807,210.332642,5105200
2024-08-27,210.658928,211.532238,210.351838,211.301910,5185200
2024-08-28,210.409420,213.250074,210.351842,212.367157,6506400
2024-08-29,213.192468,213.989003,210.111910,213.250061,6416100
2024-08-30,213.528364,216.388200,212.981340,215.735626,8574100
2024-09-03,213.336425,215.063848,210.399812,211.417068,8956100
2024-09-04,212.127217,213.115699,208.451663,210.486176,7389500
2024-09-05,211.273114,211.896914,207.319246,208.854736,8067900
2024-09-06,208.825964,209.919996,202.578450,203.893219,7777000
2024-09-09,206.513121,209.353760,205.543837,208.067795,8935100
2024-09-10,209.785601,209.823982,192.520990,197.271393,28406900
2024-09-11,196.973926,199.325134,193.691829,198.874084,13658700
2024-09-12,199.277151,200.361592,196.628445,198.269501,9054400
2024-09-13,198.519012,199.469099,194.833852,196.081436,10226700
2024-09-16,197.530523,199.814561,197.300195,199.478668,8634900
2024-09-17,199.353907,201.465196,199.286738,200.812622,7573300
2024-09-18,200.582291,202.818343,198.365438,199.161972,8259900
2024-09-19,201.321255,203.365374,198.979638,201.993027,11635200
2024-09-20,201.465200,202.895126,201.052546,202.578430,20885000
2024-09-23,202.492076,203.259822,201.522807,202.914337,7223500
2024-09-24,202.636043,204.363467,201.887495,203.058304,7323200
2024-09-25,203.144663,203.682095,200.198459,201.714752,8976500
2024-09-26,202.616845,203.163854,200.582318,201.321274,7807500
2024-09-27,202.156183,203.874015,200.889416,202.012238,7032500
2024-09-30,197.991189,202.453701,196.983524,202.357727,8663800
2024-10-01,200.476744,200.659085,197.876024,198.691742,8540100
2024-10-02,198.730116,200.524710,197.396165,198.931641,5810900
2024-10-03,197.856827,198.163931,196.100614,196.954727,7251300
2024-10-04,202.091502,204.379872,199.783817,203.945374,10211700
2024-10-07,203.761906,205.982695,202.468061,203.665344,6718900
2024-10-08,203.327403,204.051573,201.203177,203.491547,6021800
2024-10-09,202.477730,206.861376,202.168759,206.069611,7024000
2024-10-10,207.411704,207.411704,204.186741,205.509552,7927100
2024-10-11,208.242113,216.893529,207.749684,214.634109,18320700
2024-10-14,215.512783,215.995563,211.341576,213.852020,9048900
2024-10-15,215.956931,217.685275,214.180306,214.730667,9235800
2024-10-16,214.672712,215.976207,213.427133,215.937592,6382500
2024-10-17,216.545907,218.071492,215.618964,216.690735,6470200
2024-10-18,217.250780,218.139093,215.416224,217.608032,7000500
2024-10-21,217.463214,217.926678,215.223110,215.319672,5870000
2024-10-22,215.338971,217.521129,213.485100,216.401077,9586800
2024-10-23,215.956951,217.057687,214.865864,215.715561,6180500
2024-10-24,214.189956,217.308707,214.025812,217.231461,6002200
2024-10-25,217.250768,217.849410,213.272670,214.653412,6369700
2024-10-28,215.657605,217.868729,215.271373,217.733551,6843000
2024-10-29,217.453552,218.940507,215.136202,215.223099,6580000
2024-10-30,214.875486,218.515647,213.948558,216.681091,7110900
2024-10-31,216.961077,217.916986,214.180278,214.276825,7829900
2024-11-01,215.860345,218.361139,215.029964,215.261703,6923500
2024-11-04,214.981690,216.053461,211.621549,212.210541,8229600
2024-11-05,212.451941,214.315478,212.422976,213.861664,5600700
2024-11-06,226.906356,239.458623,226.684282,238.550995,23987800
2024-11-07,236.079196,236.146792,227.118809,228.238861,16451100
2024-11-08,231.096865,231.096865,227.659478,228.818146,9502100
2024-11-11,231.734137,233.761817,230.768578,231.048584,9017100
2024-11-12,232.265220,233.143882,230.536861,231.309311,6861000
2024-11-13,232.294207,235.683314,232.033502,232.854233,11472600
2024-11-14,234.070810,235.876400,232.747998,233.539749,10172200
2024-11-15,233.143874,237.933038,233.143874,236.861267,11518800
2024-11-18,239.226868,239.391012,234.321827,236.590897,9051400
2024-11-19,233.906662,236.706777,233.230773,234.717728,6792700
2024-11-20,235.982608,236.185382,230.420994,232.487289,9015300
2024-11-21,234.852927,237.035099,233.771505,236.330231,8783500
2024-11-22,235.219836,240.569027,234.659810,239.989700,7997300
2024-11-25,240.993850,245.551290,240.482105,241.669739,10295400
2024-11-26,241.862858,242.355288,239.786898,241.360764,6212100
2024-11-27,240.762132,242.538757,240.202106,241.186966,5472300
2024-11-29,241.254593,243.098814,240.858710,241.119415,5494800
2024-12-02,240.955238,241.631126,236.590907,237.768890,8899700
2024-12-03,239.680698,240.462798,236.204695,236.388153,6657700
2024-12-04,236.272274,236.899896,233.887342,235.017044,7346300
2024-12-05,236.938509,238.666853,236.195025,237.025406,6572500
2024-12-06,237.237836,239.207585,236.407455,238.840668,5519700
2024-12-09,238.618612,239.333116,235.364668,235.412949,7076500
2024-12-10,235.490160,239.419992,233.877679,234.495636,9108300
2024-12-11,235.596392,235.857097,233.839068,235.142578,7884400
2024-12-12,234.630814,235.692934,232.738312,233.211441,6113800
2024-12-13,233.732838,234.360446,230.903743,231.676193,10392700
2024-12-16,232.323153,232.381084,229.339579,231.328629,9032000
2024-12-17,230.430625,230.787892,228.480207,230.150620,8083600
2024-12-18,230.768616,230.836212,221.624771,222.435837,11322400
2024-12-19,224.270407,228.219540,224.270407,224.936646,11790800
2024-12-20,223.932442,230.971375,223.613805,229.416824,32348400
2024-12-23,227.939507,230.401670,226.790489,230.179596,8611500
2024-12-24,231.183770,234.138393,230.836183,233.964584,3729100
2024-12-26,233.114894,234.881869,232.496937,234.766006,4451800
2024-12-27,234.360480,235.007403,231.772775,232.863861,5730200
2024-12-30,230.546515,232.545215,228.943684,231.077576,5723800
