Date,Open,High,Low,Close,Volume
2015-01-02,39.522487,40.166230,39.420844,39.607189,27913900
2015-01-05,39.276837,39.581769,39.175194,39.242958,39673900
2015-01-06,39.285313,39.598714,38.573807,38.666981,36447900
2015-01-07,38.946484,39.353058,38.531440,39.158241,29114100
2015-01-08,39.598712,40.445744,39.573303,40.310219,29645200
2015-01-09,40.327164,40.505040,39.725772,39.971409,23944200
2015-01-12,40.166203,40.267849,39.268352,39.471638,23651900
2015-01-13,39.785034,40.581242,39.014236,39.268345,35270600
2015-01-14,38.929543,39.166713,38.641552,38.929543,29719600
2015-01-15,39.149784,39.285309,38.463688,38.522980,32750800
2015-01-16,38.378982,39.200600,38.260395,39.166721,35695300
2015-01-20,39.217545,39.514007,38.599212,39.293777,36161900
2015-01-21,38.912609,39.082016,38.522975,38.895668,39081100
2015-01-22,39.285308,39.929051,39.031200,39.920582,35898000
2015-01-23,40.115406,40.140816,39.641067,39.962940,26211600
2015-01-26,39.810463,39.920578,39.166720,39.818932,42525500
2015-01-27,36.379990,36.591747,35.668483,36.134350,169164000
2015-01-28,36.202126,36.244477,34.863815,34.889225,84507100
2015-01-29,34.668986,35.676952,34.550403,35.583778,63585300
2015-01-30,35.194142,35.219555,34.177704,34.220058,78004900
2015-02-02,34.381004,35.041687,34.076072,34.965454,50352500
2015-02-03,35.261917,35.516026,34.770637,35.236504,52082400
2015-02-04,35.524498,35.753197,35.033222,35.439796,41614800
2015-02-05,35.761658,36.117409,35.456726,35.956474,36548200
2015-02-06,36.151302,36.244476,35.702377,35.922604,34616600
2015-02-09,35.778599,36.202114,35.753185,35.880241,31381100
2015-02-10,36.202114,36.227524,35.727775,36.083527,29670700
2015-02-11,36.125877,36.125877,35.753182,35.897179,38262500
2015-02-12,36.134346,36.498569,36.007290,36.498569,33268800
2015-02-13,36.744209,37.159252,36.549392,37.159252,40264900
2015-02-17,37.509012,37.534602,36.843623,37.176319,33695700
2015-02-18,37.218975,37.278689,37.014239,37.133667,27111700
2015-02-19,36.835099,37.133669,36.724201,37.108078,27603400
2015-02-20,37.116592,37.432227,36.928922,37.415165,29721100
2015-02-23,37.278690,37.696687,37.236038,37.662567,32518800
2015-02-24,37.662562,37.790519,37.466356,37.611378,25271700
2015-02-25,37.491954,37.611382,37.363994,37.526077,29759800
2015-02-26,37.526079,37.730811,37.440771,37.585793,28957300
2015-02-27,37.645498,37.705212,37.244559,37.406639,33807700
2015-03-02,37.253098,37.696690,37.150732,37.432243,31924000
2015-03-03,37.159273,37.389599,36.758334,36.920414,31748600
2015-03-04,36.690079,36.860692,36.579184,36.732735,25748700
2015-03-05,36.741252,36.886274,36.527987,36.775375,23193500
2015-03-06,36.681551,36.775388,35.956452,36.135593,36248800
2015-03-09,35.990559,36.792436,35.990559,36.553577,32108000
2015-03-10,36.127059,36.434161,35.854080,35.854080,39159700
2015-03-11,36.092943,36.144125,35.692004,35.811432,32215300
2015-03-12,35.256942,35.529921,34.856003,34.992493,59992500
2015-03-13,34.719507,35.376363,34.642731,35.299587,58007700
2015-03-16,35.376369,35.521387,35.214285,35.453144,35273500
2015-03-17,35.291071,35.683481,35.103400,35.572582,31673400
2015-03-18,35.342247,36.536531,35.256942,36.255020,44194800
2015-03-19,36.050284,36.331795,36.016164,36.075878,33879100
2015-03-20,36.306195,36.664479,36.246482,36.579174,71904500
2015-03-23,36.579176,36.792441,36.493868,36.562115,26246100
2015-03-24,36.493875,36.826568,36.468285,36.596245,25513300
2015-03-25,36.613294,36.621826,35.350767,35.367828,43469900
2015-03-26,35.163104,35.495797,34.907184,35.154572,37495600
2015-03-27,35.077794,35.342243,34.830409,34.949837,34401400
2015-03-30,35.060743,35.436091,34.898662,34.941315,35049700
2015-03-31,34.787757,35.001021,34.583024,34.685390,34887200
2015-04-01,34.634199,34.770688,34.386814,34.736568,36865300
2015-04-02,34.685374,34.753620,34.224722,34.369743,37487500
2015-04-06,34.412413,35.640818,34.275924,35.444614,39223700
2015-04-07,35.495786,35.751703,35.239869,35.427540,28809400
2015-04-08,35.367837,35.564040,35.009553,35.333714,24753400
2015-04-09,35.188688,35.504319,35.188688,35.384892,25723900
2015-04-10,35.512855,35.785833,35.325181,35.589630,28022000
2015-04-13,35.316662,35.879681,35.308129,35.623760,30276700
2015-04-14,35.657864,35.854067,35.308110,35.529907,24244400
2015-04-15,35.623752,36.220894,35.555509,36.050282,27343600
2015-04-16,35.785839,36.118532,35.674941,35.964981,22509700
2015-04-17,35.546974,35.606691,35.111916,35.504322,42387600
2015-04-20,35.598164,36.826568,35.555512,36.604774,46057700
2015-04-21,36.681545,36.809505,36.280606,36.374443,26013800
2015-04-22,36.400030,36.792440,36.297664,36.673012,25064300
2015-04-23,36.587703,37.201907,36.510928,36.971581,46309500
2015-04-24,38.950685,41.066272,38.942156,40.835945,130933700
2015-04-27,40.289988,41.057743,40.281459,40.972435,59248200
2015-04-28,40.759175,41.979050,40.690932,41.936398,60730800
2015-04-29,41.561042,42.064347,41.373368,41.851082,47804600
2015-04-30,41.543975,42.260545,41.458667,41.492790,64725500
2015-05-01,41.441614,41.697531,41.288063,41.509857,38937300
2015-05-04,41.262472,41.689002,41.100392,41.151577,34039500
2015-05-05,40.793288,41.083328,40.358229,40.605614,50369200
2015-05-06,40.580039,40.750651,39.257797,39.479591,52433000
2015-05-07,39.471052,40.170560,39.377215,39.837868,32971700
2015-05-08,40.562977,40.929792,40.537386,40.733589,35364900
2015-05-11,40.562967,40.870069,40.409416,40.409416,24609400
2015-05-12,39.965823,40.673864,39.599008,40.392353,29928300
2015-05-13,41.108925,41.219824,40.580029,40.631214,34184600
2015-05-14,40.972441,41.646359,40.972441,41.561054,32980900
2015-05-15,41.689002,41.723125,40.989494,41.202759,28642700
2015-05-18,40.929777,41.134513,40.614146,40.955368,24136500
2015-05-19,40.835168,41.049819,40.508898,40.852341,28574800
2015-05-20,40.689204,41.152850,40.586173,40.852341,25047900
2015-05-21,40.594750,40.869503,40.362927,40.714954,22410700
2015-05-22,40.611925,40.654855,40.199796,40.268486,25720600
2015-05-26,40.208386,40.251315,39.658877,40.002319,29581900
2015-05-27,40.199796,41.015470,40.028075,40.878094,27335600
2015-05-28,40.783648,41.230122,40.689201,40.740719,19283700
2015-05-29,40.723561,40.843765,40.002334,40.234158,36519600
2015-06-01,40.405881,41.015488,40.028093,40.551842,28837300
2015-06-02,40.294267,40.654879,40.028098,40.285679,21498300
2015-06-03,40.672029,40.989715,40.199798,40.225555,28002200
2015-06-04,40.174040,40.491722,39.667464,39.804840,27745500
2015-06-05,39.761927,39.942233,39.358383,39.615963,25438100
2015-06-08,39.753323,39.864943,39.212402,39.263920,22121600
2015-06-09,39.289676,39.444225,39.032096,39.195232,24406100
2015-06-10,39.315439,40.208387,39.229577,40.019493,28417400
2015-06-11,40.062437,40.285672,39.607378,39.873543,27347800
2015-06-12,39.684637,39.899288,39.409884,39.469986,23931000
2015-06-15,39.023514,39.195235,38.654314,39.049271,33254500
2015-06-16,38.937660,39.701820,38.894730,39.349792,27070300
2015-06-17,39.263920,39.555845,38.946238,39.469986,28704100
2015-06-18,39.684643,40.182632,39.641711,40.113945,32658300
2015-06-19,40.174031,40.208376,39.487149,39.581593,63837000
2015-06-22,39.779088,40.113943,39.633124,39.693226,20318100
2015-06-23,39.607374,39.736162,39.169484,39.418480,25896500
2015-06-24,39.212410,39.710402,39.109379,39.186653,34890900
2015-06-25,39.521499,39.547260,39.066441,39.195232,20616000
2015-06-26,39.195240,39.736158,38.662904,38.860382,49835300
2015-06-29,38.671488,38.834621,38.087637,38.096222,34081700
2015-06-30,38.388157,38.396745,37.727032,37.907341,35945400
2015-07-01,38.173513,38.834638,37.864415,38.164928,28343900
2015-07-02,38.190665,38.422489,37.830054,38.121979,21752000
2015-07-06,37.744196,38.190670,37.735611,38.113396,23034000
2015-07-07,38.070462,38.199254,37.194687,38.036118,36435800
2015-07-08,38.156330,38.551290,37.804302,37.984612,39785900
2015-07-09,38.422492,38.826037,38.207841,38.225014,32424700
2015-07-10,38.645724,38.757343,38.267939,38.302284,25465800
2015-07-13,38.619965,39.169471,38.594208,39.100784,28178300
2015-07-14,39.023518,39.461405,38.903314,39.169479,22880300
2015-07-15,39.221002,39.401307,39.006351,39.289688,26629600
2015-07-16,39.504330,40.088181,39.469989,40.062424,26271700
2015-07-17,39.967974,40.165453,39.718979,40.028076,29467100
2015-07-20,40.053859,40.465988,39.873550,40.285679,30631900
2015-07-21,40.165463,40.637697,39.907883,40.594765,42781900
2015-07-22,39.014922,40.294242,38.808859,39.100784,59152400
2015-07-23,38.868964,39.693222,38.723000,39.590191,33934000
2015-07-24,39.418480,39.770507,39.324033,39.444237,32333200
2015-07-27,39.444232,39.504334,38.851797,38.937656,39701400
2015-07-28,39.135147,39.186661,38.456850,38.929081,34328900
2015-07-29,38.980587,40.165457,38.860380,39.744743,40945900
2015-07-30,39.718984,40.697794,39.435646,40.251320,39777900
2015-07-31,40.603359,40.672045,39.925061,40.096783,31201500
2015-08-03,40.337176,40.354349,39.882118,40.191216,24125900
2015-08-04,40.139700,40.963958,40.079598,40.817997,33403900
2015-08-05,41.195780,41.564980,40.817996,40.852341,26959700
2015-08-06,40.963954,41.015471,39.779084,40.028076,27368000
2015-08-07,39.830606,40.165460,39.718986,40.131119,19163000
2015-08-10,40.311421,40.775068,40.216974,40.637691,23079900
2015-08-11,40.199794,40.302825,39.409881,39.847767,29237400
2015-08-12,39.658884,40.268495,39.246755,40.131119,30181400
2015-08-13,40.405865,40.440207,39.916461,40.122524,22627200
2015-08-14,39.950803,40.440206,39.942218,40.354347,21473400
2015-08-17,40.191226,40.740732,39.985160,40.629112,21099700
2015-08-18,40.482183,40.992099,40.361186,40.853817,23574100
2015-08-19,40.430317,40.689599,40.015471,40.283394,31485500
2015-08-20,39.816701,40.162409,39.462353,39.462353,36238200
2015-08-21,39.151207,39.306775,37.223896,37.223896,70053100
2015-08-24,34.959537,36.895490,34.328624,36.022583,88753700
2015-08-25,36.791770,37.370829,34.907671,34.976814,70616600
2015-08-26,36.307779,37.025121,35.486730,36.912766,63408000
2015-08-27,37.362194,37.984466,37.102915,37.941254,50943200
2015-08-28,37.509104,38.157302,37.500459,37.967163,28246700
2015-08-31,37.647391,37.967168,37.249827,37.612820,34441700
2015-09-01,36.446061,36.809055,36.005288,36.143570,49688900
2015-09-02,36.610272,37.491823,36.195425,37.474537,37671500
2015-09-03,37.517747,38.010378,37.405392,37.595531,28285200
2015-09-04,36.999193,37.197974,36.471991,36.826340,37138800
2015-09-08,37.422689,38.027675,37.336264,37.932606,32469800
2015-09-09,38.209158,38.373370,37.085614,37.223896,33469500
2015-09-10,37.267113,37.846172,36.947336,37.414040,31366600
2015-09-11,37.284389,37.673309,37.111536,37.578239,27132500
2015-09-14,37.535034,37.543675,37.042403,37.197971,23656000
2015-09-15,37.327591,38.278284,37.232524,38.010361,28882200
2015-09-16,38.001736,38.356084,37.889380,38.286942,23372200
2015-09-17,38.278300,38.891927,38.096805,38.243729,32768200
2015-09-18,37.595525,38.019016,37.448602,37.578239,63143700
2015-09-21,37.699243,38.433870,37.681957,38.122734,26177200
2015-09-22,37.491835,38.070891,37.431337,37.941254,28085900
2015-09-23,37.967156,38.174577,37.604163,37.915298,17145200
2015-09-24,37.552314,38.140014,37.396746,37.949875,27905600
2015-09-25,38.442511,38.658577,37.820239,37.975807,29384600
2015-09-28,37.880744,38.105451,37.344897,37.414040,27613800
2015-09-29,37.483169,37.656022,37.206604,37.543667,32763600
2015-09-30,37.923943,38.286933,37.733804,38.252361,34958900
2015-10-01,38.675860,38.675860,37.811595,38.554863,28657900
2015-10-02,38.261027,39.384571,37.958532,39.384571,41839000
2015-10-05,39.540135,40.525397,39.496923,40.300690,34369300
2015-10-06,40.041402,40.776026,39.946333,40.404392,27017200
2015-10-07,40.706896,40.922962,39.712992,40.447617,27711500
2015-10-08,40.240185,41.069879,40.188328,41.009380,33772700
2015-10-09,41.009377,41.087161,40.551314,40.715527,28600600
2015-10-12,40.603175,40.680959,40.188328,40.620461,19769100
2015-10-13,40.240192,40.732823,40.240192,40.525398,19987800
2015-10-14,40.317979,40.706896,40.214265,40.343906,24697800
2015-10-15,40.629101,40.646386,40.214254,40.629101,27189400
2015-10-16,40.637730,41.087148,40.534020,41.061218,26450300
2015-10-19,40.983450,41.381014,40.637746,41.156303,29387600
2015-10-20,41.000725,41.320506,40.637736,41.285934,30802200
2015-10-21,41.415577,41.476078,40.715524,40.793308,25144300
2015-10-22,41.078522,42.305780,40.698246,41.510654,56637100
2015-10-23,45.201079,46.730829,45.157867,45.693710,135227100
2015-10-26,45.399850,46.946885,45.373923,46.886387,64633300
2015-10-27,46.661691,46.990109,46.307342,46.402409,50999900
2015-10-28,46.272751,46.653027,45.685051,46.653027,47000800
2015-10-29,46.272740,46.523378,45.996176,46.117172,30202100
2015-10-30,46.082619,46.661679,45.477633,45.494919,46619800
2015-11-02,45.676404,46.117181,45.477623,46.013470,30285000
2015-11-03,45.745553,47.007379,45.719626,46.799957,36596900
2015-11-04,46.825879,47.430865,46.722168,47.016018,37087800
2015-11-05,47.093811,47.275306,46.670319,46.998741,31468500
2015-11-06,46.748104,47.517300,46.635749,47.465443,32851200
2015-11-09,47.145664,47.422229,46.290044,46.808601,32513100
2015-11-10,46.730824,46.782681,46.039412,46.246834,55283700
2015-11-11,46.411041,46.843174,46.203616,46.367828,36516300
2015-11-12,46.220901,46.653034,45.970263,46.082619,35361100
2015-11-13,45.866543,46.056683,45.399839,45.667763,36848200
2015-11-16,45.875193,46.575246,45.676409,46.471535,32165200
2015-11-17,46.262703,46.575936,45.984275,46.088688,31551300
2015-11-18,46.114810,46.967498,46.097407,46.854385,29710000
2015-11-19,46.976189,47.559148,46.793468,46.932682,28149200
2015-11-20,47.202407,47.245910,46.349718,47.150200,37147600
2015-11-23,47.202407,47.385125,46.767361,47.150200,28235900
2015-11-24,46.915284,47.367731,46.619456,47.202415,24600000
2015-11-25,47.063202,47.185014,46.715164,46.715164,21005100
2015-11-27,46.810872,47.054499,46.802172,46.923985,9009100
2015-11-30,47.454744,47.820181,46.984895,47.289425,56241400
2015-12-01,47.341624,48.055098,47.245913,48.046398,39952800
2015-12-02,48.133415,48.690272,47.907193,48.037704,47274900
2015-12-03,48.281323,48.524947,46.923980,47.158905,38627800
2015-12-04,47.089289,48.925180,47.071887,48.646751,43963700
2015-12-07,48.542355,48.698972,48.107310,48.559757,30709800
2015-12-08,48.263918,48.812073,47.846275,48.542347,32878000
2015-12-09,48.176920,48.611966,47.428642,47.837585,36373200
2015-12-10,48.194319,48.429243,47.863683,48.089909,31775800
2015-12-11,47.602655,47.941990,46.993591,47.037098,39549500
2015-12-14,47.272009,48.037686,46.706449,47.976780,46768900
2015-12-15,48.429240,48.638063,47.933289,48.028999,39843000
2015-12-16,48.324819,48.942583,47.646147,48.838173,37503300
2015-12-17,49.038295,49.412434,48.316118,48.464035,41280900
2015-12-18,48.524947,48.725068,47.010989,47.098000,84684200
2015-12-21,47.750573,48.159514,47.185013,47.707069,37246300
2015-12-22,47.846293,48.272636,47.419947,48.159523,28322200
2015-12-23,48.464037,48.620654,48.237812,48.568447,27279800
2015-12-24,48.603250,48.690258,48.229111,48.437931,9558500
2015-12-28,48.159504,48.681561,47.837572,48.681561,22458300
2015-12-29,48.977399,49.464647,48.777278,49.203621,27731400
2015-12-30,49.134023,49.403749,48.977406,48.994808,21704500
2015-12-31,48.759873,48.890385,48.220415,48.272621,27334100
2016-01-04,47.263322,47.680965,46.454138,47.680965,53778000
2016-01-05,47.794081,48.194322,47.454746,47.898491,34079700
2016-01-06,47.263329,47.332938,46.671667,47.028404,39518900
2016-01-07,45.853770,46.541143,45.305612,45.392620,56564900
2016-01-08,45.566631,46.358413,45.375213,45.531830,48754000
2016-01-11,45.688456,45.984286,44.774861,45.505737,36943800
2016-01-12,45.905976,46.201807,45.296915,45.923378,36095500
2016-01-13,46.810860,47.045785,44.635634,44.931465,66883600
2016-01-14,45.244724,46.480252,44.870585,46.210526,52381900
2016-01-15,44.644350,45.218609,43.800361,44.365921,71820700
2016-01-19,44.792257,44.966276,43.556730,43.991776,43564500
2016-01-20,43.487124,44.705252,42.721443,44.191898,63273000
2016-01-21,44.374616,44.879270,43.765552,43.922169,40191200
2016-01-22,44.731355,45.531840,44.600840,45.497036,37555800
2016-01-25,45.192512,45.810279,44.940188,45.062000,34707700
2016-01-26,45.061988,45.627545,44.853165,45.392620,28900800
2016-01-27,45.253405,45.418725,44.392017,44.566036,36775200
2016-01-28,45.122902,45.427432,44.592146,45.296921,62513800
2016-01-29,47.620059,47.933292,46.984893,47.933292,83611700
2016-02-01,47.750567,47.933285,47.419931,47.602650,44208500
2016-02-02,47.132808,47.211116,45.810273,46.114803,56313800
2016-02-03,46.332333,46.454145,44.600851,45.383934,57559800
2016-02-04,45.331717,45.949484,44.696551,45.244709,46987100
2016-02-05,45.192502,45.244708,43.121689,43.643742,62009000
2016-02-08,43.112981,43.130383,41.929658,42.991169,59290500
2016-02-09,42.651822,43.713333,42.347289,42.878044,46740500
2016-02-10,43.408821,43.843867,43.086889,43.252205,38237000
2016-02-11,42.356016,43.600246,42.208099,43.234806,48878600
2016-02-12,43.722037,44.096176,43.286992,43.939560,34243300
2016-02-16,44.605599,44.772102,43.930819,44.772102,37291200
2016-02-17,45.122631,46.244342,45.087577,45.937622,40789000
2016-02-18,45.858755,46.402083,45.657194,45.736065,27176000
2016-02-19,45.543275,45.814938,45.157685,45.411823,33559100
2016-02-22,45.814932,46.445896,45.814932,46.139179,25008300
2016-02-23,45.867519,45.893808,44.675699,44.850967,28895300
2016-02-24,44.421561,45.131396,43.992157,45.008709,33014500
2016-02-25,45.332948,45.657192,44.351451,45.657192,26939500
2016-02-26,46.095358,46.165466,44.780851,44.956120,35975900
2016-02-29,44.999954,45.262858,44.395282,44.588078,31654000
2016-03-01,44.666931,46.086597,44.623111,46.077835,33024500
2016-03-02,45.928869,46.410854,45.709784,46.402092,29289900
2016-03-03,46.419614,46.419614,45.376769,45.876282,24427800
2016-03-04,45.920095,45.963912,45.315420,45.595848,33034200
2016-03-07,45.183986,45.394305,44.325175,44.719524,38407800
2016-03-08,44.517959,45.683490,44.342691,45.262848,33835100
2016-03-09,45.473165,46.314449,45.446876,46.305687,28251600
2016-03-10,46.384559,46.393321,44.833440,45.613380,38387800
2016-03-11,46.445901,46.507244,45.902572,46.507244,32275700
2016-03-14,46.191757,46.962935,46.121652,46.594872,24083600
2016-03-15,46.226809,46.962933,46.218047,46.962933,21104800
2016-03-16,46.840258,47.848044,46.796441,47.628960,31691700
2016-03-17,47.506263,48.198571,47.322233,47.900616,28223900
2016-03-18,48.128457,48.172277,46.840243,46.875298,67625500
2016-03-21,46.664988,47.260898,46.384560,47.199554,23925700
2016-03-22,46.980472,47.541328,46.849020,47.383587,23124100
2016-03-23,47.418627,47.532552,47.094383,47.295940,20129000
2016-03-24,47.182027,47.611434,47.085630,47.506271,19950000
2016-03-28,47.506273,47.576382,46.735098,46.919128,17025100
2016-03-29,47.024277,48.075883,46.840247,47.944431,23924300
2016-03-30,48.137238,48.759437,48.110949,48.242397,23008300
2016-03-31,48.154750,48.715606,48.075880,48.400124,26360500
2016-04-01,48.242390,48.733140,47.821748,48.698086,24399200
2016-04-04,48.575409,48.776966,48.198583,48.575409,18928800
2016-04-05,48.365079,48.461476,47.725353,47.812988,19272300
2016-04-06,47.637726,48.373850,47.506274,48.303741,21188700
2016-04-07,48.084644,48.119698,47.523788,47.725346,19225100
2016-04-08,47.909392,48.443959,47.602675,47.690308,22167200
2016-04-11,47.751644,48.330026,47.585137,47.593903,21414200
2016-04-12,47.646473,48.005771,47.111906,47.891850,24944300
2016-04-13,48.303749,48.584177,48.102192,48.505306,20818000
2016-04-14,48.391367,48.706849,48.259915,48.514053,20877100
2016-04-15,48.461476,49.004804,48.294973,48.768196,28793800
2016-04-18,48.627982,49.591952,48.382605,49.478027,23786000
2016-04-19,49.627006,49.749692,48.794484,49.416683,29596800
2016-04-20,49.329071,49.513101,48.628001,48.715633,36195700
2016-04-21,48.899642,49.276467,48.566632,48.882114,38909100
2016-04-22,45.490695,45.946391,44.491670,45.376770,126834100
2016-04-25,45.376773,45.683493,45.245324,45.665966,33226900
2016-04-26,45.797404,45.876275,44.772091,45.078808,33532600
2016-04-27,45.113863,45.131391,44.298869,44.640640,43369300
2016-04-28,44.360217,44.491669,43.431301,43.729256,43134800
2016-04-29,43.247269,44.035974,43.247269,43.702965,48411700
2016-05-02,43.816889,44.474142,43.624094,44.351456,33114500
2016-05-03,44.114850,44.176194,43.466359,43.624100,26460200
2016-05-04,43.676676,43.869471,43.343666,43.702965,24257600
2016-05-05,43.702950,44.079776,43.580264,43.764294,25390700
2016-05-06,43.746789,44.158669,43.518942,44.158669,24787300
2016-05-09,44.246283,44.333916,43.816876,43.878220,17951600
2016-05-10,44.106083,44.780860,43.983392,44.710754,22891000
2016-05-11,44.807146,45.376764,44.693221,44.737038,24039100
2016-05-12,44.868489,45.403056,44.623113,45.140152,24102800
2016-05-13,45.078811,45.481929,44.728278,44.763332,22592300
2016-05-16,44.517959,45.534511,44.474143,45.420589,20032000
2016-05-17,45.641209,45.650033,44.441053,44.573421,27803500
2016-05-18,44.546942,45.129370,44.388098,44.838158,24907500
2016-05-19,44.538110,44.670478,43.964505,44.405739,23842400
2016-05-20,44.546942,45.199969,44.476346,44.670486,23905800
2016-05-23,44.652824,44.723423,44.105696,44.149818,26118700
2016-05-24,44.741083,45.632373,44.476343,45.526478,34757900
2016-05-25,45.817692,46.320702,45.702974,45.994186,24040200
2016-05-26,45.826521,45.870644,45.323515,45.791222,24335200
2016-05-27,45.817697,46.170685,45.685329,46.170685,17721400
2016-05-31,46.117717,46.770744,45.958876,46.770744,37653100
2016-06-01,46.276578,46.726638,46.276578,46.638390,25324800
2016-06-02,46.453077,46.541325,45.747104,46.311882,22840800
2016-06-03,46.223628,46.258924,45.535302,45.702972,23368300
2016-06-06,45.879473,46.197158,45.791224,46.003017,18243300
2016-06-07,46.100088,46.532495,45.976540,45.976540,20866800
2016-06-08,45.905946,46.276580,45.773574,45.923595,21149400
2016-06-09,45.888294,45.888294,45.438237,45.552956,20305700
2016-06-10,45.049948,45.932415,45.041125,45.429409,25833200
2016-06-13,43.752715,44.758727,43.293832,44.246895,83217800
2016-06-14,44.035112,44.211602,43.743896,43.973339,42577100
2016-06-15,43.929211,44.229250,43.849789,43.849789,33757600
2016-06-16,43.699776,44.538121,43.690950,44.467522,31188600
2016-06-17,44.485173,44.502822,43.964517,44.238083,45710500
2016-06-20,44.688133,44.855804,44.149828,44.185127,35607900
2016-06-21,44.299852,45.385286,44.264552,45.173492,34097800
2016-06-22,45.076428,45.411763,44.961706,44.997005,28816800
2016-06-23,45.252921,45.941247,45.138202,45.808876,29028800
2016-06-24,43.955689,44.952875,43.699773,43.973339,133503000
2016-06-27,43.329144,43.373270,42.393730,42.737892,50216300
2016-06-28,43.170271,43.655630,42.949654,43.629154,38140700
2016-06-29,44.043944,44.758744,43.946872,44.599899,31304000
2016-06-30,44.758731,45.270560,44.564587,45.155838,28527800
2016-07-01,45.120549,45.641205,45.067600,45.147022,21400400
2016-07-05,44.855802,45.252910,44.776380,45.155838,24806400
2016-07-06,44.811693,45.482370,44.467531,45.341175,28167500
2016-07-07,45.376471,45.544142,45.067609,45.341175,19585200
2016-07-08,45.650039,46.205995,45.491195,46.153046,28391000
2016-07-11,46.329529,46.620744,46.303056,46.408951,22269200
2016-07-12,46.717811,47.123748,46.585443,46.956078,27317600
2016-07-13,47.264940,47.529679,46.929601,47.220814,25356800
2016-07-14,47.512035,47.644407,47.282595,47.423790,24545500
2016-07-15,47.609106,47.653228,46.956078,47.388489,32024400
2016-07-18,47.388491,47.953270,47.256120,47.617931,31433900
2016-07-19,47.397299,47.564970,46.708976,46.850170,53336500
2016-07-20,49.550527,50.159428,49.003395,49.338734,89893300
2016-07-21,49.400505,49.621122,49.206362,49.241661,32776700
2016-07-22,49.488766,49.974122,49.224023,49.921173,32157200
2016-07-25,49.832930,50.071197,49.647610,50.062370,25610600
2016-07-26,49.877046,50.556547,49.868220,50.088837,28079000
2016-07-27,49.956465,50.124132,49.515231,49.585827,32327500
2016-07-28,49.418153,49.744664,49.171063,49.603470,37550400
2016-07-29,49.647611,50.088845,49.462294,50.018250,30558700
2016-08-01,49.947651,50.080022,49.541716,49.930004,26003400
2016-08-02,50.168267,50.212393,49.691738,49.930004,35122000
2016-08-03,50.018242,50.397703,49.850575,50.274158,22075600
2016-08-04,50.124139,50.759516,50.009417,50.644794,26587700
2016-08-05,50.874226,51.368406,50.697732,51.147789,29335200
2016-08-08,51.236034,51.262507,50.988941,51.236034,19473500
2016-08-09,51.333116,51.624332,51.200748,51.359592,16920700
2016-08-10,51.324293,51.465488,51.024254,51.200748,15756900
2016-08-11,51.209564,51.580202,51.209564,51.447830,18162300
2016-08-12,51.209572,51.350767,50.847761,51.130150,21655200
2016-08-15,51.191910,51.624321,51.147788,51.288982,19283900
2016-08-16,51.155793,51.164671,50.853884,51.004837,20523500
2016-08-17,51.093633,51.217948,50.818362,51.111393,18856400
2016-08-18,50.987081,51.235714,50.853888,51.146915,14214300
2016-08-19,50.995953,51.262342,50.791721,51.164665,17271000
2016-08-22,51.146899,51.280096,50.844991,51.209057,15221900
2016-08-23,51.413301,51.661930,51.368899,51.404419,18732400
2016-08-24,51.324502,51.537616,51.253467,51.457699,18151500
2016-08-25,51.395538,51.759604,51.306739,51.653046,18552600
2016-08-26,51.750724,52.123672,51.226823,51.528732,20971200
2016-08-29,51.661936,52.034880,51.590897,51.590897,16417200
2016-08-30,51.484336,51.670808,51.155789,51.404419,16930200
2016-08-31,51.191307,51.324500,50.880516,51.022591,20860300
2016-09-01,50.623016,51.342271,50.623016,51.138039,26075400
2016-09-02,51.209057,51.670800,50.987065,51.209057,18900500
2016-09-06,51.306749,51.324509,50.800608,51.155796,16278400
2016-09-07,51.031475,51.360022,50.978196,51.200188,17493400
2016-09-08,51.173554,51.315629,50.773968,50.995960,20146100
2016-09-09,50.427655,51.075870,49.912632,49.912632,35113900
2016-09-12,49.726155,50.800594,49.379848,50.658520,29303000
2016-09-13,50.170155,50.303351,49.770569,50.196793,30130200
2016-09-14,50.072468,50.285582,49.752799,49.957031,24062500
2016-09-15,49.859361,50.924919,49.708405,50.782845,26847000
2016-09-16,51.173564,51.173564,50.392152,50.836136,44607000
2016-09-19,50.853900,51.280124,50.480951,50.551991,20937100
2016-09-20,50.924931,50.924931,50.392151,50.445431,17384000
2016-09-21,51.066991,51.368900,50.685168,51.288982,33707300
2016-09-22,51.431073,51.502112,51.173565,51.342278,19822200
2016-09-23,51.386665,51.422184,50.951563,50.995960,19955300
2016-09-26,50.685179,50.738455,50.463187,50.525345,21688700
2016-09-27,50.551972,51.555376,50.329980,51.457699,28065100
2016-09-28,51.395539,51.555374,51.209064,51.528732,20536400
2016-09-29,51.333385,51.653050,50.800602,50.969318,25463500
2016-09-30,51.120278,51.297872,50.916045,51.146915,29910800
2016-10-03,50.978201,51.102516,50.667414,50.987080,19189500
2016-10-04,50.853874,51.146901,50.587485,50.827236,20085900
2016-10-05,50.871643,51.466580,50.845002,51.182430,16726400
2016-10-06,51.271233,51.377788,50.862765,51.271233,16212600
2016-10-07,51.368914,51.484351,50.987088,51.324516,20089000
2016-10-10,51.422184,51.848408,51.386664,51.537621,18196500
2016-10-11,51.404422,51.519859,50.516455,50.782845,26497400
2016-10-12,50.711819,50.853893,50.081363,50.711819,22177500
2016-10-13,50.347744,50.880523,50.010316,50.543095,25313700
2016-10-14,50.720690,51.271232,50.720690,50.987080,27402500
2016-10-17,50.933797,51.022593,50.498692,50.809483,23830000
2016-10-18,51.084751,51.457699,50.978196,51.200188,19149500
2016-10-19,51.031479,51.360026,50.969322,51.084755,22878400
2016-10-20,51.058128,51.075887,50.312235,50.836136,49455600
2016-10-21,53.526666,53.677623,52.825175,52.976128,80032200
2016-10-24,53.224758,54.166004,53.215879,54.166004,54067000
2016-10-25,54.032798,54.494541,53.988400,54.157116,35137200
2016-10-26,53.997282,54.343589,53.695374,53.837448,29911600
2016-10-27,53.819690,54.015044,53.357947,53.366825,28479900
2016-10-28,53.286913,53.739778,52.905090,53.162598,33574700
2016-10-31,53.420114,53.650984,53.207001,53.207001,26434700
2016-11-01,53.251390,53.295787,52.612052,53.100433,24533000
2016-11-02,53.118195,53.215872,52.656452,52.771889,22147000
2016-11-03,52.860695,52.958372,52.487750,52.576546,21600400
2016-11-04,52.079277,52.638694,51.963841,52.132553,28697000
2016-11-07,53.082676,53.739773,53.082676,53.650974,31664800
2016-11-08,53.766424,53.970657,53.411240,53.695389,22935400
2016-11-09,53.278052,53.801953,52.567678,53.429005,49632500
2016-11-10,53.704261,53.713142,51.173555,52.123680,57822400
2016-11-11,51.706323,52.496613,51.510969,52.407818,38767800
2016-11-14,52.407834,52.461113,50.862769,51.608662,41328400
2016-11-15,52.145038,53.182038,52.136096,52.627777,35904100
2016-11-16,52.690351,53.334008,52.574138,53.325069,27332500
2016-11-17,54.004475,54.487217,53.611131,54.210087,32132700
2016-11-18,54.335257,54.657085,53.906154,53.950851,27686300
2016-11-21,54.084941,54.505106,54.013422,54.406769,19652600
2016-11-22,54.514051,54.764361,54.362079,54.639206,23206700
2016-11-23,54.540869,54.621326,53.861456,53.995552,21848900
2016-11-25,53.906147,54.111759,53.754175,54.111759,8409600
2016-11-28,53.941910,54.549807,53.825693,54.183281,20732600
2016-11-29,54.219037,54.898450,54.102821,54.612381,22366700
2016-11-30,54.406774,54.692842,53.834636,53.870392,34655400
2016-12-01,53.736299,53.772059,52.690357,52.922791,34542100
2016-12-02,52.815522,53.164169,52.565210,52.967495,25515700
2016-12-05,53.369770,54.165399,53.244615,53.834633,23552700
2016-12-06,54.022361,54.049179,53.459162,53.593258,19907000
2016-12-07,53.646892,54.871628,53.459160,54.862686,30809000
2016-12-08,54.800106,55.050419,54.388883,54.540855,21220800
2016-12-09,54.692844,55.416958,54.648147,55.399078,27349400
2016-12-12,55.264975,55.694078,55.175580,55.577862,20198100
2016-12-13,55.872872,56.695319,55.640442,56.301975,35718900
2016-12-14,56.319859,56.722145,55.899694,56.033791,30352700
2016-12-15,56.051660,56.453946,55.694073,55.944386,27669900
2016-12-16,56.275152,56.275152,55.533159,55.694073,42453100
2016-12-19,55.926513,57.008211,55.801355,56.874115,34338200
2016-12-20,56.936694,57.035031,56.346676,56.802601,26028400
2016-12-21,56.704264,56.945635,56.427133,56.802601,17096300
2016-12-22,57.070778,57.303208,56.686373,56.811527,22176600
2016-12-23,56.722141,56.802598,56.141061,56.534409,12403800
2016-12-27,56.507590,57.276402,56.507590,56.570168,11763200
2016-12-28,56.677443,56.677443,56.167882,56.310917,14653300
2016-12-29,56.194705,56.498654,56.078489,56.230465,10250600
2016-12-30,56.284089,56.310910,55.452700,55.551037,25579900
2017-01-03,56.132118,56.176815,55.542100,55.944386,20694100
2017-01-04,55.854987,56.096358,55.533159,55.694073,21340000
2017-01-05,55.595736,56.015901,55.452702,55.694073,24876000
2017-01-06,55.694092,56.453965,55.461662,56.176834,19922900
2017-01-09,56.105318,56.391390,55.908648,55.998043,20382700
2017-01-10,56.078477,56.382426,55.676192,55.980141,18593000
2017-01-11,55.971213,56.525471,55.810299,56.489712,21517300
2017-01-12,56.373507,56.677456,55.381204,55.971222,20968200
2017-01-13,55.980140,56.203631,55.738769,56.051659,19422300
2017-01-17,56.033789,56.051669,55.452710,55.899693,20664000
2017-01-18,56.024855,56.051677,55.533175,55.872883,19670100
2017-01-19,55.640437,56.301970,55.604678,55.694073,18451700
2017-01-20,56.024852,56.158948,55.756663,56.087433,30213500
2017-01-23,56.051666,56.427130,55.935450,56.284096,23097600
2017-01-24,56.498653,56.981395,56.266219,56.784721,24672900
2017-01-25,57.169136,57.303229,56.722153,56.927765,23672700
2017-01-26,57.321111,57.696575,56.811547,57.455200,43554600
2017-01-27,58.456423,58.921289,58.009440,58.805069,44818000
2017-01-30,58.724625,58.814020,57.928995,58.223999,31651400
2017-01-31,57.982639,58.241890,57.446260,57.794907,25270500
2017-02-01,57.535656,57.768089,56.740027,56.838364,39671500
2017-02-02,56.543344,56.686378,56.096361,56.471825,45827000
2017-02-03,56.766851,56.945645,56.382445,56.927765,30301800
2017-02-06,56.766840,56.900936,56.445011,56.891994,19796400
2017-02-07,56.981392,57.017149,56.525468,56.704262,20277200
2017-02-08,56.829414,57.043967,56.516527,56.623802,18096400
2017-02-09,56.784732,57.607183,56.605938,57.267471,22644400
2017-02-10,57.437313,57.482014,57.195942,57.213821,18170700
2017-02-13,57.428376,57.982638,57.330039,57.857483,22920100
2017-02-14,57.929432,58.208239,57.578665,58.073330,23108400
2017-02-15,58.010369,58.073326,57.704581,58.037350,17005200
2017-02-16,58.226228,58.675921,57.956417,58.028362,20546300
2017-02-17,57.983396,58.181262,57.830502,58.118305,21248800
2017-02-21,58.109306,58.415094,57.965401,58.001377,20655900
2017-02-22,57.857488,57.911449,57.605661,57.884468,19292700
2017-02-23,57.938424,58.217238,57.731569,58.118305,20273100
2017-02-24,58.037357,58.280195,57.686597,58.118305,21796800
2017-02-27,58.046347,58.046347,57.605650,57.767540,15871500
2017-02-28,57.632635,57.740557,57.344828,57.542694,23239800
2017-03-01,57.677598,58.451070,57.578665,58.406105,26937500
2017-03-02,58.181250,58.235211,57.452747,57.569668,24539600
2017-03-03,57.551695,57.812514,57.218920,57.785534,18135900
2017-03-06,57.533701,58.064335,57.389799,57.803513,18750300
2017-03-07,57.731582,58.262216,57.731582,57.920452,18521000
2017-03-08,57.794517,58.532013,57.785522,58.451065,21510900
2017-03-09,58.630948,58.639937,57.992385,58.217232,19846800
2017-03-10,58.559000,58.693909,58.235220,58.397110,19538200
2017-03-13,58.469072,58.630961,58.073340,58.199253,20100000
2017-03-14,58.037354,58.055345,57.695590,57.929432,14280200
2017-03-15,58.055355,58.388123,57.785537,58.235229,24833800
2017-03-16,58.235221,58.244216,57.830500,58.136288,20674300
2017-03-17,58.379116,58.675908,58.172254,58.343140,49219700
2017-03-20,58.379125,58.621956,58.208240,58.397110,14598100
2017-03-21,58.630955,58.909762,57.677601,57.749554,26640500
2017-03-22,57.668615,58.585986,57.668615,58.487053,20680000
2017-03-23,58.406096,58.675908,58.253196,58.343140,19269200
2017-03-24,58.783834,58.864775,58.244204,58.442070,22617100
2017-03-27,58.127294,58.657936,57.875468,58.550007,18614700
2017-03-28,58.424099,58.882787,58.145291,58.720898,20080400
2017-03-29,58.567987,58.909751,58.415086,58.882771,13618400
2017-03-30,58.837810,59.341471,58.783849,59.098633,15122800
2017-03-31,59.044666,59.530335,58.864784,59.233536,21040300
2017-04-03,59.188559,59.305483,58.630944,58.954723,20400900
2017-04-04,58.810832,59.188572,58.711899,59.116627,12997400
2017-04-05,59.629273,59.674238,58.855800,58.963722,21448600
2017-04-06,58.999702,59.413419,58.891780,59.116627,18103500
2017-04-07,59.224557,59.323490,58.855812,59.071663,14108500
2017-04-10,59.008701,59.197571,58.783855,58.936749,17952700
2017-04-11,58.999699,59.008695,58.325160,58.891777,18791500
2017-04-12,58.837791,58.918739,58.558983,58.666912,17108500
2017-04-13,58.720899,59.233548,58.415104,58.415104,17896500
2017-04-17,58.496045,58.900766,58.469065,58.891777,16689300
2017-04-18,58.756876,59.098640,58.603982,58.810837,15155600
2017-04-19,59.044674,59.134611,58.361139,58.496048,26992800
2017-04-20,58.873776,59.134598,58.585973,58.909752,22299500
2017-04-21,59.062661,59.989027,58.864795,59.719215,32522600
2017-04-24,60.690554,60.852444,60.348783,60.735519,29770000
2017-04-25,61.068288,61.194202,60.798470,61.086273,30242700
2017-04-26,61.230176,61.437030,60.816459,61.005329,26190800
2017-04-27,61.293148,61.500003,60.780498,61.401070,34971000
2017-04-28,61.976684,62.183539,60.879433,61.571957,39548800
2017-05-01,61.769803,62.552271,61.607913,62.426357,31954400
2017-05-02,62.696171,62.696171,62.174526,62.327427,23906100
2017-05-03,62.399366,62.399366,61.796780,62.129555,28928000
2017-05-04,62.084585,62.129557,61.733825,61.886719,21749400
2017-05-05,61.967688,62.084605,61.598936,62.057625,19128800
2017-05-08,62.030650,62.102603,61.535985,62.003670,18566100
2017-05-09,61.931704,62.309444,61.769814,62.093594,22858400
2017-05-10,62.048607,62.561257,61.985651,62.336411,17977800
2017-05-11,61.482019,61.814795,61.266169,61.571957,28789400
2017-05-12,61.706854,61.706854,61.194205,61.499992,18714100
2017-05-15,61.284126,61.589921,60.771477,61.544949,31530300
2017-05-16,61.716825,62.811319,61.653507,62.784184,34956000
2017-05-17,62.313828,62.503781,60.993199,61.038429,30548800
2017-05-18,60.966070,61.626381,60.730887,61.246475,25201300
2017-05-19,61.056517,61.599240,60.993200,61.228382,26961100
2017-05-22,61.409292,61.961062,61.056521,61.915833,16237600
2017-05-23,62.160042,62.187177,61.852494,62.123859,15425800
2017-05-24,62.295736,62.304777,61.915824,62.205276,14593900
2017-05-25,62.386180,63.209308,62.331909,62.974133,21854100
2017-05-26,63.136958,63.516864,62.883681,63.281681,19827900
2017-05-30,63.127910,63.688728,63.109816,63.688728,17072800
2017-05-31,63.797273,63.987226,63.146003,63.173138,30436400
2017-06-01,63.534949,63.869632,62.820361,63.408314,21603600
2017-06-02,63.715880,65.000327,63.534968,64.909874,34770300
2017-06-05,65.099821,65.931997,64.955091,65.380226,33316800
2017-06-06,65.398297,65.687750,65.371155,65.597290,31511100
2017-06-07,65.705841,65.823429,65.081706,65.479706,22301800
2017-06-08,65.588258,65.597299,64.674670,65.081711,24588300
2017-06-09,65.163138,65.199321,62.042467,63.607327,49187400
2017-06-12,62.639441,63.263577,61.626353,63.118847,47761700
2017-06-13,63.335946,64.059582,63.281676,63.905811,25258600
2017-06-14,64.141001,64.312859,62.802277,63.562088,25510700
2017-06-15,62.657525,63.507796,62.232397,63.227390,26068700
2017-06-16,63.073640,63.344999,62.612323,63.317863,48345100
2017-06-19,63.770122,64.168123,63.634440,64.104805,23798300
2017-06-20,64.059575,64.104805,63.200264,63.236446,21512200
2017-06-21,63.507818,63.878683,63.263595,63.562088,19891100
2017-06-22,63.806321,63.851544,63.055551,63.553051,22965700
2017-06-23,63.399250,64.448521,63.245480,64.412338,27617300
2017-06-26,64.584209,64.864615,63.715851,63.797256,19607000
2017-06-27,63.417363,63.480681,62.576140,62.603275,25215100
2017-06-28,62.603276,63.173135,62.223371,63.136959,25806200
2017-06-29,62.757044,62.856544,61.590186,61.952003,28918700
2017-06-30,62.214312,62.757035,62.178130,62.349995,24161100
2017-07-03,62.711811,62.956034,61.526858,61.662540,16165500
2017-07-05,61.743949,62.811307,61.707766,62.485672,21176300
2017-07-06,61.753003,62.214321,61.617328,62.024368,21117600
2017-07-07,62.141965,63.173141,62.141965,62.829418,16878300
2017-07-10,62.829424,63.544012,62.594242,63.299789,15014500
2017-07-11,63.317836,63.932923,63.091701,63.308788,17460000
2017-07-12,63.941990,64.475666,63.815355,64.358078,17750900
2017-07-13,64.674669,65.163122,64.502804,64.918892,20269800
2017-07-14,65.344013,66.275689,65.090743,65.832466,25868100
2017-07-17,65.850590,66.438536,65.778225,66.348083,21803900
2017-07-18,66.112920,66.384285,65.723973,66.302879,26435300
2017-07-19,66.483737,66.972190,66.438507,66.809372,22416200
2017-07-20,67.098850,67.207398,66.284762,67.135033,42361000
2017-07-21,66.438539,67.198357,66.185268,66.746086,46717100
2017-07-24,66.510901,66.709901,66.149083,66.574219,21394800
2017-07-25,66.755132,67.216443,66.483767,67.107903,22018700
2017-07-26,67.243573,67.279755,66.764167,66.981262,16252200
2017-07-27,66.718939,67.315933,65.416398,66.176216,36844200
2017-07-28,65.732990,66.311896,65.615402,66.067673,18306700
2017-07-31,66.302854,66.429489,65.497813,65.760124,23600100
2017-08-01,66.121931,66.411384,65.570161,65.651573,22132300
2017-08-02,65.624447,65.633487,64.620406,65.362129,26499200
2017-08-03,65.298809,65.524944,64.991262,65.262627,18214400
2017-08-04,65.488757,66.067663,65.344027,65.742027,22579000
2017-08-07,65.850610,65.941063,65.362157,65.488792,18705700
2017-08-08,65.208347,66.149070,64.900807,65.841530,22044600
2017-08-09,65.353101,65.588284,65.172195,65.552101,22213400
2017-08-10,65.036516,65.298833,64.539015,64.593292,24734500
2017-08-11,64.774160,65.760106,64.475660,65.579201,21443700
2017-08-14,66.085750,66.682750,65.986249,66.565155,20096600
2017-08-15,66.919825,66.919825,66.419681,66.583366,19181400
2017-08-16,66.692474,67.383590,66.537885,66.974380,18150400
2017-08-17,66.910738,67.174453,65.837692,65.837692,22977500
2017-08-18,65.719457,66.237792,65.410278,65.919518,18761500
2017-08-21,65.901331,65.910427,65.201120,65.610336,17734800
2017-08-22,65.792230,66.601560,65.792230,66.528816,14343700
2017-08-23,66.346899,66.519680,65.955874,66.128654,13766500
2017-08-24,66.146843,66.255969,65.537574,66.101379,17098300
2017-08-25,66.255995,66.701580,65.910441,66.219620,12794300
2017-08-28,66.437832,66.465112,65.974064,66.228683,14569700
2017-08-29,65.701304,66.528825,65.519434,66.428795,11478400
2017-08-30,66.392398,67.483627,66.228712,67.301758,16897800
2017-08-31,67.319919,68.165624,67.110770,67.992844,27652800
2017-09-01,67.938279,67.965559,66.965265,67.238075,21736200
2017-09-05,66.692465,67.192616,66.365102,66.937996,21556000
2017-09-06,67.056173,67.328984,66.701523,66.746994,16535800
2017-09-07,67.001655,67.838265,66.928905,67.601830,17471200
2017-09-08,67.592757,67.692788,67.147166,67.274483,14703800
2017-09-11,67.574541,68.147442,67.574541,67.983757,17910400
2017-09-12,67.983746,68.420235,67.629096,67.910995,14394900
2017-09-13,68.138363,68.411174,67.792808,68.392982,13380800
2017-09-14,68.201999,68.647584,67.765504,67.992844,15733900
2017-09-15,68.047421,68.556660,67.356305,68.483910,38578400
2017-09-18,68.411181,69.084106,68.238401,68.347527,23307000
2017-09-19,68.392979,68.847659,68.211110,68.602135,16093300
2017-09-20,68.520295,68.702171,67.574560,68.147461,21587900
2017-09-21,68.302038,68.420252,67.392677,67.483612,19186100
2017-09-22,67.283560,67.756431,67.156250,67.665497,14111400
2017-09-25,67.374492,67.519993,66.310542,66.619728,24149200
2017-09-26,66.992562,67.119872,66.374197,66.619728,18019600
2017-09-27,66.883454,67.447253,66.537892,67.156258,19565100
2017-09-28,66.874348,67.265373,66.665192,67.174438,10883800
2017-09-29,67.238092,67.783706,67.183525,67.738235,17079100
2017-10-02,67.938324,68.211135,67.565490,67.847389,15304800
2017-10-03,67.901925,68.092890,67.465436,67.529091,12190400
2017-10-04,67.374499,67.947400,67.028944,67.920120,13317700
2017-10-05,68.402094,69.220520,68.165658,69.084114,21195300
2017-10-06,68.811283,69.138654,68.693069,69.111374,13959800
2017-10-09,69.084104,69.611535,68.984074,69.375099,11386500
2017-10-10,69.411474,69.684278,69.238694,69.375099,13944500
2017-10-11,69.438750,69.529684,69.065909,69.493309,15388900
2017-10-12,69.556928,70.284419,69.447810,70.129829,16876500
2017-10-13,70.557266,70.811893,70.284462,70.466331,15335700
2017-10-16,70.402661,70.757310,70.339006,70.611816,12380100
2017-10-17,70.448125,70.584530,70.248064,70.557243,16824000
2017-10-18,70.630014,70.793699,70.357210,70.575455,13300700
2017-10-19,70.539080,70.866451,70.339020,70.848267,15092800
2017-10-20,71.221080,71.812165,71.130145,71.666664,22866400
2017-10-23,71.830354,72.148629,71.621205,71.684860,20627200
2017-10-24,71.748511,72.021314,71.348390,71.712135,17517200
2017-10-25,71.457512,71.930376,70.939177,71.502975,20410800
2017-10-26,72.021314,72.221375,71.612105,71.621201,32120700
2017-10-27,76.722732,78.386856,76.031616,76.213486,71066700
2017-10-30,76.113436,76.686337,75.576917,76.286217,31756700
2017-10-31,76.713640,76.713640,75.576940,75.640594,27086600
2017-11-01,76.095275,76.168025,75.367784,75.640594,22307400
2017-11-02,75.795161,76.804551,75.586012,76.431717,23992900
2017-11-03,76.458998,76.877303,75.840633,76.513557,17633500
2017-11-06,76.568113,77.022793,76.458995,76.813644,19860900
2017-11-07,77.086440,77.204661,76.322581,76.631760,17939700
2017-11-08,76.513563,76.940963,76.231664,76.895493,18034200
2017-11-09,76.486300,76.631794,75.385975,76.468109,21178400
2017-11-10,76.195278,76.477177,75.686038,76.268028,19397800
2017-11-13,76.077047,76.331666,75.895171,76.322571,14196900
2017-11-14,75.931566,76.477181,75.458702,76.431717,18801300
2017-11-15,76.285499,76.486564,75.572637,75.837677,19383100
2017-11-16,75.947351,76.239807,75.801126,76.038742,20962800
2017-11-17,75.965631,75.965631,75.161370,75.307602,22079000
2017-11-20,75.307599,75.481240,75.170508,75.426407,16315000
2017-11-21,75.618333,76.623651,75.618333,76.513985,21237500
2017-11-22,76.614518,76.678493,75.892515,75.956490,20553100
2017-11-24,75.865093,76.248940,75.654886,76.093575,7425600
2017-11-27,76.139273,76.751610,76.130139,76.651077,18265200
2017-11-28,76.833849,77.738634,76.788149,77.574127,21926000
2017-11-29,77.418777,77.610701,76.020470,76.166695,27381100
2017-11-30,76.322066,77.245128,76.166694,76.925255,33054600
2017-12-01,76.404304,77.510155,76.057015,77.007500,29532100
2017-12-04,77.153709,77.162850,73.753900,74.101196,39094900
2017-12-05,74.338840,75.563506,74.009833,74.567322,26152300
2017-12-06,74.530750,75.983891,74.421077,75.654877,26162100
2017-12-07,75.435569,75.673192,74.942047,75.389870,23184500
2017-12-08,76.431705,77.299940,76.157531,76.916092,24489100
2017-12-11,77.034911,78.021954,76.879545,77.894005,22857900
2017-12-12,77.967126,78.643437,77.756926,78.213890,23924100
2017-12-13,78.360101,78.597724,77.839163,78.003670,22062700
2017-12-14,78.076802,78.478932,77.254266,77.400497,19306000
2017-12-15,77.921424,79.593906,77.574128,79.374565,53936700
2017-12-18,79.621326,79.968616,78.807931,78.945015,22283800
2017-12-19,78.917584,78.917584,77.930541,78.442345,23524800
2017-12-20,78.780528,78.871927,77.418779,78.159058,23674900
2017-12-21,78.643433,78.689125,78.049379,78.140770,17990700
2017-12-22,78.049377,78.259577,77.610689,78.149910,14145800
2017-12-26,77.967113,78.168178,77.711214,78.049370,9891200
2017-12-27,78.277862,78.579459,77.884873,78.332695,14678000
2017-12-28,78.506342,78.533759,78.186469,78.341835,10594300
2017-12-29,78.259572,78.643427,78.140764,78.177322,18717400
2018-01-02,78.716547,78.881054,78.140776,78.552040,22483800
2018-01-03,78.652563,79.063834,78.570313,78.917603,26061400
2018-01-04,79.136937,80.114845,79.118661,79.612183,21912000
2018-01-05,80.114855,80.800301,79.904649,80.599236,23407100
2018-01-08,80.608365,80.955661,80.060010,80.681480,22113000
2018-01-09,81.019622,81.092737,80.297618,80.626633,19484300
2018-01-10,80.297643,80.599241,79.886379,80.261086,18652200
2018-01-11,80.544403,80.544403,79.731008,80.498711,17808900
2018-01-12,81.037933,82.052393,80.836868,81.887886,24271500
2018-01-16,82.344810,82.975421,80.434706,80.745438,36599700
2018-01-17,81.412618,82.509327,81.111020,82.381378,25621200
2018-01-18,82.070652,82.865764,81.942703,82.344826,24159700
2018-01-19,82.381390,82.810937,81.942709,82.253441,36875000
2018-01-22,82.253438,83.734002,82.015815,83.724861,23601600
2018-01-23,83.989891,84.355463,83.660877,83.989891,23412800
2018-01-24,84.583941,85.388194,83.697430,83.916771,33277500
2018-01-25,84.510846,85.214567,84.017324,84.382896,26383200
2018-01-26,85.104857,85.963943,84.611336,85.963943,29172200
2018-01-29,86.951029,87.234344,85.653254,85.836037,31569900
2018-01-30,85.269380,85.598394,84.172663,84.757576,38635100
2018-01-31,85.680664,87.188645,85.461324,86.832214,48756300
2018-02-01,86.631124,87.800949,85.525273,86.146744,47227900
2018-02-02,85.580108,85.881705,83.624305,83.880203,47867800
2018-02-05,82.765242,85.214567,80.425591,80.425591,51031500
2018-02-06,79.411132,83.606062,77.912292,83.468971,67998600
2018-02-07,82.701241,83.871066,81.522275,81.896988,41107600
2018-02-08,81.988386,82.143752,77.464450,77.692932,55628700
2018-02-09,78.871893,81.275518,76.614492,80.590073,63499100
2018-02-12,81.101890,82.052375,80.361611,81.458321,35720300
2018-02-13,81.275533,82.253434,80.242797,82.098068,26407700
2018-02-14,81.271673,83.548855,81.179853,83.383575,34960900
2018-02-15,83.750860,85.137374,83.209113,85.082283,27823900
2018-02-16,84.889477,85.853611,84.292639,84.476280,30596900
2018-02-20,83.998791,85.449574,83.567227,85.137383,30911700
2018-02-21,85.376134,85.725055,84.007980,84.007980,26922500
2018-02-22,84.522170,85.146560,83.888596,84.228340,24392800
2018-02-23,85.945387,86.376951,84.806796,86.367767,26329200
2018-02-26,86.679980,87.644107,86.542246,87.616562,30199800
2018-02-27,87.910413,88.002234,86.496353,86.496353,25869100
2018-02-28,87.083989,87.882843,85.972944,86.101494,31167300
2018-03-01,86.303515,86.836084,84.329340,85.256744,37135600
2018-03-02,84.090607,85.532212,83.429487,85.440392,32830400
2018-03-05,84.788451,86.560616,84.714998,85.982140,23901600
2018-03-06,86.624898,86.762632,85.339395,85.688316,22175800
2018-03-07,85.541392,86.257602,84.871088,86.184143,26716100
2018-03-08,86.560631,87.322756,86.101521,86.707550,25887800
2018-03-09,87.497191,88.644966,87.230906,88.644966,36937300
2018-03-12,88.608239,89.260174,88.185859,88.856155,26073700
2018-03-13,89.067358,89.287729,86.285152,86.689171,35387800
2018-03-14,87.341116,87.607401,85.853597,86.174973,32132000
2018-03-15,85.881129,86.845263,85.238378,86.477974,27611000
2018-03-16,86.937084,87.579835,86.239235,86.863625,49081300
2018-03-19,86.073950,86.220869,84.577254,85.293465,33344100
2018-03-20,85.440403,86.101515,85.394489,85.513855,23075200
2018-03-21,85.330211,86.358621,84.669092,84.917015,24457100
2018-03-22,83.805945,84.246694,82.327617,82.446983,38604700
2018-03-23,82.180709,83.062199,79.958617,80.050438,44068900
2018-03-26,83.199953,86.312720,83.007128,86.110710,56396800
2018-03-27,87.175842,87.359483,81.271685,82.153175,56569000
2018-03-28,82.474555,83.769249,81.602248,82.079720,52501100
2018-03-29,82.805105,84.742550,81.170674,83.805962,45867500
2018-04-02,83.071403,83.447869,80.353471,81.280869,48515400
2018-04-03,82.254177,82.685741,80.702382,82.373543,37213800
2018-04-04,80.665637,85.174101,80.555455,84.779266,35560000
2018-04-05,84.880278,85.458754,83.925328,84.825180,29771900
2018-04-06,84.007989,84.898664,82.162371,82.851036,38026000
2018-04-09,83.594771,85.550577,83.209120,83.346848,31533900
2018-04-10,84.834383,85.651599,84.145718,85.284309,26812000
2018-04-11,84.485452,85.660773,83.998796,84.347717,24872100
2018-04-12,84.871086,86.459609,84.871086,85.927040,26758900
2018-04-13,86.358624,86.477990,84.880288,85.467949,23346100
2018-04-16,86.376968,86.918721,85.780123,86.468788,20288100
2018-04-17,87.230937,88.644997,87.120748,88.213432,26771000
2018-04-18,88.351144,88.810255,87.708386,88.553154,21043300
2018-04-19,88.553129,89.131605,87.543081,88.250114,23552500
2018-04-20,88.066503,88.250144,86.358612,87.230919,31154400
2018-04-23,87.910397,88.415421,86.891172,87.552292,22331800
2018-04-24,88.369520,88.580713,84.852741,85.504677,34524800
2018-04-25,85.669945,85.669945,82.896917,84.760902,33729300
2018-04-26,85.899494,87.368645,85.486291,86.551430,42529000
2018-04-27,89.618287,89.893756,86.230059,87.983856,48272800
2018-04-30,88.452152,88.516427,85.532211,85.871948,41523600
2018-05-01,85.587304,87.497204,85.201653,87.230919,31408900
2018-05-02,87.221724,87.387004,85.568932,85.862762,27471000
2018-05-03,85.357751,87.166646,84.889457,86.376976,31142500
2018-05-04,85.688309,87.570664,85.321020,87.377838,22531300
2018-05-07,87.387024,88.801084,87.322749,88.351158,24242000
2018-05-08,88.011408,88.296061,87.286013,87.974678,23484600
2018-05-09,88.158323,89.039814,87.276832,89.012268,27327400
2018-05-10,89.489758,89.939684,89.113292,89.902962,22388100
2018-05-11,89.801949,89.866224,89.104099,89.710121,16778300
2018-05-14,89.912133,90.619167,89.352018,90.013138,19454100
2018-05-15,89.287731,89.847846,88.461332,89.361191,24594000
2018-05-16,89.785397,89.822286,89.102971,89.591736,17384700
2018-05-17,89.232075,89.951390,88.374428,88.697197,17246700
2018-05-18,88.540429,89.388851,88.540429,88.863197,17865800
2018-05-21,89.453418,90.384842,89.268981,90.006737,19422500
2018-05-22,90.080517,90.532393,89.637857,89.914520,15441200
2018-05-23,89.185959,91.048807,88.826301,90.984253,21251200
2018-05-24,91.048828,91.242490,89.278199,90.661499,26649300
2018-05-25,90.652289,91.279385,90.246519,90.707619,18363900
2018-05-29,90.228063,91.187152,89.665527,90.384842,28671000
2018-05-30,90.661486,91.528357,90.292612,91.251694,22158500
2018-05-31,91.565225,92.210762,90.938128,91.150230,34140900
2018-06-01,91.556038,93.013116,91.454596,92.948563,28655600
2018-06-04,93.381988,93.935306,93.003882,93.760086,27281600
2018-06-05,94.064434,94.368762,93.630999,94.239655,23514400
2018-06-06,94.507072,94.617731,93.972194,94.516289,21122900
2018-06-07,94.663846,94.700735,92.570447,93.031548,28232200
2018-06-08,93.225217,94.018309,92.718011,93.723206,22165100
2018-06-11,93.151466,93.686337,92.837914,93.188354,23490900
2018-06-12,93.234424,93.557193,92.911656,93.428085,18325200
2018-06-13,93.806215,94.073654,92.736460,93.003899,29492900
2018-06-14,93.741650,94.092084,93.142219,93.529541,25691800
2018-06-15,93.612530,93.630971,92.284560,92.339890,65738600
2018-06-18,92.229261,93.243680,91.685159,93.013130,23586000
2018-06-19,91.897269,93.142238,91.758937,93.013130,28653100
2018-06-20,93.483427,94.543951,93.252877,93.944527,26180800
2018-06-21,94.138210,94.488644,93.031565,93.271339,23198200
2018-06-22,92.598137,92.930123,91.878815,92.598137,38923100
2018-06-25,92.220003,92.321445,89.730065,90.735260,35433300
2018-06-26,91.131823,92.293797,91.067270,91.371597,26897200
2018-06-27,91.832674,92.238437,89.822278,89.951385,31298400
2018-06-28,89.803861,91.399271,89.693202,90.956612,26650700
2018-06-29,91.233268,92.137027,90.679949,90.938164,28053200
2018-07-02,90.467842,92.275354,90.375624,92.229248,19564500
2018-07-03,92.662687,92.801012,91.242498,91.343941,14670300
2018-07-05,91.758914,92.146236,91.325479,91.998688,18977400
2018-07-06,92.118574,93.538763,91.915689,93.289772,19234600
2018-07-09,93.741634,94.294953,93.372753,93.926071,18212000
2018-07-10,94.064390,94.534714,93.935283,94.175056,19293100
2018-07-11,93.280532,94.377945,93.234419,94.045959,19644600
2018-07-12,94.774493,96.286908,94.737611,96.084023,24335900
2018-07-13,96.250040,97.384342,95.991818,97.227570,24635200
2018-07-16,97.199885,97.587207,96.388344,96.748009,21786900
2018-07-17,96.471363,98.214320,96.203924,97.707108,25901700
2018-07-18,97.697885,97.799327,96.572799,96.941681,29493900
2018-07-19,96.766460,97.116893,95.807371,96.277695,40171600
2018-07-20,99.671400,99.782059,97.826999,98.002213,56004000
2018-07-23,98.029859,99.726703,97.873079,99.569931,29707000
2018-07-24,100.123271,100.353821,98.915191,99.284073,26316600
2018-07-25,99.560734,102.502555,99.228741,102.207451,30702100
2018-07-26,102.124466,102.364240,100.980940,101.091606,31372100
2018-07-27,101.608006,101.608006,97.882317,99.302505,37005300
2018-07-30,98.850630,99.164174,96.609683,97.172226,34668300
2018-07-31,98.205071,98.417180,97.181429,97.826973,27655200
2018-08-01,97.780879,98.168201,97.218336,98.011429,23628700
2018-08-02,97.199900,99.680614,96.683463,99.201073,26104300
2018-08-03,99.413165,99.643715,98.509406,99.634491,18659600
2018-08-06,99.708282,99.984938,99.191845,99.717499,20265900
2018-08-07,100.114053,100.612042,99.754395,100.409157,16080200
2018-08-08,100.824139,101.211461,100.298485,100.971687,15487500
2018-08-09,101.174577,101.589571,101.073134,101.137688,13677200
2018-08-10,100.907136,101.156134,99.948047,100.519814,18183700
2018-08-13,100.741148,101.054699,99.689840,99.791283,18472500
2018-08-14,100.114047,101.211468,99.634506,101.036247,16788300
2018-08-15,100.434504,100.897378,98.888505,99.666138,29982800
2018-08-16,100.258634,100.777051,99.332885,99.647636,21384300
2018-08-17,99.388421,99.888326,98.768171,99.592087,18061500
2018-08-20,99.527286,99.888327,98.573765,98.934807,17914200
2018-08-21,98.981070,99.379142,97.990518,98.110870,22881900
2018-08-22,97.990532,99.369896,97.925730,99.110687,18000600
2018-08-23,99.194002,100.147522,98.934793,99.573555,18167700
2018-08-24,99.675381,100.499297,99.573548,100.351181,17234000
2018-08-27,101.156575,101.499105,100.453011,101.462074,19662300
2018-08-28,101.776865,102.295283,101.638002,102.073105,19151500
2018-08-29,102.248960,103.711644,102.082324,103.702385,20818000
2018-08-30,103.378418,104.248625,103.165500,103.637627,22798700
2018-08-31,103.396916,104.405979,103.239534,103.989395,23222700
2018-09-04,102.619268,103.646850,102.036049,103.415413,22634600
2018-09-05,102.767385,103.146939,100.073453,100.434494,32872400
2018-09-06,100.212340,100.897392,99.527287,100.665955,23477600
2018-09-07,100.193835,100.647450,99.268086,100.175316,22498600
2018-09-10,100.758502,101.499104,100.314147,101.258408,20727900
2018-09-11,100.814067,103.304327,100.804807,102.980316,24301800
2018-09-12,103.156204,103.545017,102.304517,103.415413,18891100
2018-09-13,103.794986,105.285443,103.794986,104.526329,26055600
2018-09-14,104.942904,105.285434,104.091217,104.952164,19122300
2018-09-17,105.248406,105.257658,103.554283,103.813492,20736500
2018-09-18,103.859778,105.257654,103.424675,104.804039,22170900
2018-09-19,104.655933,104.905882,102.795175,103.406166,21728400
2018-09-20,103.943074,105.350216,103.619063,105.137291,23714500
2018-09-21,105.535381,106.729598,105.081766,105.776077,71229700
2018-09-24,104.637397,106.368550,103.887542,106.155624,27334500
2018-09-25,106.275998,106.553719,105.303959,105.951981,22668000
2018-09-26,105.970491,106.516680,105.294691,105.516876,19352000
2018-09-27,106.257470,106.377822,105.720534,105.914948,19091300
2018-09-28,105.711287,106.063069,105.239153,105.877922,21647800
2018-10-01,106.229704,107.090651,106.211192,107.025848,18883100
2018-10-02,106.738885,107.238784,105.942740,106.600021,20787200
2018-10-03,106.849937,107.553508,106.396322,106.618500,16648000
2018-10-04,106.100108,106.238972,103.341373,104.415245,34821700
2018-10-05,104.267112,104.767017,102.424873,103.804237,29068900
2018-10-08,103.369116,103.711639,101.221372,102.619255,29640600
2018-10-09,102.887742,104.683697,102.572991,103.924583,26198600
2018-10-10,102.980319,103.221016,97.934990,98.277519,61376300
2018-10-11,97.527657,100.841840,96.463045,98.046082,63904300
2018-10-12,100.915894,102.980310,99.166229,101.434311,47742100
2018-10-15,100.823324,101.351001,99.008850,99.610588,32068100
2018-10-16,101.406555,103.137709,100.860360,102.758148,31610200
2018-10-17,103.387647,103.507992,101.415805,102.489670,26548200
2018-10-18,101.924976,102.323049,99.823529,100.443779,32506200
2018-10-19,100.841838,102.628533,100.175297,100.591888,32785500
2018-10-22,101.202888,102.332303,100.203078,101.489868,26545600
2018-10-23,99.767980,100.878883,97.305491,100.073479,43770400
2018-10-24,100.360456,100.434511,94.046841,94.722641,63897800
2018-10-25,98.638560,101.156592,98.268259,100.258621,61646800
2018-10-26,97.842422,100.675211,96.981475,99.018120,55523100
2018-10-29,100.082739,100.628928,94.083882,96.139046,55162000
2018-10-30,95.963167,96.629701,92.676755,96.027969,65350900
2018-10-31,97.610985,100.110505,97.564695,98.879257,51062400
2018-11-01,99.101445,99.351394,97.694302,98.055344,33384200
2018-11-02,98.573759,99.351384,97.185135,98.277519,37680200
2018-11-05,98.471929,99.740201,98.036826,99.527283,27922100
2018-11-06,99.406914,100.758506,98.388591,99.721672,24340200
2018-11-07,101.313981,103.906074,101.276950,103.646866,37901700
2018-11-08,103.498744,103.878297,102.674828,103.452454,25644100
2018-11-09,102.619268,103.174716,100.684457,101.434311,32039200
2018-11-12,101.295463,101.795368,98.221976,98.934807,33621800
2018-11-13,99.564311,100.665947,98.721876,98.999603,35374600
2018-11-14,100.505798,100.654561,97.130814,97.595688,39495100
2018-11-15,97.614283,100.226881,96.610161,99.743408,38505200
2018-11-16,99.557440,101.230982,99.297111,100.682434,33502100
2018-11-19,100.663863,100.933491,96.275456,97.270287,44773900
2018-11-20,94.648371,95.736174,92.370483,94.564690,64052500
2018-11-21,96.321931,97.093623,95.057472,95.866356,28130600
2018-11-23,94.992388,96.517174,94.834332,95.829163,13823100
2018-11-26,97.428341,99.139074,97.233094,98.990318,32336200
2018-11-27,98.804352,99.789890,97.958285,99.613235,29124500
2018-11-28,100.310547,103.508883,100.282655,103.313637,46788500
2018-11-29,102.579108,103.313610,101.370433,102.448944,28123200
2018-11-30,102.923153,103.174189,101.677294,103.099808,33665600
2018-12-03,105.061551,105.452044,102.951026,104.215477,34732800
2018-12-04,104.076023,104.726844,100.608059,100.896278,45197000
2018-12-06,98.385964,101.565702,97.623571,101.519218,49107400
2018-12-07,100.766109,101.760939,96.972741,97.456207,45044900
2018-12-10,97.437625,100.394225,96.591550,100.031616,40801500
2018-12-11,102.086382,103.155587,99.892175,100.961380,42381900
2018-12-12,103.099773,103.453075,101.379740,101.416931,36183000
2018-12-13,101.881812,103.081188,100.998547,101.760941,31333400
2018-12-14,100.645257,101.584305,98.088449,98.581215,47043100
2018-12-17,98.004766,98.367367,94.564693,95.661797,56957300
2018-12-18,96.461378,97.167989,95.317785,96.665924,49319200
2018-12-19,96.368418,99.371502,94.229994,96.405609,68198200
2018-12-20,95.810582,96.982060,91.840552,94.378769,70334200
2018-12-21,94.490316,95.764074,90.613268,91.329178,111242100
2018-12-24,90.817821,91.087449,87.377755,87.517212,43935200
2018-12-26,88.456264,93.616370,87.359161,93.495499,51634800
2018-12-27,92.324013,94.081237,89.627742,94.071938,49498500
2018-12-28,94.917987,95.215513,92.528534,93.337418,38196300
2018-12-31,94.174219,95.206240,93.383934,94.434547,33173800
2019-01-02,92.556447,94.601890,91.989300,94.016151,35329300
2019-01-03,93.067821,93.151502,90.371549,90.557503,42579100
2019-01-04,92.714521,95.308520,91.980019,94.769264,44060600
2019-01-07,94.499629,96.015116,93.885999,94.890121,35656100
2019-01-08,95.801278,96.665944,94.564711,95.578140,31514400
2019-01-09,96.563684,97.512025,95.987238,96.944878,32280800
2019-01-10,95.968636,96.461401,95.187643,96.321938,30067600
2019-01-11,95.940742,96.173179,94.499629,95.578140,28314200
2019-01-14,94.741365,95.643222,94.146327,94.880829,28437100
2019-01-15,95.308495,97.670057,94.722749,97.632866,31587600
2019-01-16,97.865302,98.795051,97.586375,97.976868,29853900
2019-01-17,97.623596,99.139084,97.400458,98.664917,28393000
2019-01-18,99.910751,100.319843,98.469646,100.143188,37427600
2019-01-22,99.250644,99.576055,97.493420,98.255814,32371300
2019-01-23,98.664907,99.520274,97.939697,99.213455,25874300
2019-01-24,99.352903,99.483067,97.939681,98.739265,23164800
2019-01-25,99.706188,100.301226,98.739249,99.641106,31225600
2019-01-28,98.795063,98.999609,97.307467,97.697960,29476700
2019-01-29,97.512005,97.595686,94.992388,95.708298,31490500
2019-01-30,97.270264,98.906616,97.000637,98.906616,49471900
2019-01-31,96.507881,97.828122,95.931435,97.093620,55636400
2019-02-01,96.489280,96.786800,95.159740,95.559532,35535700
2019-02-04,95.643211,98.367374,95.550231,98.311584,31315100
2019-02-05,98.609118,99.734113,98.516145,99.687630,27325400
2019-02-06,99.483072,99.483072,98.116341,98.581215,20609800
2019-02-07,97.800206,98.172099,96.963431,97.874580,29760700
2019-02-08,97.056414,98.348763,96.935549,98.246490,21461100
2019-02-11,98.739276,99.092585,97.595690,97.856018,18914100
2019-02-12,98.683495,99.613243,98.069864,99.380806,25056600
2019-02-13,99.947948,100.208276,99.213446,99.306419,18394900
2019-02-14,98.841551,99.752708,98.237220,99.390106,21784700
2019-02-15,100.329136,100.691737,99.817771,100.617355,26606900
2019-02-19,100.217568,101.026451,100.208268,100.570869,18038500
2019-02-20,100.710921,100.785620,99.244982,100.047981,21607700
2019-02-21,99.814566,102.223563,99.786556,102.158203,29063200
2019-02-22,102.755772,103.829543,102.541014,103.614792,27763200
2019-02-25,104.352448,104.744608,103.885588,104.193710,23750600
2019-02-26,103.885592,105.734352,103.801554,104.912682,21536700
2019-02-27,104.287079,104.912669,103.530762,104.735260,21487100
2019-02-28,104.613900,105.398221,104.324449,104.604561,29083900
2019-03-01,105.407543,105.528924,104.268405,105.071404,23501200
2019-03-04,105.528927,105.743685,103.456076,104.819305,26608000
2019-03-05,104.809958,104.940678,103.857568,104.296410,19538300
2019-03-06,104.455150,105.192789,104.044312,104.343102,17687000
2019-03-07,104.016285,104.156344,102.587696,103.073227,25339000
2019-03-08,101.924753,103.372013,101.588614,103.185272,22818400
2019-03-11,103.633470,105.463558,103.624138,105.351517,26491600
2019-03-12,105.342179,106.434629,105.183449,106.089157,26132700
2019-03-13,106.565349,107.377687,106.238549,106.910828,35513800
2019-03-14,106.948184,107.564435,106.752104,106.994865,30763400
2019-03-15,107.695137,109.478544,106.994848,108.227364,54681100
2019-03-18,108.470121,109.814678,108.358079,109.777328,31207600
2019-03-19,110.262882,110.589690,109.235793,109.852051,37588700
2019-03-20,109.609271,110.879129,108.974342,109.730652,28113300
2019-03-21,109.375830,112.811916,109.329141,112.251686,29854400
2019-03-22,111.579426,111.663457,109.282478,109.291817,33624500
2019-03-25,108.834300,110.188197,108.610209,109.861397,27067100
2019-03-26,110.757765,110.841797,109.105079,110.094826,26097700
2019-03-27,110.066794,110.374923,107.863216,109.030365,22733400
2019-03-28,109.655955,109.786675,108.432778,109.179756,18334800
2019-03-29,110.244199,110.477629,109.207770,110.122818,25399800
2019-04-01,111.065881,111.215279,110.272221,111.131241,22789100
2019-04-02,111.168590,111.560757,110.664381,111.289978,18142300
2019-04-03,111.915555,112.447775,111.252616,112.018265,22860700
2019-04-04,112.139658,112.261046,110.533660,111.448708,20112800
2019-04-05,111.476729,112.261056,111.458057,111.943588,15826200
2019-04-08,111.868870,112.064950,110.776421,111.980919,15116200
2019-04-09,110.767097,111.616785,110.720415,111.374016,17612000
2019-04-10,111.822210,112.373100,111.616790,112.223709,16477200
2019-04-11,112.550488,112.839939,111.971580,112.354408,14209100
2019-04-12,112.643861,112.961329,112.391760,112.933311,19745100
2019-04-15,112.923986,113.521565,112.578507,113.026695,15792600
2019-04-16,113.577574,113.586913,112.139646,112.765236,14071800
2019-04-17,113.204120,113.773689,112.550519,113.698990,19300900
2019-04-18,114.091128,115.332969,113.260119,115.192917,27991000
2019-04-22,114.492636,115.781166,114.445948,115.557076,15648700
2019-04-23,115.874530,117.256437,115.622429,117.125717,24025500
2019-04-24,117.452512,117.508533,116.266685,116.724213,31257000
2019-04-25,121.439501,122.662671,120.291031,120.589813,38033900
2019-04-26,121.103345,121.869002,120.468423,121.280754,23654900
2019-04-29,121.290075,121.551515,120.776541,121.168701,16324200
2019-04-30,121.206064,122.037074,120.813904,121.943710,24166500
2019-05-01,121.878341,121.990383,119.235914,119.403984,26821700
2019-05-02,119.497375,119.516046,117.200420,117.844688,27350200
2019-05-03,118.918441,120.851231,118.815731,120.356361,24911100
2019-05-06,118.012757,120.038926,117.751317,119.656097,24239800
2019-05-07,118.078107,118.750386,115.986578,117.200409,36017700
2019-05-08,117.125703,117.994062,116.481435,117.191063,28419000
2019-05-09,116.051926,117.452504,115.379647,117.181725,27235800
2019-05-10,116.630839,119.450668,115.613082,118.703690,30915100
2019-05-13,115.883884,117.228442,114.884805,115.174255,33944900
2019-05-14,115.659777,117.536547,115.501040,116.462776,25266300
2019-05-15,116.453398,118.749475,115.928575,118.102821,24722700
2019-05-16,118.786982,121.251757,118.515200,120.830017,30112200
2019-05-17,120.248953,122.263888,119.883455,120.024040,25770500
2019-05-20,118.571416,119.574194,117.859168,118.290268,23706900
2019-05-21,119.424238,119.517954,118.627640,118.927536,15293300
2019-05-22,118.665163,120.183390,118.571440,119.649193,15396500
2019-05-23,118.271517,118.355867,116.903242,118.252777,23603800
2019-05-24,118.936926,119.414881,118.055979,118.309013,14123400
2019-05-28,119.002500,119.958415,118.130927,118.234016,23128400
2019-05-29,117.503058,117.512432,116.247247,117.090706,22763100
2019-05-30,117.390558,117.859146,116.940711,117.831032,16829600
2019-05-31,116.425300,116.790798,115.572467,115.909851,26646800
2019-06-03,116.069148,116.556483,111.533223,112.311073,37983600
2019-06-04,113.660629,115.534980,113.070211,115.422523,29382600
2019-06-05,117.100040,117.962247,116.406532,117.924759,24926100
2019-06-06,118.496450,119.930327,117.709219,119.789749,21459000
2019-06-07,121.073702,123.941457,120.202121,123.144852,33885600
2019-06-10,124.081970,125.656432,123.707106,124.269417,26477100
2019-06-11,125.469013,125.806397,123.032352,123.800842,23913700
2019-06-12,123.144853,123.679050,122.498214,123.229210,17092500
2019-06-13,123.688376,124.644299,123.294764,124.007027,17200800
2019-06-14,123.950772,125.384649,123.369728,124.128838,17821700
2019-06-17,124.297574,125.328458,124.203851,124.503754,14517800
2019-06-18,125.759564,126.743601,125.178519,126.668625,25934500
2019-06-19,126.518691,127.390257,125.403450,127.165344,23744400
2019-06-20,128.814749,129.011562,127.193439,128.346161,33042600
2019-06-21,127.999447,129.077193,127.886990,128.364944,36727900
2019-06-24,128.392982,129.705022,128.392982,129.123978,20628800
2019-06-25,128.627311,128.945947,124.391275,125.047295,33327400
2019-06-26,125.909503,127.212176,125.206622,125.515877,23657700
2019-06-27,125.712679,126.246876,125.122254,125.722046,16557500
2019-06-28,126.115676,126.143790,124.794256,125.543999,30043000
2019-07-01,128.046265,128.111860,126.490551,127.155937,22613500
2019-07-02,127.568268,128.008741,126.837272,127.999374,15237800
2019-07-03,128.205573,129.086520,127.727604,128.824112,13629300
2019-07-05,127.399587,128.702260,127.193408,128.449219,18141100
2019-07-08,127.830700,128.486734,126.865410,128.355530,16779700
2019-07-09,127.455848,128.364910,127.268416,127.886955,19953100
2019-07-10,128.514823,129.873724,128.411733,129.189590,24204400
2019-07-11,129.517646,130.473569,129.208376,129.705078,22327900
2019-07-12,130.126813,130.389221,129.339575,130.173660,18936800
2019-07-15,130.679743,130.773452,129.761315,130.173660,16651500
2019-07-16,130.229897,130.314239,127.943186,128.468002,22726100
2019-07-17,129.049039,129.264585,127.662024,127.708885,20211000
2019-07-18,127.034134,128.036904,126.209415,127.849472,30381800
2019-07-19,131.410748,131.832475,127.877593,128.036911,48992400
2019-07-22,128.777276,130.445447,128.702300,129.733185,25074900
2019-07-23,130.979628,131.195188,129.358318,130.539154,18034600
2019-07-24,130.173667,131.898081,130.126820,131.879333,20738300
2019-07-25,131.607512,131.776211,130.567261,131.382599,18356900
2019-07-26,131.551296,132.778994,131.485702,132.460358,19037600
2019-07-29,132.610304,132.619670,130.614116,132.169830,16605900
2019-07-30,131.335749,132.347900,131.017113,131.532562,16846500
2019-07-31,131.513815,131.663766,126.593644,127.708885,38598800
2019-08-01,128.393025,132.085498,128.327416,129.386429,40557500
2019-08-02,129.414558,129.630118,126.762349,128.299316,30791600
2019-08-05,124.925479,125.515890,122.563793,123.903961,42749600
2019-08-06,125.394041,127.155921,124.841111,126.228127,32696700
2019-08-07,125.384678,127.127825,123.547823,126.781075,33414500
2019-08-08,128.018181,130.258030,127.390261,130.164307,27496500
2019-08-09,129.901863,130.623492,127.886942,129.058411,23466700
2019-08-12,128.458615,129.198978,126.743583,127.259018,20484300
2019-08-13,127.502717,130.079949,126.518680,129.892517,25154600
2019-08-14,128.218790,128.745354,125.689391,125.980881,32527300
2019-08-15,126.366385,126.545044,124.354152,125.698769,28074400
2019-08-16,126.827148,128.312817,126.676697,128.002518,24449100
2019-08-19,129.619844,130.278049,128.717154,130.146408,24355700
2019-08-20,129.958326,130.428474,129.046237,129.065033,21170800
2019-08-21,130.278016,131.161896,129.760850,130.503677,14970300
2019-08-22,130.381451,130.889204,128.152939,129.553986,18697000
2019-08-23,128.999222,130.089969,124.871323,125.426094,38508600
2019-08-26,126.930524,127.466485,125.905591,127.363052,20312600
2019-08-27,128.246975,128.557274,126.620267,127.635788,23102100
2019-08-28,126.827143,127.654594,125.576547,127.466537,17393300
2019-08-29,129.055650,130.174605,128.735953,129.873703,20168700
2019-08-30,130.842187,130.870395,128.134144,129.629211,23940100
2019-09-03,128.453838,129.008609,127.598165,127.917862,18869300
2019-09-04,129.102664,129.469379,128.331615,129.412964,17995900
2019-09-05,130.804596,131.998776,130.475487,131.688477,26101800
2019-09-06,131.669665,131.810704,129.948921,130.795197,20824500
2019-09-09,131.255930,131.406381,128.312813,129.309525,25773900
2019-09-10,128.632527,128.717151,126.479241,127.955513,28903400
2019-09-11,127.795603,128.134110,127.024554,127.993057,24726100
2019-09-12,129.619824,130.155785,128.698323,129.309525,27010000
2019-09-13,129.554019,129.817301,128.416268,129.121490,23363100
2019-09-16,127.720434,128.538487,127.560586,128.190582,16731400
2019-09-17,128.782996,129.309560,128.284626,129.187317,17814200
2019-09-18,129.159070,130.390856,128.378623,130.249817,23982100
2019-09-19,131.923521,133.869926,131.707257,132.647552,35772100
2019-09-20,132.591125,133.192914,129.995914,131.114868,39167300
2019-09-23,130.917372,131.293498,130.174544,130.832748,17139300
2019-09-24,131.979934,132.290234,128.707708,129.177856,29773200
2019-09-25,129.290691,131.603826,127.908455,131.039642,21382000
2019-09-26,131.114857,131.810666,130.174561,131.208878,17456600
2019-09-27,131.782426,131.979894,128.491391,129.506912,22477700
2019-09-30,129.807869,130.908013,129.553985,130.729355,17280900
2019-10-01,131.321762,131.876533,128.820571,128.886398,21466600
2019-10-02,128.115365,128.228196,125.604776,126.610886,30521700
2019-10-03,126.892959,128.585495,125.266251,128.143555,24132900
2019-10-04,128.585502,129.995946,128.275202,129.873703,22897700
2019-10-07,128.952190,129.930092,128.839359,128.933380,15303700
2019-10-08,128.895782,129.535177,127.522944,127.569962,25550500
2019-10-09,129.253127,130.419085,128.792377,129.986557,19749900
2019-10-10,130.221615,131.331158,129.995939,130.795197,17654600
2019-10-11,131.754278,132.609951,131.171299,131.340546,25446000
2019-10-14,131.349964,131.914133,131.190115,131.218323,13304300
2019-10-15,131.697820,133.324528,131.462746,133.117676,19695700
2019-10-16,132.384311,132.572382,131.199543,132.027008,20751600
2019-10-17,132.534697,132.976638,130.719933,131.349930,21460600
2019-10-18,131.415788,131.641464,128.406843,129.206100,32273500
2019-10-21,130.183986,130.231004,128.829958,130.165176,20078200
2019-10-22,130.672940,131.650842,128.124732,128.228165,27431000
2019-10-23,128.707697,129.243658,127.513517,129.046204,29844600
2019-10-24,131.067872,132.036375,130.390857,131.585037,37029300
2019-10-25,131.020824,132.713360,130.889184,132.327835,25959700
2019-10-28,135.778738,136.972918,134.941875,135.581284,35280100
2019-10-29,135.477814,135.872737,134.133184,134.302444,20589500
2019-10-30,134.951323,136.342957,134.264896,135.976242,18496600
2019-10-31,136.248878,136.277086,134.452924,134.810226,24605100
2019-11-01,135.647127,135.797578,134.434152,135.139374,33128400
2019-11-04,136.183051,136.342900,135.553054,135.919769,16912000
2019-11-05,136.314736,136.361753,135.318024,135.835190,18250200
2019-11-06,135.750520,135.891573,134.650375,135.459030,16575800
2019-11-07,135.252142,136.230057,135.186328,135.647064,17786700
2019-11-08,135.383779,137.273783,135.176913,137.245575,16732700
2019-11-11,136.662595,137.678117,136.089014,137.386627,14362600
2019-11-12,137.546495,138.759485,137.339629,138.289337,18641600
2019-11-13,137.979023,138.656037,137.546481,138.514984,16919200
2019-11-14,138.242283,139.549294,138.223473,139.220184,19729800
2019-11-15,140.038274,141.035000,139.417689,141.016190,23485700
2019-11-18,141.110251,141.561589,140.085317,141.364120,21534000
2019-11-19,141.871929,142.295060,141.232520,141.411179,23935700
2019-11-20,141.816816,142.316868,140.071358,141.165802,25696800
2019-11-21,140.958241,141.335647,140.109100,141.033722,18576100
2019-11-22,141.590416,141.807416,140.411046,141.137527,15901800
2019-11-25,141.524349,142.798074,141.448868,142.684845,22420900
2019-11-26,142.807526,143.807630,142.769793,143.439667,24620100
2019-11-27,143.722656,143.883049,142.958427,143.713226,15184400
2019-11-29,143.505658,143.694354,142.731984,142.826340,11977300
2019-12-02,143.232026,143.250900,139.939236,141.099731,27418400
2019-12-03,139.156212,140.986582,138.363665,140.873367,24066000
2019-12-04,141.656405,141.694138,140.769517,141.382797,17574700
2019-12-05,141.571527,141.826275,141.033728,141.458298,17869100
2019-12-06,142.458394,143.288660,141.779076,143.175446,16403500
2019-12-09,142.533903,143.609487,142.382940,142.807510,16687400
2019-12-10,142.741448,143.307551,142.241397,142.590500,16476100
2019-12-11,142.977348,143.288704,141.835727,143.128311,18856600
2019-12-12,143.081099,144.769965,142.486707,144.581268,24612100
2019-12-13,144.354853,146.138060,144.194461,145.798401,23845400
2019-12-16,146.345601,147.090956,146.071993,146.741867,24144200
2019-12-17,146.666408,146.911726,145.722912,145.949356,25425600
2019-12-18,145.581408,146.694727,145.468179,145.647446,24129200
2019-12-19,145.298314,146.968305,145.062440,146.911697,24958900
2019-12-20,148.459063,149.534648,147.458946,148.515671,53477500
2019-12-23,149.185545,149.185545,148.383582,148.515671,17718200
2019-12-24,148.581722,148.798736,148.242063,148.487381,8989200
2019-12-26,148.657217,149.761106,148.506254,149.704498,14520600
2019-12-27,150.440361,150.534717,149.279866,149.978058,18412800
2019-12-30,150.006404,150.034708,147.874094,148.685501,16348400
2019-12-31,147.911832,148.855328,147.609906,148.789276,18369400
2020-01-02,149.808237,151.648051,149.383667,151.544266,22622100
2020-01-03,149.374220,150.912108,149.128902,149.657257,21116200
2020-01-06,148.204300,150.110165,147.666500,150.044113,20813700
2020-01-07,150.317728,150.647943,148.430737,148.676041,21634100
2020-01-08,149.949792,151.714139,149.025170,151.044250,27746500
2020-01-09,152.695324,153.053857,151.931095,152.931198,21385000
2020-01-10,153.619971,153.997363,152.072624,152.223587,20725900
2020-01-13,152.619853,154.082274,152.148105,154.053970,21626500
2020-01-14,154.157748,154.355888,152.582112,152.968948,23477400
2020-01-15,153.431285,154.676707,153.384122,153.959641,21417900
2020-01-16,155.063485,156.846691,154.761560,156.780640,23865400
2020-01-17,157.959992,158.007170,156.082431,157.658081,34371700
2020-01-21,157.261848,158.686536,157.025974,157.092026,29517200
2020-01-22,157.941143,158.026069,156.318330,156.337204,24138800
2020-01-23,156.799524,157.375057,155.931510,157.299576,19680800
2020-01-24,158.044943,158.063817,155.157849,155.714508,24918100
2020-01-27,152.044349,154.148355,151.148031,153.110504,32078100
2020-01-28,154.525684,156.393801,153.855810,156.110764,24899900
2020-01-29,158.356302,159.214886,156.327792,158.544998,34754500
2020-01-30,164.215379,164.215379,161.139575,163.017136,51597500
2020-01-31,162.479383,162.658636,159.997985,160.611252,36142700
2020-02-03,160.799960,164.639994,160.771656,164.526779,30107000
2020-02-04,167.130831,170.433066,166.347727,169.942444,36433300
2020-02-05,173.631489,173.791882,168.329049,169.734848,39186300
2020-02-06,170.744403,173.433371,169.885818,173.254105,27751400
2020-02-07,172.518176,175.141092,172.169073,173.499405,33529100
2020-02-10,173.206935,178.169717,172.895580,178.037628,35844300
2020-02-11,179.877409,179.924587,173.131422,174.018311,53159900
2020-02-12,175.093892,175.348640,171.574658,174.273056,47062900
2020-02-13,172.735229,175.707235,172.537088,173.329636,35295800
2020-02-14,172.895546,174.933500,172.329443,174.876892,23149500
2020-02-18,175.122237,177.094140,175.018452,176.650696,27792200
2020-02-19,177.918432,178.031956,176.414180,177.180496,29997500
2020-02-20,176.868294,177.152119,171.333777,174.474731,36862400
2020-02-21,173.292168,173.604374,167.691418,168.959152,48572600
2020-02-24,158.722620,165.136992,154.427442,161.674362,68311100
2020-02-25,164.805871,165.411357,158.609091,159.006454,68073300
2020-02-26,160.557994,163.916540,159.138885,160.993179,56206100
2020-02-27,154.512592,158.022514,149.460553,149.649765,93174900
2020-02-28,144.190935,154.881559,143.803042,153.273224,97012700
2020-03-02,156.395274,163.594887,153.557056,163.471893,71030800
2020-03-03,164.427436,165.562720,153.509749,155.638412,71677000
2020-03-04,159.403814,161.494627,156.688576,161.352722,49814400
2020-03-05,157.095421,161.655485,156.754834,157.303558,47817300
2020-03-06,153.840873,154.313910,147.587333,152.856964,72821100
2020-03-09,142.856949,149.242938,141.910876,142.497437,70419300
2020-03-10,149.630834,152.346058,144.351748,152.241989,65354400
2020-03-11,148.656346,149.195600,142.998823,145.345093,56371600
2020-03-12,137.464350,145.193762,131.106741,131.560852,93226400
2020-03-13,139.545663,153.178568,133.140749,150.264664,92727400
2020-03-16,132.450187,141.295973,127.719823,128.117172,87905900
2020-03-17,132.450145,139.545688,127.719782,138.665848,81059800
2020-03-18,130.558059,138.126643,127.738766,132.828629,81593200
2020-03-19,135.070815,142.052823,131.504117,135.014053,85922700
2020-03-20,138.126607,139.167293,128.533431,129.943085,84866200
2020-03-23,129.621365,132.989395,125.373509,128.646912,78975200
2020-03-24,135.997924,141.532454,133.651668,140.340393,82516700
2020-03-25,140.879637,146.007348,136.650693,138.996948,75638200
2020-03-26,140.397209,148.211780,140.368828,147.691437,64568100
2020-03-27,143.566543,146.537210,141.154054,141.627090,57042300
2020-03-30,144.219333,151.939290,141.920369,151.589233,63420300
2020-03-31,150.804005,155.893882,148.117162,149.205154,77927200
2020-04-01,144.749155,149.243001,142.686723,143.907150,57969900
2020-04-02,143.670626,147.095405,142.251517,146.887268,49630700
2020-04-03,146.735895,148.892939,143.982819,145.534378,41243300
2020-04-06,151.674365,157.521087,149.082121,156.357422,67111700
2020-04-07,160.444450,160.832344,154.455809,154.673416,62769000
2020-04-08,156.735864,157.681936,154.682888,156.224991,48318200
2020-04-09,157.388661,158.344189,154.522062,156.234451,51385100
2020-04-13,155.487039,156.641249,153.547588,156.584473,41905300
2020-04-14,159.886271,164.380116,158.940198,164.332809,52874300
2020-04-15,161.967640,164.209842,160.113346,162.610977,40940800
2020-04-16,164.900476,167.719769,163.575966,167.492706,50479600
2020-04-17,169.820057,170.293093,166.385808,168.968597,52765600
2020-04-20,167.104833,169.110502,165.553274,165.619492,36669600
2020-04-21,164.143582,164.304413,157.152107,158.769897,56203700
2020-04-22,162.147382,164.616632,161.608128,164.162521,34620200
2020-04-23,164.720719,165.619485,161.693289,162.175781,32790800
2020-04-24,162.781207,165.146388,161.504018,165.136932,34277600
2020-04-27,167.066989,167.360270,163.954416,164.663971,33194400
2020-04-28,166.120902,166.196590,160.255254,160.652603,34392700
2020-04-29,163.878736,168.098213,162.611002,167.861694,51286600
2020-04-30,170.293091,170.671514,166.726393,169.545700,53875900
2020-05-01,166.319610,169.006454,164.626132,165.155945,39370500
2020-05-04,165.080270,169.347054,164.427478,169.195679,30372900
2020-05-05,170.879635,173.746234,170.198462,171.012085,36839200
2020-05-06,172.260936,174.266606,171.835206,172.696121,32139300
2020-05-07,174.238229,174.597741,172.733976,173.698975,28316000
2020-05-08,175.004513,175.023438,173.471879,174.720688,30877800
2020-05-11,173.273205,177.398082,172.989395,176.669617,30892700
2020-05-12,176.726353,176.953402,172.469027,172.667694,32038200
2020-05-13,172.705571,174.124680,167.019665,170.056564,44711500
2020-05-14,167.965717,170.945854,166.206022,170.794479,41873900
2020-05-15,169.403765,176.972347,167.454858,173.282669,46610400
2020-05-18,175.732976,176.158705,174.039512,174.938278,35264500
2020-05-19,175.051821,176.537162,173.594876,173.727325,26799100
2020-05-20,175.330632,176.317296,174.505261,176.137039,31261300
2020-05-21,175.890332,177.095195,173.888559,174.021378,29119500
2020-05-22,173.793742,174.998604,173.177073,174.097321,20826900
2020-05-26,176.782192,176.933989,171.810973,172.256866,36073600
2020-05-27,170.957078,172.655272,167.541739,172.484497,39517100
2020-05-28,171.469445,174.704527,171.127910,172.095581,33810200
2020-05-29,173.357315,174.818333,171.156321,173.850647,42130400
2020-06-01,173.177046,173.613457,172.152454,173.452179,22622400
2020-06-02,174.799371,175.510902,172.048125,175.425522,30794600
2020-06-03,175.340152,176.402700,174.163749,175.852448,27311000
2020-06-04,174.846788,176.307791,172.949373,173.537567,28761800
2020-06-05,173.252971,178.100867,172.674258,177.598053,39893600
2020-06-08,176.402662,178.878789,174.979601,178.698532,33211600
2020-06-09,178.356975,180.918482,177.654927,180.064651,29783900
2020-06-10,181.326494,188.337443,181.212639,186.743607,43872300
2020-06-11,183.223909,185.719001,176.526036,176.715775,52854700
2020-06-12,180.766767,181.886250,175.681693,178.110397,43373600
2020-06-15,175.112429,181.032369,174.571659,179.248795,32770200
2020-06-16,182.996213,185.548239,181.639568,183.641342,42556700
2020-06-17,185.026420,186.250260,183.755155,184.276947,25687800
2020-06-18,184.049266,186.411553,184.049266,186.250275,23061600
2020-06-19,188.403861,189.067954,184.400314,185.140305,44441100
2020-06-22,185.747422,190.462499,185.216148,190.282257,32818900
2020-06-23,191.724303,193.488900,191.098153,191.553543,30917400
2020-06-24,191.259441,192.824802,186.477947,187.692291,36740600
2020-06-25,187.654331,190.320196,185.443841,190.064041,27803900
2020-06-26,189.485319,189.637116,184.884097,186.259720,54675800
2020-06-29,185.737985,188.346931,183.622371,188.261551,26701600
2020-06-30,187.730244,193.915806,187.597425,193.071457,34310300
2020-07-01,192.720443,195.765800,191.420718,194.200424,32061200
2020-07-02,195.130122,197.350108,194.485008,195.680374,29315800
2020-07-06,198.118591,200.300621,197.416542,199.892670,31897600
2020-07-07,199.655498,203.659045,197.321685,197.568344,33600700
2020-07-08,199.294994,202.321359,197.985773,201.913422,33600000
2020-07-09,205.233939,205.281377,200.623219,203.327042,33121700
2020-07-10,202.662904,203.099316,200.253193,202.710342,26177600
2020-07-13,203.478779,204.731080,195.908098,196.448868,38135600
2020-07-14,195.557076,198.137562,191.667370,197.663208,37591800
2020-07-15,198.811165,200.490382,194.513521,197.369125,32179400
2020-07-16,194.864563,195.149178,191.933060,193.460480,29940700
2020-07-17,193.982227,194.522983,191.060206,192.473785,31635300
2020-07-20,194.485075,201.410644,192.597142,200.746552,36884800
2020-07-21,202.700851,202.966488,197.359624,198.042694,37990400
2020-07-22,198.469617,201.410617,197.701167,200.888824,49605700
2020-07-23,196.562744,200.101420,191.781250,192.151245,67457000
2020-07-24,190.139956,192.454804,187.379213,190.974823,39827000
2020-07-27,191.136129,193.507899,190.557417,193.394058,30160900
2020-07-28,193.166309,194.200396,191.392231,191.657867,23251400
2020-07-29,192.113280,194.152996,191.648408,193.593262,19632600
2020-07-30,190.690206,193.972740,189.333561,193.441452,25079600
2020-07-31,193.915795,194.579902,188.802262,194.494507,51044000
2020-08-03,200.670649,206.476735,199.646043,205.433151,78983000
2020-08-04,203.184721,203.753951,199.522709,202.349854,49280100
2020-08-05,203.877297,203.972173,200.718112,202.017838,28806400
2020-08-06,201.448557,205.271848,200.699085,205.252884,32656800
2020-08-07,203.829822,204.636215,200.110876,201.581375,27820400
2020-08-10,200.812922,201.012157,195.765806,197.568344,36716500
2020-08-11,196.534217,196.999075,192.720410,192.948105,36446500
2020-08-12,194.760176,199.494232,194.247880,198.460144,28013100
2020-08-13,198.697334,200.509369,197.473493,197.995285,22588900
2020-08-14,198.052179,198.839608,196.866295,198.184998,17958900
2020-08-17,198.849133,200.357575,198.204004,199.494247,20184800
2020-08-18,199.731401,201.467537,198.479114,200.642166,21336200
2020-08-19,201.127181,201.707292,198.996933,199.424881,27627600
2020-08-20,199.272758,204.465230,198.673637,204.065811,26981500
2020-08-21,203.381052,205.653943,202.420546,202.582214,36249300
2020-08-24,204.265483,204.959724,202.021120,203.219391,25460100
2020-08-25,202.658276,205.996283,202.658276,205.863144,23043700
2020-08-26,207.204125,211.207832,206.709601,210.313889,39600800
2020-08-27,211.968588,219.823850,208.649589,215.477783,57602200
2020-08-28,216.999347,219.338816,215.477755,217.693588,26292900
2020-08-31,215.877175,217.493873,213.318980,214.479202,28774200
2020-09-01,214.460171,216.305115,213.433089,216.133942,25725500
2020-09-02,216.799641,221.450034,216.210025,220.299316,34080800
2020-09-03,218.035962,218.073996,204.427143,206.652481,58400300
2020-09-04,204.560279,207.660536,195.135858,203.751923,59664100
2020-09-08,196.381699,199.738731,192.292392,192.729858,52924300
2020-09-09,197.427830,204.313068,196.571920,200.937012,45679000
2020-09-10,202.943557,204.217909,194.108766,195.307022,35461500
2020-09-11,197.047432,198.407372,191.379474,194.032761,33620100
2020-09-14,194.232423,198.949380,194.032707,195.345093,30375800
2020-09-15,198.207596,199.500958,196.790600,198.549957,21823900
2020-09-16,200.299783,200.328312,194.612802,195.002716,26328100
2020-09-17,190.247742,194.318025,190.162156,192.967606,34011300
2020-09-18,192.862929,193.671271,186.633872,190.571014,55225300
2020-09-21,187.527891,192.777421,186.757583,192.615738,39839700
2020-09-22,195.012229,197.903280,192.178251,197.256592,33517100
2020-09-23,197.713075,197.903287,190.228703,190.761261,30803800
2020-09-24,190.057532,195.497258,189.439373,193.233871,31202500
2020-09-25,193.576261,198.797247,192.615740,197.637039,29437300
2020-09-28,200.547025,202.154219,197.865196,199.177582,32004900
2020-09-29,199.092080,199.776802,196.676529,197.104477,24221900
2020-09-30,197.551394,201.593148,196.419701,200.024002,33829100
2020-10-01,203.029228,203.504728,200.965557,202.049698,27158400
2020-10-02,197.808162,200.651660,195.468694,196.086853,33154800
2020-10-05,197.066398,200.100093,196.838152,200.071564,21331600
2020-10-06,198.587957,199.881304,194.783954,195.820541,28554300
2020-10-07,196.914216,199.814771,196.590879,199.548492,25681100
2020-10-08,200.195188,200.841876,198.112508,200.261765,19925800
2020-10-09,200.879903,205.283042,200.879903,205.235489,26458000
2020-10-12,208.069447,212.891028,206.186470,210.551559,40461400
2020-10-13,211.806924,214.174921,209.629124,211.940063,28950800
2020-10-14,212.073166,213.233388,208.392798,210.038025,23421700
2020-10-15,206.462291,209.562548,205.425689,208.896851,22733100
2020-10-16,209.362832,211.397973,208.573514,208.896851,26057900
2020-10-19,209.619622,211.407508,203.247919,203.723419,27625800
2020-10-20,205.225999,206.719063,202.648780,204.132339,22753500
2020-10-21,202.677320,206.291127,202.677320,204.275009,22724900
2020-10-22,203.447613,205.473250,201.326885,204.360580,22351500
2020-10-23,204.493735,205.682486,202.715368,205.634933,18879600
2020-10-26,203.371548,205.739531,197.903292,199.786270,37111600
2020-10-27,201.222254,204.151338,200.023998,202.800919,36700300
2020-10-28,197.494355,198.607025,192.197288,192.748856,51195600
2020-10-29,194.070759,197.199546,193.405047,194.688904,31432600
2020-10-30,193.528694,194.279978,189.838805,192.549164,36953700
2020-11-02,194.279938,195.221434,190.314267,192.415985,30842200
2020-11-03,193.899528,197.922257,193.167254,196.315063,27512000
2020-11-04,203.533211,207.622518,202.011604,205.787079,42311800
2020-11-05,211.160217,213.138301,210.313827,212.348969,36080100
2020-11-06,211.369452,213.366559,207.346722,212.757919,25231900
2020-11-09,213.442630,216.942306,207.204066,207.689072,44395000
2020-11-10,203.989683,205.891685,199.443900,200.670685,44045100
2020-11-11,201.983117,207.356268,201.802425,205.939285,29440800
2020-11-12,206.566912,208.373808,203.951660,204.883636,21593900
2020-11-13,205.758555,206.766614,203.666356,205.901199,18621100
2020-11-16,204.341575,207.070957,204.008733,206.585938,24953300
2020-11-17,205.511255,207.013823,203.590229,203.951614,24154100
2020-11-18,203.713281,205.162591,201.119785,201.262817,28372800
2020-11-19,201.548827,203.122081,200.166254,202.540451,24792700
2020-11-20,202.330689,203.369990,200.233013,200.604874,22843100
2020-11-23,201.138880,202.416555,198.478648,200.337952,25683500
2020-11-24,199.842089,204.285359,199.146045,203.913498,33979700
2020-11-25,205.105353,205.276974,202.578609,203.923019,21012900
2020-11-27,204.857456,206.211411,204.085116,205.219772,14512200
2020-11-30,204.142373,204.771666,201.033984,204.113770,33064800
2020-12-01,204.533260,207.212580,203.427222,206.154205,30904500
2020-12-02,204.886086,205.448642,202.902823,205.353287,23724500
2020-12-03,204.628620,206.316302,203.713263,204.275833,25120900
2020-12-04,204.256786,205.362839,203.265147,204.390274,24666000
2020-12-07,204.399783,205.515365,203.083975,204.323502,24620000
2020-12-08,204.018402,206.859800,202.988630,205.963516,23284100
2020-12-09,205.153070,205.219807,201.386785,201.949341,32440600
2020-12-10,201.920745,203.169816,200.576320,200.728882,26733300
2020-12-11,200.280749,203.398668,199.384465,203.341446,30979400
2020-12-14,203.188886,206.154242,202.979116,204.237717,28798400
2020-12-15,205.162583,205.400956,202.368863,204.170959,27000600
2020-12-16,204.762080,209.872789,204.733476,209.081390,35023300
2020-12-17,209.643988,210.616552,207.784684,209.214920,32515800
2020-12-18,208.423538,209.472384,205.973075,208.423538,63354900
2020-12-21,207.431871,213.581882,207.174425,212.237457,37181900
2020-12-22,212.332825,215.136090,211.531897,213.524689,22612200
2020-12-23,212.733286,213.162353,210.530725,210.740494,18699600
2020-12-24,211.121946,213.210094,210.912177,212.390091,10550600
2020-12-28,214.010949,215.517465,212.647464,214.497238,17933500
2020-12-29,215.784442,216.613974,213.181417,213.724899,17403200
2020-12-30,214.754676,215.136081,211.169557,211.369781,20272300
2020-12-31,211.388864,212.628405,209.462809,212.075378,20942100
2021-01-04,212.180275,212.628417,204.819326,207.565384,37130100
2021-01-05,207.155376,208.356784,205.667933,207.765610,23823000
2021-01-06,202.302106,206.421193,202.082808,202.378387,35930700
2021-01-07,204.085131,209.138635,203.770492,208.137466,27694500
2021-01-08,208.509341,210.320982,206.936087,209.405624,22956200
2021-01-11,208.309096,208.728634,206.650017,207.374680,23031300
2021-01-12,206.430749,207.002849,203.398655,204.933762,23249300
2021-01-13,204.066077,206.678632,203.980252,206.278168,20087100
2021-01-14,205.868167,207.346080,202.845603,203.112579,29480800
2021-01-15,203.589328,204.533274,202.168621,202.759781,31746500
2021-01-19,203.808628,206.888398,202.740723,206.373520,30480900
2021-01-20,207.574905,215.288641,207.183970,213.906082,37777300
2021-01-21,214.249328,215.774919,212.075371,214.506775,30709400
2021-01-22,216.518642,219.369584,215.298175,215.441193,30172700
2021-01-25,218.463786,219.093094,213.791688,218.854721,33152100
2021-01-26,221.076349,223.288439,219.379136,221.524490,49169600
2021-01-27,226.930802,229.257322,219.436364,222.067993,69870600
2021-01-28,224.651939,231.354977,224.156119,227.817520,49111200
2021-01-29,225.014258,226.949843,220.590062,221.171692,42503100
2021-02-01,224.127525,231.221498,221.619839,228.504044,33314200
2021-02-02,230.077301,231.040321,227.588690,228.370544,25916300
2021-02-03,228.427791,233.691050,228.132197,231.698257,27158100
2021-02-04,231.374050,231.927076,229.190548,230.754272,25296100
2021-02-05,230.964028,231.965196,229.238213,230.935425,18054800
2021-02-08,231.841238,232.346587,229.610073,231.192871,22211900
2021-02-09,230.620778,233.376365,230.153577,232.432419,23565000
2021-02-10,233.605214,234.482424,229.686367,231.526611,22186700
2021-02-11,233.395448,233.748235,230.887763,233.118942,15751100
2021-02-12,232.584960,233.891252,231.440774,233.595673,16561100
2021-02-16,233.633821,234.682667,231.621955,232.365677,26728500
2021-02-17,230.626340,233.483834,230.263174,233.378708,21653500
2021-02-18,231.085070,233.120673,230.186722,232.986877,16925600
2021-02-19,232.948632,233.053758,229.536824,230.291824,25262600
2021-02-22,226.899109,227.386504,222.101558,224.118057,36446900
2021-02-23,220.123293,224.423883,218.594189,222.933014,30228700
2021-02-24,219.817500,224.777517,218.852262,224.156326,26339700
2021-02-25,221.795750,224.194518,217.781869,218.842682,39542200
2021-02-26,221.270149,224.939983,219.368328,222.082489,37819200
2021-03-01,225.446492,226.946927,222.818354,226.440414,25324000
2021-03-02,226.507295,226.784452,223.105053,223.506439,22812500
2021-03-03,221.872239,223.229313,217.189365,217.476074,34029500
2021-03-04,216.692412,222.187611,214.322299,216.682846,44727800
2021-03-05,219.349206,222.933031,216.424807,221.337036,41872800
2021-03-08,221.117228,223.028601,217.065125,217.313599,35267400
2021-03-09,222.560298,224.949515,221.403911,223.420410,33080500
2021-03-10,226.497744,226.497744,221.757531,222.120697,29746800
2021-03-11,224.548140,228.571573,223.926935,226.621979,29907600
2021-03-12,223.640216,225.370021,222.894782,225.303116,22653700
2021-03-15,224.548101,224.767905,221.537680,224.404739,26034900
2021-03-16,225.809645,229.422140,225.484715,227.176285,28092200
2021-03-17,225.685420,227.979077,222.894816,226.535980,29562100
2021-03-18,222.254477,223.812251,220.123300,220.496017,34833000
2021-03-19,220.782764,222.168507,219.186769,220.142456,46430700
2021-03-22,220.065987,226.402180,219.941743,225.532516,30127000
2021-03-23,226.966039,230.368282,226.564653,227.052048,31638400
2021-03-24,227.310076,227.453423,224.892190,225.025986,25620100
2021-03-25,224.873090,226.440415,221.308382,222.044250,34061900
2021-03-26,221.289310,226.220658,221.289310,226.000839,25479900
2021-03-29,226.105918,226.306619,221.604642,224.815750,25227500
2021-03-30,223.181505,223.487332,220.859193,221.575958,24792000
2021-03-31,222.588986,228.504689,222.092025,225.322250,43623500
2021-04-01,227.902588,232.078934,227.501201,231.610657,30338000
2021-04-05,232.002503,238.883459,231.945164,238.032898,36910600
2021-04-06,236.637604,238.348277,235.939957,236.876526,22931900
2021-04-07,236.828714,239.810452,236.236193,238.826096,22719800
2021-04-08,241.568939,242.878225,240.833056,242.027664,23625200
2021-04-09,241.664509,244.646262,241.253571,244.512466,24326800
2021-04-12,243.422942,246.251781,243.336919,244.569763,27148700
2021-04-13,245.859985,247.704454,245.449018,247.035461,23837500
2021-04-14,246.070224,247.360377,243.853024,244.263962,23070900
2021-04-15,246.500252,248.411625,246.309132,248.000687,25627500
2021-04-16,247.972049,249.434248,246.184919,249.185760,24878600
2021-04-19,248.660141,249.892985,246.395168,247.274384,23209300
2021-04-20,246.395108,248.669647,245.458525,246.815613,19722900
2021-04-21,247.465496,249.128381,245.850383,249.032806,24030400
2021-04-22,248.679238,250.179673,244.311757,245.773972,25606200
2021-04-23,246.452506,249.921653,245.869522,249.577591,21462600
2021-04-26,250.064980,250.810414,248.641016,249.959839,19763300
2021-04-27,249.988550,251.527221,248.593256,250.361282,31014200
2021-04-28,244.732251,245.171888,241.740961,243.279617,46903100
2021-04-29,244.139768,244.751407,237.966025,241.320480,40589000
2021-04-30,238.673218,241.865208,238.539422,241.005081,30945100
2021-05-03,242.171000,243.078914,239.992036,240.699249,19626600
2021-05-04,239.848692,240.078062,234.869558,236.809601,32756100
2021-05-05,238.023336,238.443841,234.926920,235.548111,21901300
2021-05-06,235.529014,238.787910,233.847011,238.663666,26491100
2021-05-07,240.976399,243.031135,240.039831,241.272675,27032900
2021-05-10,239.753110,240.575001,236.169285,236.226624,29299900
2021-05-11,233.713164,235.672324,231.820908,235.318710,33641600
2021-05-12,231.438659,233.550733,227.520352,228.409134,36684400
2021-05-13,231.085068,234.716681,230.721903,232.260559,29624300
2021-05-14,234.697549,238.138012,234.611540,237.153656,23901100
2021-05-17,235.624578,235.662799,232.728848,234.315277,24970200
2021-05-18,235.356946,235.490742,232.136273,232.308304,20168000
2021-05-19,229.233515,232.988456,228.553419,232.883087,25739800
2021-05-20,233.687697,237.509682,233.591902,236.101578,21800700
2021-05-21,237.145694,237.873688,234.434854,234.846741,21863100
2021-05-24,237.356398,240.584509,237.088189,240.220505,21411500
2021-05-25,241.168808,242.107540,240.258812,241.120911,17704300
2021-05-26,240.843134,242.289562,240.191773,240.900620,17771600
2021-05-27,240.594106,240.891051,238.754952,238.812424,24426200
2021-05-28,240.431266,241.465793,239.051897,239.166840,18270200
2021-06-01,240.651552,240.709023,236.561358,236.982819,23213300
2021-06-02,237.682169,238.774167,235.488584,236.887115,19406700
2021-06-03,234.894656,235.967492,232.768131,235.364029,25307700
2021-06-04,237.327656,241.053861,237.088183,240.230072,25281100
2021-06-07,239.454206,243.391149,239.291366,243.122940,23079200
2021-06-08,244.416106,245.230321,241.877680,241.935165,22455000
2021-06-09,243.122984,244.770563,242.548257,242.912247,17937600
2021-06-10,243.582710,246.619231,242.988821,246.408493,24563600
2021-06-11,247.126970,247.605917,245.805072,247.031204,18999700
2021-06-14,247.040732,249.004432,245.987044,248.946960,19150500
2021-06-15,248.831972,249.042710,246.829978,247.481339,18038900
2021-06-16,248.477598,249.607906,243.707292,246.542664,27220000
2021-06-17,245.287786,250.728613,245.230314,249.914398,27565500
2021-06-18,248.697877,251.255436,247.854926,248.506287,37202200
2021-06-21,248.879870,252.424058,247.059879,251.571548,26696100
2021-06-22,251.657776,254.598516,251.351243,254.330307,24694100
2021-06-23,254.790057,255.594684,253.295745,254.100372,19518700
2021-06-24,254.952935,256.571777,254.291986,255.460617,21446900
2021-06-25,255.020004,255.997044,253.611899,253.860931,25611100
2021-06-28,254.981652,257.577535,254.713443,257.405121,19590000
2021-06-29,257.548790,260.211733,256.696281,259.972260,19937800
2021-06-30,259.292198,259.933970,258.248097,259.493347,21656500
2021-07-01,258.257621,260.393734,258.248062,260.163849,16725300
2021-07-02,261.332464,266.294344,261.025931,265.959076,26458000
2021-07-06,266.323074,267.606648,262.750122,265.968658,31565600
2021-07-07,267.635445,268.871136,265.480185,268.143127,23260000
2021-07-08,265.240707,266.993669,263.296185,265.738831,24618600
2021-07-09,264.110323,266.342201,263.727171,266.236847,23916700
2021-07-12,267.405556,267.989857,264.934175,265.643036,18931700
2021-07-13,265.834563,270.940151,265.710062,269.148895,26120100
2021-07-14,270.461235,271.716074,268.737010,270.614502,23113700
2021-07-15,270.125966,270.614501,268.047324,269.196808,22604200
2021-07-16,270.193015,272.137538,267.692898,268.928589,26186800
2021-07-19,267.185239,268.564608,262.893895,265.346100,32935600
2021-07-20,266.323117,269.139326,264.627656,267.558807,26259700
2021-07-21,267.156505,269.666182,265.614311,269.551239,24364300
2021-07-22,271.888442,274.359823,271.486143,274.091614,23384100
2021-07-23,275.269789,277.779465,274.436427,277.472961,22768100
2021-07-26,276.831206,277.492155,274.570592,276.879089,23176100
2021-07-27,277.243089,277.386767,271.035959,274.474792,33604100
2021-07-28,276.821690,277.932850,271.878955,274.168335,33566900
2021-07-29,274.187431,276.467223,274.034165,274.436493,18168300
2021-07-30,273.162453,274.589704,271.955498,272.913391,20944800
2021-08-02,274.302375,274.695115,271.792699,272.827240,16267400
2021-08-03,273.401964,275.135748,272.041742,275.030365,17879000
2021-08-04,274.168217,275.480526,272.664318,274.446014,16191300
2021-08-05,274.800522,277.434729,274.053366,277.329346,13900200
2021-08-06,276.361839,277.310144,275.509300,277.271820,16589300
2021-08-09,277.549644,279.273841,275.691329,276.189423,16117600
2021-08-10,276.639612,277.070676,273.191219,274.378998,18616600
2021-08-11,275.116586,276.505543,273.823424,274.867554,13955900
2021-08-12,274.560962,277.760322,274.283165,277.607056,14561300
2021-08-13,277.290947,280.566926,277.118504,280.519043,18249000
2021-08-16,280.844801,282.406172,277.808266,282.195435,22507600
2021-08-17,280.078460,281.074648,278.823593,280.739380,20075300
2021-08-18,280.278817,282.946858,278.580080,279.021576,21813000
2021-08-19,277.063684,285.490089,277.015709,284.818268,29850500
2021-08-20,287.649450,293.522976,286.056300,292.102570,40817600
2021-08-23,291.037247,293.100655,289.693635,292.380859,22830200
2021-08-24,292.735987,293.340620,289.837622,290.432648,18175800
2021-08-25,292.044983,292.323312,288.321266,289.847229,20006100
2021-08-26,288.868306,290.250316,286.910484,287.044830,17666100
2021-08-27,286.948924,288.753217,284.875910,287.649536,22605700
2021-08-30,288.993089,291.968250,288.935508,291.363617,16348100
2021-08-31,292.160219,292.236985,289.357803,289.722504,26285300
2021-09-01,290.672594,292.899168,289.348165,289.674469,18983800
2021-09-02,290.029521,291.142778,288.090853,289.021790,16285600
2021-09-03,288.868286,290.413462,288.167703,289.012268,14747900
2021-09-07,288.887502,288.964267,286.190671,288.090912,17180400
2021-09-08,287.707075,288.503636,285.490107,288.119751,15046800
2021-09-09,288.705164,289.972011,285.038999,285.278931,19927000
2021-09-10,286.401785,287.841376,283.484206,283.800903,19633400
2021-09-13,285.566864,286.517014,282.236609,285.029419,23652900
2021-09-14,287.495927,289.252244,286.094733,287.716675,21853400
2021-09-15,291.046895,293.023931,289.664886,292.544067,28356300
2021-09-16,291.526754,293.014320,288.647573,292.927948,19550800
2021-09-17,291.920303,292.237000,287.467153,287.793457,41372500
2021-09-20,284.395969,286.689731,277.860228,282.447723,38278700
2021-09-21,283.781692,285.557193,282.226939,282.927521,22364100
2021-09-22,284.779887,288.129326,282.649291,286.555359,26626300
2021-09-23,286.814452,288.781880,285.547605,287.495850,18604600
2021-09-24,286.219513,287.726263,284.971850,287.294403,14999000
2021-09-27,284.213693,284.530390,281.142553,282.323029,23571700
2021-09-28,278.128985,279.069528,271.362919,272.101898,43186200
2021-09-29,273.618236,275.220964,271.612410,272.562531,26353700
2021-09-30,274.203660,276.238277,270.278379,270.566315,32343600
2021-10-01,270.758247,278.301718,269.961686,277.457153,30086300
2021-10-04,275.825581,276.161492,268.963538,271.708344,31350700
2021-10-05,272.610553,278.704828,272.610553,277.130890,24993000
2021-10-06,274.270816,281.804680,274.011700,281.305603,28002600
2021-10-07,283.292283,284.693506,282.083047,282.975586,20430500
2021-10-08,284.290408,284.693506,281.929487,282.975586,17685700
2021-10-11,281.123375,285.969986,280.960208,282.380615,19298600
2021-10-12,283.445851,283.541830,280.576276,281.084930,17974100
2021-10-13,283.033158,285.307707,281.670332,284.376770,23416300
2021-10-14,287.159931,291.056421,285.835503,290.557373,27262900
2021-10-15,290.163903,292.188942,288.417192,291.958588,25384800
2021-10-18,291.344455,295.797575,290.499890,294.914642,22729300
2021-10-19,295.931935,296.843658,294.847438,295.816772,17682100
2021-10-20,296.757283,297.227569,293.782122,295.029785,16537100
2021-10-21,294.799365,298.494291,294.021959,298.244781,16918100
2021-10-22,297.899311,298.561525,295.404015,296.709259,17449300
2021-10-25,296.901271,296.939669,294.118067,295.720825,17554500
2021-10-26,298.475174,299.818786,296.171834,297.621002,28107300
2021-10-27,303.273773,312.967023,303.273773,310.155029,52588700
2021-10-28,311.268354,311.786615,308.417962,311.287567,26297900
2021-10-29,311.076303,318.629349,310.855555,318.264648,34766000
2021-11-01,318.015194,318.139964,313.226165,316.105347,27073200
2021-11-02,317.007490,320.021048,316.709977,319.713928,26487100
2021-11-03,320.452880,321.412607,317.333767,320.548859,21500100
2021-11-04,319.483666,322.986665,316.239782,322.890686,23992200
2021-11-05,324.877283,325.146006,320.952002,322.525940,22570100
2021-11-08,323.715909,324.051819,320.971104,323.418396,20897000
2021-11-09,323.533668,325.078844,321.057584,322.420410,21307400
2021-11-10,321.095974,321.153555,316.633248,317.477783,25500900
2021-11-11,317.909643,320.328145,317.199454,319.042114,16849800
2021-11-12,320.472138,323.648833,320.347369,323.159363,23831000
2021-11-15,323.946323,324.272626,320.577671,322.535522,16723000
2021-11-16,322.161234,326.950293,321.998097,325.837006,20886800
2021-11-17,325.885107,329.009927,324.981310,326.058167,19053400
2021-11-18,325.154356,329.259908,324.135187,328.125336,22463500
2021-11-19,329.442632,331.807872,329.019577,329.894501,21963400
2021-11-22,331.346296,336.201803,326.471570,326.740784,31031100
2021-11-23,324.067815,326.375397,320.712248,324.673553,30427600
2021-11-24,323.327584,325.135177,321.048873,324.894806,21661300
2021-11-26,321.471797,324.913892,315.481748,316.981659,24217200
2021-11-29,322.039123,325.971585,321.846815,323.664032,28563500
2021-11-30,322.404577,324.769818,316.318371,317.856750,42885600
2021-12-01,322.221778,326.211927,316.702876,317.366272,33337600
2021-12-02,317.577810,320.644943,315.174103,316.799011,30766000
2021-12-03,319.202764,319.885438,305.780468,310.568665,41779300
2021-12-06,311.472417,314.837607,306.934216,313.626129,30032600
2021-12-07,318.866265,322.866008,317.385572,322.019928,31021900
2021-12-08,322.394863,322.577547,318.058566,322.067963,24761000
2021-12-09,321.529621,323.529494,319.327816,320.270081,22214200
2021-12-10,322.077655,329.788740,321.894971,329.346466,38095700
2021-12-13,327.558121,330.548349,326.019741,326.327423,28899400
2021-12-14,320.385402,321.750721,311.626275,315.693359,44438700
2021-12-15,315.952919,322.279493,312.001238,321.760284,35381100
2021-12-16,322.779463,323.789038,310.578241,312.385834,35034800
2021-12-17,308.520702,312.405102,305.030514,311.328217,47750300
2021-12-20,307.722636,310.366714,305.338176,307.588043,28326500
2021-12-21,310.837875,315.106862,307.482279,314.683807,24740600
2021-12-22,315.654830,320.760302,313.203060,320.366119,24831500
2021-12-23,319.933518,323.433331,319.914299,321.798798,19617800
2021-12-27,322.539071,329.288700,322.510228,329.259857,19947000
2021-12-28,329.932952,330.567535,327.211968,328.106140,15661500
2021-12-29,328.154218,331.038667,326.596620,328.779205,15042000
2021-12-30,328.740696,329.913706,325.769716,326.250458,15994500
2021-12-31,325.471678,326.288916,322.914130,323.366028,18000800
2022-01-03,322.433310,324.981234,317.077843,321.856415,28865100
2022-01-04,321.933364,322.289137,313.558855,316.337555,32674300
2022-01-05,313.308903,313.510836,303.809474,304.194061,40054300
2022-01-06,301.088481,306.424731,299.492416,301.790375,39646100
2022-01-07,302.049902,304.309393,298.146283,301.944153,32720000
2022-01-10,297.569485,302.598054,292.954377,302.165375,44289500
2022-01-11,301.309583,304.415154,297.954016,302.847961,29386800
2022-01-12,307.357330,310.953268,304.867063,306.011230,34372200
2022-01-13,308.126481,308.520692,292.290853,293.060028,45366000
2022-01-14,292.531239,298.848190,292.050497,298.252075,39846400
2022-01-18,292.358208,297.867489,290.117936,290.992889,42333200
2022-01-19,294.492648,301.819144,291.040927,291.646637,45933900
2022-01-20,297.165587,299.646200,289.541033,289.983307,35380700
2022-01-21,291.031319,292.396609,284.224002,284.627838,57984400
2022-01-24,280.945344,285.666200,265.417370,284.954712,85731500
2022-01-25,280.291527,283.627875,274.186133,277.378235,72848600
2022-01-26,296.127175,296.617541,281.743396,285.281647,90428900
2022-01-27,291.002466,295.463732,286.454640,288.291077,53481300
2022-01-28,288.666102,296.598338,283.108730,296.386810,49743700
2022-01-31,297.050205,300.348085,294.569562,299.002014,46444500
2022-02-01,298.453964,298.665492,293.377335,296.867523,40950400
2022-02-02,297.704068,302.982601,296.982955,301.386536,36636000
2022-02-03,297.569401,299.242402,288.406468,289.646790,43730000
2022-02-04,288.646879,296.906017,288.416133,294.156189,35096500
2022-02-07,294.377280,295.982940,288.348763,289.358337,28533300
2022-02-08,289.646838,293.790829,288.396922,292.829346,32421200
2022-02-09,297.934821,299.915475,295.550362,299.223206,31284700
2022-02-10,292.329311,297.213632,289.117961,290.733246,45386200
2022-02-11,291.512014,292.569651,282.887511,283.675934,39175600
2022-02-14,282.454877,285.329732,280.128105,283.637512,36359500
2022-02-15,288.454577,289.214127,285.579722,288.896851,27058300
2022-02-16,287.470813,289.879490,282.952132,288.559540,29982100
2022-02-17,285.534303,285.958233,279.406641,280.109985,32461600
2022-02-18,282.345230,283.125639,275.851443,277.412262,34264000
2022-02-22,274.589257,280.890366,274.107522,277.209900,41736100
2022-02-23,279.580141,281.044636,269.868361,270.032135,37811200
2022-02-24,262.555548,284.378165,261.601692,283.828979,56989700
2022-02-25,284.358930,286.757964,280.996395,286.449646,32546700
2022-02-28,283.559188,288.212770,282.297043,287.875549,34627500
2022-03-01,285.572827,289.012426,281.478075,284.175812,31217800
2022-03-02,284.570844,290.457668,282.971507,289.224426,31873000
2022-03-03,291.825808,292.057032,283.308697,285.110413,27314500
2022-03-04,283.539897,284.859848,276.679988,279.271698,32356500
2022-03-07,277.990360,279.107990,268.355647,268.721771,43157200
2022-03-08,267.652280,273.587266,260.137217,265.773529,48159500
2022-03-09,273.086234,279.021219,270.523398,277.961395,35204500
2022-03-10,272.681617,276.130861,270.330745,275.157745,30628000
2022-03-11,277.441158,278.934556,269.222750,269.839386,27209300
2022-03-14,270.099481,274.974642,265.744602,266.341949,30660700
2022-03-15,270.109174,277.306305,268.548355,276.660767,34245100
2022-03-16,278.549106,283.809679,272.855017,283.636261,37826300
2022-03-17,282.576482,284.811713,278.799662,284.435974,30816600
2022-03-18,284.580466,290.004813,282.036917,289.455627,43390600
2022-03-21,287.971899,289.176237,284.127629,288.232025,28351200
2022-03-22,288.848607,293.858668,287.856233,292.953003,27599700
2022-03-23,289.532778,292.153421,286.844685,288.550018,25715400
2022-03-24,288.212739,293.087900,287.422685,292.991547,24484500
2022-03-25,294.080312,294.340439,288.357291,292.586914,22566500
2022-03-28,293.213129,299.446787,293.213129,299.350464,29578200
2022-03-29,302.443251,304.283485,297.760766,303.888458,30393400
2022-03-30,302.298726,304.408731,300.198337,302.395050,28163600
2022-03-31,302.433622,303.628346,296.643180,297.047821,33422100
2022-04-01,298.069027,298.801274,294.378946,298.117218,27110500
2022-04-04,298.762764,303.599379,298.396640,303.464508,24289600
2022-04-05,301.826637,303.368197,298.550841,299.523956,23156700
2022-04-06,294.041692,295.785572,285.871448,288.559540,40110400
2022-04-07,285.823297,292.557949,285.524623,290.361237,31411200
2022-04-08,289.465348,290.120501,285.457303,286.122101,24361900
2022-04-11,281.131217,281.921241,274.589240,274.839752,34569300
2022-04-12,278.674399,280.119606,270.244027,271.756683,30966700
2022-04-13,272.402227,278.038511,271.024441,277.113586,21907200
2022-04-14,277.566436,277.778401,269.116804,269.608154,28221600
2022-04-18,268.721775,272.142086,268.172589,270.272949,20778000
2022-04-19,269.174563,275.716540,268.239995,274.878296,22297700
2022-04-20,278.828527,279.117586,274.945740,275.899567,22906700
2022-04-21,278.038467,282.586051,269.829704,270.552307,29454600
2022-04-22,271.390569,272.855064,263.393769,264.020020,29405800
2022-04-25,263.307024,270.841345,260.879058,270.465607,35678900
2022-04-26,267.363251,268.191822,260.137217,260.349182,46518400
2022-04-27,271.795246,280.341231,268.962638,272.874329,63477700
2022-04-28,274.772326,280.350832,271.178569,279.050140,33646600
2022-04-29,278.067399,279.291026,266.399777,267.382507,37073900
2022-05-02,267.565569,274.531476,266.130007,274.078644,35151100
2022-05-03,273.587207,273.751010,269.916385,271.486847,25978600
2022-05-04,272.267383,280.254570,266.621455,279.387451,33599300
2022-05-05,275.109613,275.890023,264.318722,267.218781,43260400
2022-05-06,264.771523,269.049337,261.360826,264.694458,37780300
2022-05-09,260.195040,262.411012,253.701253,254.915207,47726000
2022-05-10,261.765491,263.750240,255.387317,259.655487,39336400
2022-05-11,255.975037,261.447547,249.828086,251.032425,48975900
2022-05-12,248.276904,250.386908,240.887081,246.022385,51033800
2022-05-13,247.949313,253.431466,246.022371,251.581589,34925100
2022-05-16,250.463924,256.109880,246.436622,251.947678,32550900
2022-05-17,256.389339,258.528247,252.872675,257.073425,28828800
2022-05-18,253.983073,254.562508,244.103812,245.368896,31356000
2022-05-19,245.195089,248.835855,243.244355,244.461151,32692300
2022-05-20,248.420556,249.676003,237.990844,243.901016,39199300
2022-05-23,246.730589,252.534533,244.741204,251.713669,33175400
2022-05-24,249.048341,252.370374,244.808836,250.719009,29043900
2022-05-25,249.289754,255.508933,248.314372,253.519562,28547900
2022-05-26,253.278110,257.952168,252.466913,256.783661,25002100
2022-05-27,259.275225,263.968587,258.386754,263.872009,26910800
2022-05-31,263.186417,265.349611,259.709836,262.549042,37827700
2022-06-01,265.764826,268.169447,260.781732,263.080139,25292200
2022-06-02,255.383318,265.233592,252.631025,265.165985,44008200
2022-06-03,261.042456,264.074815,259.207603,260.762390,28059000
2022-06-06,262.732403,264.779714,258.058346,259.535889,22400300
2022-06-07,257.498273,263.765754,256.822260,263.157349,22860700
2022-06-08,262.394487,263.640268,260.366479,261.139069,17372300
2022-06-09,258.599272,263.360242,255.557274,255.711792,26439700
2022-06-10,251.646044,251.646044,243.872049,244.316284,31422800
2022-06-13,236.706457,240.482407,233.249195,233.954163,46135800
2022-06-14,235.499352,237.314902,233.229915,236.107758,28651500
2022-06-15,239.796749,246.547104,237.971548,243.128464,33111700
2022-06-16,237.546626,238.937258,234.688117,236.571259,33169200
2022-06-17,236.310521,241.911672,235.663494,239.159378,43084800
2022-06-21,241.679889,246.015955,240.955602,245.040588,29928300
2022-06-22,243.253985,248.352974,241.786094,244.451477,25939900
2022-06-23,246.807804,250.477509,244.934314,249.984985,25861400
2022-06-24,252.833836,258.792311,252.746925,258.521912,33923200
2022-06-27,259.014487,259.101398,254.253517,255.808334,24615100
2022-06-28,254.929510,257.759048,247.532128,247.686646,27295500
2022-06-29,248.758579,252.988416,246.991318,251.337051,20069800
2022-06-30,248.237071,250.632055,244.229359,248.024612,31730900
2022-07-01,247.599769,250.863862,245.880782,250.680374,22837700
2022-07-05,247.377605,253.963789,246.006291,253.838242,22941000
2022-07-06,254.707357,258.801980,253.403636,257.083008,23824400
2022-07-07,256.030423,259.835343,255.933845,259.197968,20859900
2022-07-08,255.711830,258.908346,254.263257,258.483429,19658800
2022-07-11,256.542215,257.392049,253.191182,255.441315,19455200
2022-07-12,256.764350,256.822290,243.398841,244.972961,35868500
2022-07-13,241.612269,244.857072,239.603579,244.055527,29497400
2022-07-14,241.979242,246.392552,237.507976,245.368896,25102800
2022-07-15,246.952681,251.443250,246.035254,247.918396,29774100
2022-07-18,250.844499,251.897125,244.615639,245.533066,20975000
2022-07-19,248.748924,250.815568,244.982640,250.632080,25012600
2022-07-20,250.989382,255.788987,250.033333,253.278122,22788300
2022-07-21,250.883205,255.808359,248.217821,255.760056,22404700
2022-07-22,256.146258,256.233168,250.187812,251.433563,21881300
2022-07-25,252.051685,252.534543,248.005336,249.956070,21056000
2022-07-26,250.950741,250.970075,241.013553,243.263657,39348000
2022-07-27,252.206168,260.791360,249.975368,259.526276,45994000
2022-07-28,260.501653,268.314285,258.686104,266.933319,33459300
2022-07-29,268.179145,272.331709,267.145823,271.114899,32152800
2022-08-01,268.294997,271.636363,266.382870,268.478485,21539600
2022-08-02,266.537395,268.362610,263.041510,265.397858,22754200
2022-08-03,267.271358,273.780269,267.126477,272.785583,23518900
2022-08-04,272.138501,274.069931,270.564410,273.925079,18098700
2022-08-05,269.579411,273.925130,269.125524,273.210510,16774600
2022-08-08,274.311388,276.117301,269.743574,270.709290,18739200
2022-08-09,270.052653,273.374686,268.092222,272.621429,23405200
2022-08-10,278.290167,279.873925,277.102327,279.246216,24687800
2022-08-11,280.878209,281.225853,276.687010,277.179504,20065900
2022-08-12,278.589490,281.901886,277.102281,281.901886,22619700
2022-08-15,281.023129,284.094097,280.163629,283.408447,18085700
2022-08-16,281.979183,283.958917,280.463033,282.674500,18102900
2022-08-17,280.400236,283.893883,280.138950,281.929321,18253400
2022-08-18,280.835720,282.500277,279.761486,280.816376,17186200
2022-08-19,279.587287,279.926011,276.354956,276.925934,20570000
2022-08-22,272.987132,273.354887,268.283808,268.796722,25061100
2022-08-23,267.528961,269.870936,266.522477,267.528961,17527400
2022-08-24,266.532177,268.293517,266.241830,266.899933,18137000
2022-08-25,268.390276,270.025801,265.670858,269.861298,16583400
2022-08-26,270.083880,271.303273,259.341711,259.448151,27549300
2022-08-29,257.280369,258.780393,255.344838,256.680359,20338500
2022-08-30,258.073906,258.441632,252.257629,254.493164,22767100
2022-08-31,256.835140,258.499667,252.905987,253.041489,24791800
2022-09-01,250.525378,252.480283,247.176919,252.006058,23263400
2022-09-02,253.264133,256.206117,246.267181,247.805923,22855400
2022-09-06,247.941390,249.518822,243.818702,245.086472,21328200
2022-09-07,246.489709,250.486568,245.057421,249.770432,24126700
2022-09-08,249.209177,252.035034,246.576840,250.186600,20319900
2022-09-09,252.102809,256.680348,251.899586,255.935150,22084700
2022-09-12,257.212584,258.828765,256.612574,258.054535,18747700
2022-09-13,250.496293,252.006004,243.479996,243.867111,33353300
2022-09-14,245.357461,246.034894,241.805765,244.089691,23913000
2022-09-15,241.718672,243.296119,236.154023,237.470184,31530900
2022-09-16,236.386277,237.392761,234.257197,236.850815,39791800
2022-09-19,234.653988,237.237919,233.086213,236.637909,26826900
2022-09-20,234.266872,235.660442,231.915196,234.634613,26660300
2022-09-21,236.395953,239.676676,231.199045,231.247437,28625600
2022-09-22,230.202241,235.999158,229.911923,233.211990,31061200
2022-09-23,231.818461,233.357219,227.618364,230.250687,34176000
2022-09-26,229.408692,233.666852,229.263518,229.795792,27694200
2022-09-27,232.244266,234.005606,226.940918,228.789352,27018700
2022-09-28,229.176415,234.518481,227.163462,233.299103,29029700
2022-09-29,231.189385,232.215214,226.853802,229.844193,27484200
2022-09-30,230.608693,232.786164,225.227923,225.392441,35694800
2022-10-03,227.821577,233.821718,227.095753,232.979767,28880400
2022-10-04,237.189523,242.289649,237.083068,240.857361,34888400
2022-10-05,238.060521,242.502558,236.231445,241.167038,20347100
2022-10-06,239.937999,242.270316,238.147642,238.834747,20239900
2022-10-07,233.134605,233.541079,225.653785,226.689301,37769600
2022-10-10,225.537679,226.998999,219.421396,221.860168,29743600
2022-10-11,220.282658,221.676242,216.885808,218.143906,30474000
2022-10-12,218.134223,220.514931,216.740653,218.472946,21903900
2022-10-13,212.763161,228.489344,212.066369,226.689301,42551800
2022-10-14,227.947347,229.592560,220.979443,221.192352,30198600
2022-10-17,228.218345,231.257126,227.560257,229.873215,28142300
2022-10-18,235.399147,236.066892,227.782826,230.811935,26329600
2022-10-19,229.399048,231.886211,226.737693,228.857101,19985700
2022-10-20,228.169979,233.531391,227.298982,228.537720,21811000
2022-10-21,227.173151,235.166884,226.940882,234.315247,26299700
2022-10-24,235.902387,239.850870,233.521693,239.279892,24911200
2022-10-25,239.289562,242.947712,237.905665,242.579971,34775500
2022-10-26,223.718275,230.618446,222.644056,223.863449,82543200
2022-10-27,223.592410,226.156996,218.501971,219.440704,40424600
2022-10-28,218.947201,228.973249,218.763323,228.266769,40647700
2022-10-31,226.224771,227.347382,223.698903,224.647324,28357300
2022-11-01,227.037662,228.140914,220.002007,220.814926,30592300
2022-11-02,222.063378,223.844062,212.947018,213.005096,38407000
2022-11-03,212.995371,213.305063,207.082327,207.343628,36633900
2022-11-04,210.537310,214.447075,206.550108,214.253525,36789100
2022-11-07,214.834179,221.047229,214.147059,220.524628,33498000
2022-11-08,221.327883,224.182787,218.560074,221.492401,28192500
2022-11-09,220.040727,221.260121,217.098728,217.272919,27852900
2022-11-10,227.840908,235.486261,227.424777,235.147537,46268000
2022-11-11,235.157252,239.996078,234.131409,239.144440,34620200
2022-11-14,234.189476,236.047583,231.499090,233.763657,31123300
2022-11-15,237.741176,239.037977,232.292654,234.170120,31390100
2022-11-16,235.625826,236.606033,233.325764,234.597107,24093300
2022-11-17,230.763670,236.072264,230.618102,234.548584,23123500
2022-11-18,236.324609,236.547833,231.976807,234.102188,27613500
2022-11-21,234.305969,237.450370,234.073060,234.907684,26394700
2022-11-22,236.402232,238.071480,233.607224,237.799744,19665700
2022-11-23,237.877373,240.953832,237.062163,240.274490,19508500
2022-11-25,240.012453,241.361436,239.449565,240.187149,9200800
2022-11-28,238.818739,239.371912,233.694541,234.626205,24778200
2022-11-29,234.276853,235.625837,231.180995,233.238434,17956300
2022-11-30,233.471354,247.795816,232.782298,247.611420,47594200
2022-12-01,246.378902,248.562510,243.515953,247.174713,26041500
2022-12-02,242.448407,248.504270,242.322239,247.494965,21528500
2022-12-05,244.573789,246.330392,240.740347,242.817200,23435300
2022-12-06,243.418888,244.428193,236.586614,237.887070,22463700
2022-12-07,237.605658,238.896415,235.062973,237.159225,20481500
2022-12-08,237.615350,241.400279,235.887874,240.099808,22611800
2022-12-09,237.479467,240.982945,236.955408,238.178223,20609700
2022-12-12,240.148317,245.088119,239.876580,245.059006,30665100
2022-12-13,253.968151,256.132360,245.602511,249.338913,42196900
2022-12-14,249.542679,254.841559,246.805884,249.630020,35410900
2022-12-15,246.233287,246.699119,240.041542,241.662262,35560400
2022-12-16,241.215904,242.467833,236.324614,237.469803,86102000
2022-12-19,237.634764,237.974442,231.666242,233.354889,29696400
2022-12-20,232.335849,235.742286,231.384770,234.665039,25150800
2022-12-21,234.558283,238.372311,233.024904,237.217422,23690600
2022-12-22,234.140964,234.849434,226.969026,231.161560,28651700
2022-12-23,229.142953,231.821507,227.036987,231.685638,21207000
2022-12-27,231.656528,231.879737,228.871219,229.967880,16688600
2022-12-28,229.899951,232.646447,227.260211,227.609589,17457100
2022-12-29,228.696492,234.781482,228.696492,233.898331,19770700
2022-12-30,231.181006,232.879368,229.676740,232.743500,21938500
2023-01-03,235.907236,238.498448,230.394833,232.510513,25740000
2023-01-04,225.425941,225.998528,219.292438,222.339783,50623400
2023-01-05,220.495891,220.835569,215.216409,215.750183,39585600
2023-01-06,216.419773,219.098327,212.877482,218.292816,43613600
2023-01-09,219.768015,224.416682,219.729202,220.418243,27369800
2023-01-10,221.039335,224.484586,220.622031,222.097183,27033900
2023-01-11,224.465187,228.987685,224.290505,228.813004,28669300
2023-01-12,228.318037,232.821121,226.668203,231.472137,27269500
2023-01-13,230.006689,232.306752,227.988063,232.170883,21333300
2023-01-17,230.948082,233.801332,230.094044,233.257858,29831300
2023-01-18,234.441852,235.227949,228.570370,228.851807,30028700
2023-01-19,226.881675,228.570336,223.873143,225.086258,28623000
2023-01-20,227.929844,233.636344,227.590165,233.131683,35389800
2023-01-23,233.985718,237.935615,232.578492,235.422043,31934000
2023-01-24,235.344382,236.751593,233.345170,234.897949,40234400
2023-01-25,227.561040,236.120789,224.086675,233.510162,66526600
2023-01-26,236.460436,240.982933,234.859130,240.682083,33454500
2023-01-27,241.642943,242.458154,239.546676,240.837433,26498900
2023-01-30,237.295077,238.352925,235.053242,235.548203,25867400
2023-01-31,236.266349,240.633564,235.781103,240.497696,26541100
2023-02-01,240.682138,247.650267,238.226793,245.291977,31259900
2023-02-02,251.182852,256.879638,249.659172,256.792297,39940400
2023-02-03,251.881557,256.404055,249.513554,250.726669,29077300
2023-02-06,249.843541,250.678150,247.262028,249.193298,22518000
2023-02-07,252.842357,260.839204,252.405624,259.664917,50841400
2023-02-08,265.138554,268.593505,258.354792,258.859467,54686000
2023-02-09,265.720839,265.895550,255.045421,255.841232,42375100
2023-02-10,253.812837,256.297295,252.968514,255.336517,25818500
2023-02-13,259.742560,266.497178,259.266999,263.313965,44630900
2023-02-14,264.624193,266.856314,261.334209,264.138947,37047900
2023-02-15,261.054726,263.399474,258.972656,262.027649,28922400
2023-02-16,256.871165,259.517517,254.808573,255.051804,29603600
2023-02-17,252.366560,253.047588,249.068336,251.072556,30000100
2023-02-21,247.589464,248.572126,244.777717,245.828476,28397400
2023-02-22,247.210034,247.453264,243.561572,244.699890,22491100
2023-02-23,248.640215,249.885556,243.697764,247.871613,29219100
2023-02-24,243.191877,244.203711,241.382239,242.471909,24990900
2023-02-27,245.624201,245.974454,242.637320,243.386475,21190000
2023-02-28,242.325974,244.680447,241.995169,242.666489,22491000
2023-03-01,243.970207,244.135602,239.134778,239.601791,27565300
2023-03-02,239.874233,244.592902,238.959683,244.310760,24808200
2023-03-03,245.361480,248.698599,244.583139,248.377533,30760100
2023-03-06,249.486706,253.076796,249.048894,249.914795,24109800
2023-03-07,249.360165,250.712543,246.528971,247.268387,21473200
2023-03-08,247.161387,247.647849,244.018850,246.830597,17340200
2023-03-09,248.893223,252.531946,244.768023,245.487991,26653400
2023-03-10,244.281532,245.945222,240.895763,241.858948,28333900
2023-03-13,240.701184,250.926616,239.076404,247.044647,33339700
2023-03-14,249.797990,254.001024,248.932089,253.728607,33620300
2023-03-15,252.940534,259.264534,252.191365,258.252686,46028000
2023-03-16,258.028959,269.071643,256.151224,268.721405,54768800
2023-03-17,270.725588,275.658286,268.838115,271.863892,69527400
2023-03-20,269.480241,269.966702,262.543295,264.858856,43466600
2023-03-21,267.437134,267.553880,262.222251,266.366913,34558700
2023-03-22,265.997167,273.430313,264.810199,264.917236,34873300
2023-03-23,270.414294,273.449809,267.748493,270.141876,36610900
2023-03-24,269.733232,273.031457,267.826311,272.973083,28172000
2023-03-27,272.904892,273.838889,268.059725,268.896454,26840200
2023-03-28,268.322514,268.663043,264.683761,267.777679,21878600
2023-03-29,271.406624,273.527619,270.871528,272.914673,25087000
2023-03-30,276.534005,276.757758,273.858466,276.358856,25053400
2023-03-31,276.047507,281.437481,275.337263,280.493744,32766000
2023-04-03,278.761901,280.464516,276.261511,279.452698,24883300
2023-04-04,279.452717,282.585530,277.934959,279.404053,25824300
2023-04-05,278.110145,279.374934,275.259487,276.641022,22064800
2023-04-06,275.541537,284.171360,274.393495,283.704376,29770300
2023-04-10,281.379081,281.758535,277.000927,281.554230,23103000
2023-04-11,278.012824,278.236607,274.014124,275.171875,27276600
2023-04-12,277.078783,279.238673,274.325394,275.813965,27403400
2023-04-13,275.911236,282.050377,275.502624,281.992004,24222700
2023-04-14,279.228911,280.668848,276.008539,278.392212,20987900
2023-04-17,282.079541,283.704335,278.411632,280.980133,23836200
2023-04-18,283.675225,283.860083,279.238698,280.561859,20161800
2023-04-19,278.246267,281.223409,276.835546,280.639679,17150300
2023-04-20,277.526337,281.203986,277.360927,278.363037,23244400
2023-04-21,277.292860,278.518723,275.395648,278.022552,21676400
2023-04-24,274.451845,277.234421,271.173100,274.140503,26611000
2023-04-25,271.941777,273.975183,267.913860,267.962524,45772200
2023-04-26,288.666319,291.458604,284.803813,287.372314,64599200
2023-04-27,287.956086,296.936178,287.255580,296.576172,46462600
2023-04-28,295.778368,300.565134,295.097310,298.940369,36469600
2023-05-01,298.658202,300.244071,296.887475,297.286377,21294100
2023-05-02,299.426817,300.808351,295.681057,297.140442,26404400
2023-05-03,298.317728,300.253836,295.856233,296.157837,22360800
2023-05-04,297.947955,299.426817,295.184857,297.140442,22519900
2023-05-05,297.442052,303.522822,296.031302,302.238556,28197100
2023-05-08,301.732631,301.800743,297.802013,300.292694,21318600
2023-05-09,299.660301,301.645072,298.016059,298.687378,21340800
2023-05-10,300.263519,304.524926,299.339259,303.853607,30078000
2023-05-11,301.703487,302.695858,297.967465,301.713196,31680200
2023-05-12,302.141240,302.238538,298.298212,300.604034,19774700
2023-05-15,300.730542,301.508869,299.261419,301.080780,16336500
2023-05-16,301.440755,305.215701,301.440755,303.299042,26730300
2023-05-17,304.498383,306.584975,302.987038,306.165710,24315000
2023-05-18,306.682467,311.079952,305.892679,310.572906,27276000
2023-05-19,308.837344,310.797205,308.476581,310.397430,27546700
2023-05-22,310.650949,314.541389,310.075673,313.166565,24115700
2023-05-23,312.045296,314.668183,307.384558,307.394318,30797200
2023-05-24,306.877519,308.603347,304.810388,306.019470,23384900
2023-05-25,315.175113,318.743799,312.015961,317.788269,43301700
2023-05-26,315.935693,325.081667,315.799202,324.584412,36630600
2023-05-30,326.866009,327.363264,322.273502,322.946289,29503100
2023-05-31,323.999344,327.558270,319.163075,320.196655,45950600
2023-06-01,317.797968,325.208353,316.618166,324.282043,26773900
2023-06-02,325.910498,329.079410,324.252901,327.031799,25873800
2023-06-05,326.856251,330.112915,326.310226,327.558289,21307100
2023-06-06,326.963533,327.002543,323.882400,325.354706,20396200
2023-06-07,323.375298,326.144436,314.453597,315.311646,40717100
2023-06-08,315.857641,318.490288,315.282366,317.144714,23277700
2023-06-09,316.881519,321.756770,316.316003,318.636627,22529000
2023-06-12,320.381941,323.814136,317.047286,323.570374,24260300
2023-06-13,326.124995,328.572380,322.146804,325.949493,22951300
2023-06-14,325.998251,330.580998,324.506425,328.923401,26003800
2023-06-15,329.059861,341.111464,328.786848,339.414886,38899100
2023-06-16,342.554537,342.700789,333.418324,333.788818,46552000
2023-06-20,330.844204,333.545081,327.480269,329.615631,26375400
2023-06-21,327.977559,329.303642,323.784856,325.237671,25117800
2023-06-22,325.783727,331.634027,325.023189,331.234253,23556800
2023-06-23,326.017688,329.527874,325.130419,326.661224,23146900
2023-06-26,325.393679,327.724033,320.294157,320.401428,21520600
2023-06-27,323.580127,327.763100,321.084001,326.222534,24354100
2023-06-28,326.310239,329.547412,325.481440,327.470551,20259500
2023-06-29,326.358977,327.724041,324.321126,326.690491,16997000
2023-06-30,329.323090,334.178849,328.786825,332.043488,26832800
2023-07-03,330.727231,332.394559,328.172605,329.557159,12508700
2023-07-05,326.729484,333.125810,326.378481,329.713135,18172400
2023-07-06,328.884330,334.432367,327.129252,332.755280,28161200
2023-07-07,330.853946,333.262321,328.591823,328.806335,21214800
2023-07-10,326.251750,326.866036,319.416640,323.550842,32791400
2023-07-11,322.800102,324.555181,318.841401,324.174927,26698200
2023-07-12,328.201829,333.125820,327.295040,328.786865,29995300
2023-07-13,331.087965,335.163667,330.561430,334.110626,20567200
2023-07-14,338.917594,342.661782,335.719431,336.626221,28352700
2023-07-17,337.055295,338.332608,333.662139,337.104065,20363900
2023-07-18,337.201505,357.628813,333.632849,350.520691,64738600
2023-07-19,352.724361,353.416638,343.646647,346.220764,39732900
2023-07-20,344.748423,349.038637,336.753001,338.215576,33778400
2023-07-21,340.438675,341.559976,331.351203,335.192902,69405400
2023-07-24,337.221100,338.264410,333.769414,336.499542,26678100
2023-07-25,338.449554,343.110321,336.460474,342.223022,41637700
2023-07-26,332.921098,336.070521,324.798914,329.342651,58383700
2023-07-27,331.985065,332.813834,320.840220,322.468567,39635300
2023-07-28,325.344926,331.526739,324.857401,329.927643,28484900
2023-07-31,328.513868,329.274406,325.042663,327.538818,25446000
2023-08-01,326.827002,330.093425,325.374187,327.948303,18311900
2023-08-02,325.305918,325.305918,318.217286,319.328857,27761300
2023-08-03,317.866321,321.649520,317.817580,318.509857,18253700
2023-08-04,323.599609,326.778282,319.075363,319.601898,23741500
2023-08-07,320.177171,322.848799,319.348373,321.873749,17741500
2023-08-08,318.802399,320.547747,314.941209,317.915100,22327600
2023-08-09,318.324602,318.948619,313.039817,314.190399,22373300
2023-08-10,317.885734,320.069865,313.166496,314.872833,20113700
2023-08-11,312.269506,314.365857,311.245686,313.000793,24355500
2023-08-14,313.371354,315.974721,312.094011,315.955231,18836100
2023-08-15,314.941192,316.979043,312.893581,313.829620,16966300
2023-08-16,313.458314,316.995494,312.481200,313.067474,20698900
2023-08-17,313.204202,314.503751,308.973281,309.627960,21257200
2023-08-18,307.292765,311.093755,304.420046,309.237244,24755000
2023-08-21,310.653967,315.383197,309.784350,314.513580,24040000
2023-08-22,318.050759,318.617472,314.103208,315.080322,16084600
2023-08-23,316.409172,321.666051,316.057395,319.516388,21166400
2023-08-24,325.232547,325.359577,312.637528,312.647308,23281400
2023-08-25,314.112988,317.913947,311.504079,315.588440,21684100
2023-08-28,318.207036,318.685813,314.357204,316.291901,14808500
2023-08-29,314.513609,321.451127,314.513609,320.894165,19284600
2023-08-30,321.148162,322.262057,318.978968,321.265411,15222100
2023-08-31,321.666050,323.336907,319.301420,320.259003,26411000
2023-09-01,323.727775,324.392206,319.301448,321.138428,14942000
2023-09-05,321.470645,327.186771,321.138430,325.916504,18553900
2023-09-06,325.750398,326.805668,322.623620,325.261841,17535800
2023-09-07,323.708255,325.457269,321.499967,322.359833,18381000
2023-09-08,322.535755,328.466848,321.920168,326.620087,19530100
2023-09-11,329.522063,330.675080,327.753488,330.206055,16583300
2023-09-12,328.134516,329.082318,323.893843,324.177185,17565500
2023-09-13,323.727786,329.141008,323.591005,328.369080,16544400
2023-09-14,331.388384,333.059241,328.867441,330.948700,20267000
2023-09-15,329.209398,329.678394,322.105757,322.662720,37679800
2023-09-18,320.298153,322.838657,318.891106,321.529327,16834200
2023-09-19,318.705437,321.851747,317.083424,321.128662,16505900
2023-09-20,321.968955,322.047111,313.174926,313.428955,21436500
2023-09-21,311.953567,317.904190,307.791049,312.217377,35560400
2023-09-22,313.966365,314.093395,308.914671,309.755005,21447900
2023-09-25,309.344648,310.399948,307.791040,310.272919,17836000
2023-09-26,307.918022,308.650858,302.924953,304.996460,26297600
2023-09-27,305.152816,307.107045,302.602562,305.631622,19410100
2023-09-28,303.872842,308.260106,302.368107,306.462219,19683600
2023-09-29,310.478094,312.158731,307.771497,308.523865,24147300
2023-10-02,309.041764,314.523391,307.966932,314.435425,20570000
2023-10-03,313.487662,314.034873,304.087824,306.217957,21033500
2023-10-04,306.843234,312.715701,306.813921,311.660400,20720100
2023-10-05,311.787429,312.657075,307.693317,312.051239,16965600
2023-10-06,309.305590,321.656332,309.061311,319.770508,25673600
2023-10-09,317.317934,322.740907,315.783857,322.271912,19891200
2023-10-10,323.385765,323.522575,320.171080,320.874603,20557100
2023-10-11,323.630048,325.203218,321.607444,324.812378,20063200
2023-10-12,323.004713,325.994681,321.197046,323.581207,19313100
2023-10-13,324.773313,326.190111,318.891064,320.229736,21072400
2023-10-16,323.473736,328.447275,323.034052,325.027374,22158000
2023-10-17,322.047158,325.828587,319.917056,324.460632,18338500
2023-10-18,324.880805,327.909866,320.786692,322.555267,23153600
2023-10-19,324.548541,329.170302,323.336928,323.737549,25052100
2023-10-20,324.128385,324.323820,318.001889,319.193970,25027700
2023-10-23,318.021399,325.115258,316.966128,321.783295,24374700
2023-10-24,323.718035,324.245685,320.102729,322.965668,31153600
2023-10-25,337.123989,338.277007,329.893349,332.873566,55053800
2023-10-26,332.746507,333.811558,319.457746,320.386017,37828500
2023-10-27,322.867891,329.013949,320.884350,322.262085,29856500
2023-10-30,325.779714,331.681493,324.235856,329.590454,22828100
2023-10-31,331.095247,331.241808,327.030447,330.372162,20265300
2023-11-01,332.013687,339.469074,331.876876,338.149963,28158800
2023-11-02,339.293180,340.846788,336.879706,340.348480,24348100
2023-11-03,341.628486,346.279560,339.381105,344.725922,23637700
2023-11-06,345.361106,349.357501,345.263389,348.370605,23828300
2023-11-07,351.174939,354.164907,349.445457,352.279083,25833900
2023-11-08,353.402707,355.542589,352.298563,354.887939,26767800
2023-11-09,354.008565,356.441600,352.112960,352.435425,24847300
2023-11-10,353.217081,361.630052,352.806710,361.209900,28042100
2023-11-13,359.793064,360.037343,357.526152,358.288300,19986500
2023-11-14,362.519228,363.437717,358.942985,361.796143,27683900
2023-11-15,363.519448,365.330785,359.436597,361.943115,26860100
2023-11-16,363.206039,368.483390,362.442344,368.307159,27182300
2023-11-17,365.800649,366.544773,359.328828,362.119263,40157000
2023-11-20,363.460640,370.950731,363.245237,369.550629,52465100
2023-11-21,367.817633,368.356124,363.362720,365.271973,28423100
2023-11-22,370.098854,371.851447,367.132190,369.951996,23345300
2023-11-24,369.442917,370.069554,367.298720,369.540833,10176600
2023-11-27,368.904340,372.683672,368.336477,370.696075,22179200
2023-11-28,370.441603,374.994401,370.255572,374.700684,20453100
2023-11-29,375.738556,376.267248,369.550651,370.931183,28963400
2023-11-30,370.578695,372.145257,367.621831,370.989929,30554400
2023-12-01,368.884793,370.255524,363.548700,366.681824,33040500
2023-12-04,361.384931,361.796135,355.314513,361.424103,32063300
2023-12-05,358.790359,365.281752,357.977691,364.733459,23065000
2023-12-06,365.732099,366.358705,360.337262,361.091156,21182100
2023-12-07,360.533082,363.685777,358.663002,363.196228,23118900
2023-12-08,361.482885,366.632919,360.533159,366.407745,20154400
2023-12-11,360.777938,363.832718,358.447681,363.538971,27708800
2023-12-12,363.098322,366.593707,362.716459,366.554535,24838300
2023-12-13,368.160274,369.746438,363.020012,366.544769,30955500
2023-12-14,365.506965,365.947571,356.518856,358.281219,43277500
2023-12-15,359.181992,364.615972,358.623899,362.980896,78502300
2023-12-18,361.727623,365.203408,360.973699,364.860718,21802900
2023-12-19,363.724925,365.457947,362.109420,365.457947,20603700
2023-12-20,367.161621,368.170091,362.785054,362.873169,26316700
2023-12-21,364.772621,366.583957,362.305305,365.732147,17708000
2023-12-22,365.869184,367.337831,364.919458,366.750366,17107500
2023-12-26,367.161594,369.061046,365.692948,366.828705,12673100
2023-12-27,365.878945,367.220304,365.017335,366.251007,14905400
2023-12-28,367.523876,368.591089,366.339176,367.435760,14327000
2023-12-29,368.140698,369.276455,365.673383,368.179871,18730800
2024-01-02,366.045412,368.042780,359.103614,363.117920,25258600
2024-01-03,361.296815,365.457980,360.807266,362.853577,23083500
2024-01-04,362.922123,365.301323,359.495282,360.249176,20901500
2024-01-05,361.257611,364.283018,358.839238,360.063110,21004600
2024-01-08,361.580683,367.357381,361.296766,366.858032,23134000
2024-01-09,364.234132,368.130921,363.431264,367.935120,20830000
2024-01-10,368.502947,376.139926,368.454004,374.769165,25514200
2024-01-11,377.931660,382.513830,372.429137,376.590302,27850800
2024-01-12,377.432315,380.555639,376.609877,380.350037,21661200
2024-01-16,385.431613,385.793874,379.517854,382.112457,27202300
2024-01-17,379.870347,381.955800,376.766594,381.329193,22234100
2024-01-18,383.532153,385.754694,381.965591,385.637207,23392100
2024-01-19,387.487706,390.336884,385.274935,390.336884,29331100
2024-01-22,391.658628,392.246092,385.363037,388.222015,27016900
2024-01-23,387.477800,391.031928,385.695835,390.561951,20525900
2024-01-24,393.146839,397.151344,392.079626,394.145508,24867000
2024-01-25,395.868735,398.502510,394.116142,396.407227,21021200
2024-01-26,395.917622,397.680015,394.018170,395.486816,17803300
2024-01-29,397.572383,401.410459,395.878533,401.155884,24510200
2024-01-30,403.642801,404.416267,397.954246,400.049500,33477600
2024-01-31,398.453532,406.638803,388.907331,389.269592,47871100
2024-02-01,393.430775,399.471820,393.401403,395.340027,30657700
2024-02-02,395.369395,404.024614,395.124621,402.624512,28256700
2024-02-05,401.332125,402.565797,395.545654,397.170959,25352300
2024-02-06,397.396145,399.442455,394.488224,397.014282,18382600
2024-02-07,398.923534,405.640130,398.884362,405.395355,22340500
2024-02-08,405.395358,406.873805,403.907140,405.454102,21225300
2024-02-09,406.570286,412.023866,406.413626,411.759491,22032800
2024-02-12,411.769314,411.945545,406.080759,406.580109,21202900
2024-02-13,396.475806,401.498582,394.958216,397.826965,27824900
2024-02-14,400.279216,402.015412,396.846037,401.672089,20401200
2024-02-15,400.347886,401.318976,396.571384,398.798035,21825500
2024-02-16,400.171300,400.495017,395.737606,396.345764,22296500
2024-02-20,395.541397,396.767532,390.411266,395.100006,24307900
2024-02-21,392.530073,394.609594,389.636382,394.501678,18518900
2024-02-22,402.358776,404.948358,400.769709,403.790894,27009900
2024-02-23,407.734086,407.920431,401.161990,402.505829,16295900
2024-02-26,403.604513,404.291160,399.582783,399.759369,16193500
2024-02-27,400.200713,400.524429,396.139769,399.700470,14835800
2024-02-28,400.387061,401.485674,397.581679,399.935852,13183100
2024-02-29,400.838378,406.292226,398.170307,405.742920,31947300
2024-03-01,403.418100,407.930284,403.035561,407.567352,17823400
2024-03-04,405.546719,409.382074,404.448107,406.998474,17596000
2024-03-05,406.056809,406.341281,392.991133,394.962738,26919200
2024-03-06,395.276534,397.424725,390.783988,394.413330,22344100
2024-03-07,398.366434,401.956562,394.560506,401.328796,18718500
2024-03-08,400.171309,402.584365,396.610608,398.464539,18002200
2024-03-11,396.051497,397.934824,393.599226,396.796967,16120800
2024-03-12,399.837832,407.636065,399.023691,407.351593,22457000
2024-03-13,410.117712,410.196172,403.594679,407.174988,17115900
2024-03-14,412.216812,419.652113,410.009769,417.101746,34157300
2024-03-15,411.285020,414.531824,404.909116,408.469818,45079900
2024-03-18,406.341235,412.697531,405.880207,409.352631,20106000
2024-03-19,409.852834,413.619548,407.616365,413.364502,19837900
2024-03-20,413.943319,417.827708,412.628906,417.111664,17860100
2024-03-21,421.623756,422.594875,419.004748,421.172546,21296200
2024-03-22,421.496289,421.653208,417.935588,420.554596,17648500
2024-03-25,417.121432,419.250016,413.560730,414.786865,18060500
2024-03-26,417.484272,417.857021,413.305624,413.599884,16725600
2024-03-27,416.336668,416.346487,411.010344,413.384125,16705000
2024-03-28,412.923153,413.815783,411.118285,412.687744,21871200
2024-04-01,415.856045,419.720825,414.159063,416.464203,16316000
2024-04-02,412.089327,414.316008,409.862676,413.393951,17912000
2024-04-03,411.716596,415.179201,411.088801,412.422852,16502300
2024-04-04,416.876159,420.485924,409.597837,409.901917,19370900
2024-04-05,411.991273,418.367177,410.333536,417.396057,16554800
2024-04-08,417.052800,419.122502,415.218476,416.483856,14272400
2024-04-09,418.298581,419.573750,413.570595,418.141632,12496900
2024-04-10,414.129620,415.934488,411.687169,415.179199,16216600
2024-04-11,417.690338,421.172550,414.296374,419.760040,17966400
2024-04-12,415.954131,417.062562,411.755845,413.845184,19253800
2024-04-15,418.455483,418.671284,405.536908,405.742920,20273500
2024-04-16,406.655159,410.412024,405.831199,406.664948,16765600
2024-04-17,409.283982,410.882867,402.496083,403.977264,15855500
2024-04-18,402.790319,404.026273,396.237859,396.551727,21029900
2024-04-19,396.316355,397.738684,390.175859,391.500092,30565800
2024-04-22,392.441728,395.158862,388.194408,393.304932,20286900
2024-04-23,396.522377,400.406795,395.364912,399.788818,15734500
2024-04-24,401.740759,404.595206,399.013836,401.250305,15065300
2024-04-25,386.507241,392.255378,380.621792,391.421600,40586500
2024-04-26,404.300972,405.115113,398.013346,398.562653,29694700
2024-04-29,397.513068,398.562647,391.568766,394.570343,19582100
2024-04-30,393.824851,394.482073,381.740084,381.897003,28781400
2024-05-01,385.114369,394.050459,382.858292,387.399902,23562500
2024-05-02,390.067951,392.294601,387.115407,390.244507,17709400
2024-05-03,394.599766,399.376784,394.187771,398.896149,17446700
2024-05-06,400.956036,406.027314,398.611651,405.644775,16996600
2024-05-07,406.743402,406.753221,401.279736,401.524963,20018200
2024-05-08,400.377340,404.359825,398.945192,402.702087,11792300
2024-05-09,402.731470,404.840416,401.289534,404.448059,14689700
2024-05-10,405.056246,407.449665,403.937996,406.821869,13402300
2024-05-13,410.029455,410.362960,402.976722,405.821350,15440200
2024-05-14,404.153785,409.519354,403.692757,408.607117,15109300
2024-05-15,410.660868,416.468494,410.041776,415.751129,22239500
2024-05-16,414.493354,418.050672,413.068490,413.697388,17530100
2024-05-17,415.220594,415.594017,410.788709,412.930939,15352200
2024-05-20,412.930936,419.377298,412.714745,417.972076,16272100
2024-05-21,419.436172,425.469825,417.490490,421.607910,21453300
2024-05-22,422.639742,424.919561,419.731025,423.062286,18073700
2024-05-23,425.469888,426.088980,418.050685,419.603302,17211700
2024-05-24,419.790004,423.592961,417.058162,422.708557,11855300
2024-05-28,422.187764,423.357153,419.210252,422.865814,15718000
2024-05-29,418.315989,423.475046,418.315989,421.735718,15517100
2024-05-30,416.950036,416.950036,407.064303,407.486877,28394500
2024-05-31,409.530867,409.530867,397.502904,407.938934,47995300
2024-06-03,408.331942,409.216345,401.836458,406.356750,17484700
2024-06-04,405.285650,409.226196,402.583287,408.862610,14348900
2024-06-05,410.572457,416.733834,409.088605,416.665070,16988000
2024-06-06,416.665115,417.942583,413.294508,417.166260,14861300
2024-06-07,418.817172,418.895773,415.672592,416.507874,13621700
2024-06-10,417.343090,420.664514,416.547124,420.458160,13982900
2024-06-11,418.109676,425.322526,417.883649,425.184937,14551100
2024-06-12,427.779210,435.719231,425.745060,433.419769,22366200
2024-06-13,433.213390,435.709399,431.759016,433.930725,15960600
2024-06-14,430.687900,435.463728,429.154926,434.903595,13582000
2024-06-17,434.923214,443.128577,433.085612,440.603088,20790000
2024-06-18,441.919864,442.342438,437.183382,438.608246,17112500
2024-06-20,438.568953,438.794979,433.626086,437.979370,19877400
2024-06-21,439.630288,442.774839,438.775364,441.988708,34187100
2024-06-24,442.008300,444.907210,438.677039,439.915222,15913700
2024-06-25,440.485156,443.600257,439.011140,443.138397,16413400
2024-06-26,441.222219,445.742542,440.426253,444.327484,16507000
2024-06-27,444.347086,448.267990,443.944185,445.005493,14806300
2024-06-28,445.221715,447.491698,438.677079,439.207733,28362300
2024-07-01,440.888084,449.447196,437.940051,448.818298,17662800
2024-07-02,445.349431,451.628724,445.260964,451.324097,13979800
2024-07-03,450.252974,453.033938,449.948347,452.788269,9932800
2024-07-05,451.648365,460.236986,451.019467,459.460663,16000300
2024-07-08,458.468141,459.598244,456.414349,458.163513,12962300
2024-07-09,458.910386,459.234656,450.066289,451.579620,17207200
2024-07-10,453.230564,458.379785,450.911430,458.173431,18196100
2024-07-11,454.959993,456.728800,443.727967,446.823425,23111200
2024-07-12,446.459908,448.454742,442.843661,445.693420,16324300
2024-07-15,445.447712,449.339137,443.610110,446.096283,14429400
2024-07-16,446.351781,446.430382,438.922742,441.733185,17175700
2024-07-17,434.923214,437.144075,431.572281,435.837097,21778000
2024-07-18,436.642930,436.947558,426.875113,432.741699,20794800
2024-07-19,425.597600,433.498335,424.516649,429.538116,20940400
2024-07-22,434.137139,436.898460,431.307022,435.267212,15808800
2024-07-23,436.210548,440.622791,435.424418,437.144104,13107100
2024-07-24,432.820373,433.832530,420.183123,421.470428,26805800
2024-07-25,421.372061,422.354738,410.277654,411.152222,29943800
2024-07-26,410.955722,421.490025,410.041809,417.903229,23583800
2024-07-29,424.103944,424.664077,417.343148,419.337982,15125800
2024-07-30,420.310803,421.617751,410.130249,415.593964,32687600
2024-07-31,413.215900,414.473726,405.069495,411.103149,42891400
2024-08-01,413.500858,420.055300,405.934230,409.884583,30296400
2024-08-02,405.344620,407.811150,397.335804,401.413910,29437900
2024-08-05,382.428631,394.093008,378.900792,388.305023,40709200
2024-08-06,393.070972,398.642766,391.596956,392.687714,24946500
2024-08-07,401.561326,402.976354,390.584806,391.528168,20650900
2024-08-08,395.468747,398.829487,393.012053,395.714417,20203000
2024-08-09,397.031237,400.981590,395.291908,398.986755,19276700
2024-08-12,400.008670,401.679233,397.237512,399.763000,16762900
2024-08-13,402.494870,407.762037,402.475227,406.838318,19414300
2024-08-14,407.614664,410.484095,405.305395,409.638977,18267000
2024-08-15,413.271539,414.561165,411.164835,414.482422,20752100
2024-08-16,414.059130,414.787613,410.810432,411.962250,22775600
2024-08-19,412.444600,415.191220,409.983478,414.974640,15234000
2024-08-20,415.142050,419.237330,415.082986,418.193817,16387600
2024-08-21,417.484973,419.768901,415.161688,417.544067,16067300
2024-08-22,417.760637,420.152870,408.162262,409.087646,19361900
2024-08-23,410.495397,412.739939,405.681429,410.308350,18493800
2024-08-26,409.894879,410.790731,404.943103,407.059662,13152800
2024-08-27,406.439465,407.916138,403.870069,407.404236,13492900
2024-08-28,408.428038,408.546167,400.975755,404.214600,14882700
2024-08-29,408.487169,415.486585,404.214665,406.695465,17045200
2024-08-30,409.136864,410.997457,405.720826,410.652924,24308300
2024-09-03,411.410975,413.350340,400.700168,403.072693,20313600
2024-09-04,399.597585,404.844683,398.081525,402.541077,15135800
2024-09-05,401.280957,406.675746,399.814138,402.039001,14195500
2024-09-06,402.698561,404.263831,394.567006,395.453033,19609500
2024-09-09,400.906904,402.294981,395.896064,399.410553,15295100
2024-09-10,401.851945,409.855487,401.359720,407.758636,19594300
2024-09-11,409.038460,417.396420,403.210510,416.461212,19266900
2024-09-12,416.727001,420.723860,413.222366,420.359619,17395700
2024-09-13,419.207783,425.114475,418.843542,423.893768,15874600
2024-09-16,423.903628,426.788056,421.560635,424.632111,13834700
2024-09-17,433.383859,434.978661,425.547626,428.382843,18874200
2024-09-18,428.235163,429.249144,423.716548,424.110321,18898000
2024-09-19,434.368337,434.634127,430.105657,431.867828,21706600
2024-09-20,430.420664,432.409239,427.467317,428.500977,55167100
2024-09-23,427.526356,429.672447,423.696866,426.768341,15128900
2024-09-24,426.266275,426.610838,419.473585,422.495850,17015800
2024-09-25,423.145534,426.384378,421.905149,425.390076,13396400
2024-09-26,428.323754,428.530480,422.456448,424.602539,14492000
2024-09-27,424.809310,425.134195,420.822304,421.363739,14896100
2024-09-30,421.550782,423.726435,418.754951,423.608276,16807300
2024-10-01,421.787036,421.816568,412.296937,414.147705,19092900
2024-10-02,416.008293,416.244582,410.229585,410.643066,16582300
2024-10-03,411.135301,413.025426,407.847246,410.062256,13686400
2024-10-04,411.735813,413.222340,408.516676,409.589722,19169700
2024-10-07,409.530673,410.623397,402.639532,403.171143,20919800
2024-10-08,404.509995,409.195981,401.822469,408.260742,19229300
2024-10-09,409.392833,413.842560,407.857095,410.967957,14974300
2024-10-10,408.772609,410.859635,406.724939,409.373108,13848400
2024-10-11,409.668510,410.643104,406.823438,409.845703,14144900
2024-10-14,411.273076,417.445588,411.026964,412.621796,16653100
2024-10-15,415.614533,415.909886,408.802165,412.228027,18900200
2024-10-16,408.713565,409.885031,404.096498,409.648773,15508900
2024-10-17,415.791778,415.929615,409.127070,410.239502,14820000
2024-10-18,410.652917,413.123862,409.786597,411.657043,17145300
2024-10-21,409.648819,412.444650,407.315680,412.267456,14206100
2024-10-22,411.981918,423.883898,411.538934,420.861664,25482200
2024-10-23,424.159515,424.376095,415.959071,417.996887,19654400
2024-10-24,418.715523,419.355439,415.831096,418.124878,13581600
2024-10-25,420.123331,425.793735,419.936284,421.491699,16899100
2024-10-28,424.947156,425.222801,419.670495,419.955994,14882400
2024-10-29,421.344021,426.433634,419.178222,425.232605,17644100
2024-10-30,430.637266,431.680780,425.380314,425.803619,29749100
2024-10-31,408.900593,409.688170,399.981491,400.030731,53971000
2024-11-01,402.649384,409.038447,401.162857,403.988220,24230400
2024-11-04,403.427037,404.037421,399.262839,402.107880,19672300
2024-11-05,402.019306,408.447755,401.733807,405.061249,17626000
2024-11-06,406.006359,413.911481,404.135882,413.645660,26681800
2024-11-07,414.728539,420.211926,413.350317,418.813995,19901800
2024-11-08,418.705699,419.867341,415.220743,415.968933,16891400
2024-11-11,415.949273,418.203669,409.530678,411.509430,24503300
2024-11-12,411.745661,417.839401,410.712002,416.451324,19401200
2024-11-13,415.082951,422.653333,411.706269,418.587585,21502200
2024-11-14,418.390690,421.511405,413.468446,420.251312,30246900
2024-11-15,413.291253,416.224891,407.207368,408.546204,28247600
2024-11-18,408.418199,411.893301,405.691287,409.294373,24727000
2024-11-19,406.685604,411.440508,405.149866,411.292847,18133500
2024-11-20,410.387108,410.800590,404.194918,409.028564,19191700
2024-11-21,413.802842,414.079039,404.717930,407.262878,20780200
2024-11-22,405.783247,411.731354,405.477460,411.336792,24814600
2024-11-25,412.698073,415.361387,409.216014,413.102509,27691100
2024-11-26,413.891666,423.213340,413.161725,422.177582,23458900
2024-11-27,419.336657,421.427891,416.288625,417.245453,18332400
2024-11-29,414.384848,419.109804,412.125940,417.709076,16271900
2024-12-02,415.844745,427.119509,415.588266,425.126953,20207200
2024-12-03,424.002387,426.596675,421.930901,425.343933,18302000
2024-12-04,427.149098,433.698935,426.754536,431.479492,26009400
2024-12-05,431.972734,438.621190,430.246501,436.608887,21697800
2024-12-06,436.293188,440.041599,435.770387,437.545959,18821000
2024-12-09,436.589201,442.241364,434.517714,439.962738,19144400
2024-12-10,438.354897,443.513851,435.602779,437.309265,18469500
2024-12-11,438.019391,444.233849,438.019391,442.892303,19200200
2024-12-12,443.010689,449.964962,443.010689,443.454590,20834800
2024-12-13,442.349802,445.299186,439.528628,441.195679,20177800
2024-12-16,441.195693,446.039015,439.232729,445.457031,23598800
2024-12-17,444.884927,449.106800,443.464481,448.288055,22733500
2024-12-18,445.190702,446.502626,431.084890,431.449890,24444500
2024-12-19,435.622417,437.161229,430.394408,431.094757,22963700
2024-12-20,427.228031,437.713672,422.808892,430.670654,64263700
2024-12-23,430.808744,431.706389,426.951841,429.338989,19152500
2024-12-24,428.747091,433.629878,428.293346,433.363525,7164500
2024-12-26,433.116923,434.951678,430.700214,432.160095,8194200
2024-12-27,428.697808,429.309384,420.559850,424.683075,18117700
2024-12-30,420.273792,421.743547,416.170285,419.060486,13158700
