Date,Open,High,Low,Close,Volume
2015-01-02,0.482423,0.486018,0.474754,0.482423,113680000
2015-01-05,0.482423,0.483861,0.472118,0.474275,197952000
2015-01-06,0.474994,0.475473,0.459416,0.459896,197764000
2015-01-07,0.463251,0.467325,0.457259,0.458697,321808000
2015-01-08,0.463970,0.478828,0.463730,0.475952,283780000
2015-01-09,0.477630,0.481464,0.471159,0.477869,209540000
2015-01-12,0.479068,0.479308,0.467564,0.471878,190732000
2015-01-13,0.475473,0.485059,0.467804,0.471159,236720000
2015-01-14,0.466127,0.474514,0.464928,0.473077,155260000
2015-01-15,0.476432,0.479307,0.469482,0.469721,188932000
2015-01-16,0.469002,0.478828,0.467564,0.478349,181512000
2015-01-20,0.481704,0.484340,0.473795,0.479787,140308000
2015-01-21,0.477150,0.487695,0.473795,0.486497,144780000
2015-01-22,0.487456,0.496323,0.482423,0.494885,159712000
2015-01-23,0.495364,0.497282,0.491290,0.496323,120416000
2015-01-26,0.494166,0.496562,0.491050,0.494166,133240000
2015-01-27,0.486497,0.486976,0.469482,0.470440,357948000
2015-01-28,0.476192,0.478109,0.462532,0.462772,272728000
2015-01-29,0.463011,0.476671,0.460854,0.474035,235340000
2015-01-30,0.470680,0.476192,0.459416,0.460135,298200000
2015-02-02,0.463011,0.472118,0.453904,0.470201,259604000
2015-02-03,0.473556,0.482423,0.471159,0.481944,183468000
2015-02-04,0.480506,0.488654,0.479068,0.483142,181516000
2015-02-05,0.483621,0.491290,0.483142,0.491050,140448000
2015-02-06,0.490571,0.496323,0.486737,0.488894,210524000
2015-02-09,0.486018,0.489852,0.482902,0.488414,273944000
2015-02-10,0.488894,0.502314,0.486737,0.502075,226204000
2015-02-11,0.503273,0.503273,0.495364,0.498720,320832000
2015-02-12,0.527238,0.539221,0.524123,0.534428,676904000
2015-02-13,0.533229,0.535386,0.525081,0.534667,310084000
2015-02-17,0.533709,0.538981,0.530354,0.536345,203340000
2015-02-18,0.535626,0.536585,0.529156,0.530114,170948000
2015-02-19,0.536824,0.537783,0.529155,0.531552,169432000
2015-02-20,0.531073,0.535626,0.527238,0.535386,157752000
2015-02-23,0.535147,0.535147,0.528437,0.531073,125008000
2015-02-24,0.533118,0.536726,0.528306,0.536726,149356000
2015-02-25,0.534561,0.536967,0.530231,0.532637,123820000
2015-02-26,0.533117,0.537207,0.529749,0.534080,152864000
2015-02-27,0.532637,0.533839,0.528787,0.530712,157492000
2015-03-02,0.529268,0.546590,0.528547,0.543703,301512000
2015-03-03,0.539613,0.542260,0.531915,0.533599,160344000
2015-03-04,0.531674,0.540816,0.529509,0.539613,226840000
2015-03-05,0.539613,0.550920,0.538170,0.549958,323056000
2015-03-06,0.546831,0.549477,0.542019,0.542500,257392000
2015-03-09,0.542741,0.548033,0.541538,0.543944,222388000
2015-03-10,0.546349,0.556935,0.545387,0.553326,527212000
2015-03-11,0.553326,0.560543,0.548996,0.550439,262120000
2015-03-12,0.545146,0.549236,0.535042,0.545387,406972000
2015-03-13,0.542740,0.547552,0.535283,0.546109,359288000
2015-03-16,0.550439,0.555973,0.546831,0.552604,236956000
2015-03-17,0.551401,0.559581,0.547552,0.559340,299900000
2015-03-18,0.559340,0.562227,0.545146,0.550199,413844000
2015-03-19,0.552123,0.560543,0.548033,0.558619,310756000
2015-03-20,0.563190,0.568001,0.557897,0.564633,462084000
2015-03-23,0.547793,0.555010,0.546109,0.546349,426012000
2015-03-24,0.544665,0.548514,0.536486,0.538891,330480000
2015-03-25,0.538651,0.538651,0.504489,0.506173,542552000
2015-03-26,0.495828,0.506654,0.492220,0.504489,311920000
2015-03-27,0.507376,0.516277,0.499196,0.514353,318288000
2015-03-30,0.516758,0.519164,0.510022,0.516518,253252000
2015-03-31,0.515074,0.515556,0.503046,0.503527,357276000
2015-04-01,0.505451,0.507135,0.496791,0.505451,330768000
2015-04-02,0.508338,0.509782,0.502324,0.506654,192204000
2015-04-06,0.504489,0.523013,0.499196,0.521329,515864000
2015-04-07,0.521329,0.531674,0.518442,0.525900,413964000
2015-04-08,0.526381,0.531674,0.521329,0.529749,366432000
2015-04-09,0.525660,0.543703,0.525419,0.542019,379432000
2015-04-10,0.542500,0.547793,0.540575,0.547552,258728000
2015-04-13,0.546350,0.549477,0.540095,0.542500,236724000
2015-04-14,0.540335,0.542500,0.532637,0.537929,220276000
2015-04-15,0.539373,0.548515,0.536726,0.544425,243560000
2015-04-16,0.541297,0.545868,0.537208,0.541057,155284000
2015-04-17,0.529749,0.539372,0.529509,0.534080,293636000
2015-04-20,0.536486,0.539854,0.530471,0.531434,231624000
2015-04-21,0.537929,0.537929,0.528066,0.530712,230456000
2015-04-22,0.533839,0.537448,0.525660,0.536726,207420000
2015-04-23,0.526863,0.539613,0.520848,0.534561,259380000
2015-04-24,0.534320,0.534561,0.523976,0.529990,240960000
2015-04-27,0.531674,0.543462,0.527103,0.534080,248456000
2015-04-28,0.533118,0.538651,0.528065,0.536726,234484000
2015-04-29,0.532877,0.538170,0.530471,0.532637,195156000
2015-04-30,0.529990,0.536726,0.528787,0.534080,218844000
2015-05-01,0.538411,0.548996,0.536005,0.547312,256968000
2015-05-04,0.546831,0.550439,0.542260,0.543944,200720000
2015-05-05,0.542019,0.542741,0.527584,0.529990,292928000
2015-05-06,0.532877,0.537929,0.524697,0.531674,316484000
2015-05-07,0.529509,0.542741,0.527825,0.541057,534564000
2015-05-08,0.505451,0.525419,0.492941,0.501121,1146552000
2015-05-11,0.494144,0.501362,0.490295,0.496310,544144000
2015-05-12,0.492701,0.505211,0.492460,0.501121,388800000
2015-05-13,0.504730,0.508579,0.499196,0.504008,308524000
2015-05-14,0.505451,0.514834,0.504248,0.512187,293052000
2015-05-15,0.514353,0.516758,0.509301,0.512428,215824000
2015-05-18,0.511225,0.514834,0.508819,0.511706,324972000
2015-05-19,0.512383,0.514075,0.507549,0.508516,253808000
2015-05-20,0.508758,0.514800,0.508033,0.508516,196824000
2015-05-21,0.508758,0.510933,0.504407,0.504891,239692000
2015-05-22,0.506099,0.508033,0.502957,0.504166,212592000
2015-05-26,0.501749,0.505132,0.497157,0.501024,259732000
2015-05-27,0.504407,0.530268,0.502715,0.527851,432332000
2015-05-28,0.527851,0.536794,0.526885,0.535102,327656000
2015-05-29,0.535102,0.538486,0.534135,0.534860,335168000
2015-06-01,0.538244,0.546220,0.534860,0.540903,372660000
2015-06-02,0.537519,0.540419,0.529784,0.530268,224304000
2015-06-03,0.531718,0.535827,0.523501,0.524468,250788000
2015-06-04,0.521326,0.535585,0.521326,0.533894,323712000
2015-06-05,0.532201,0.540419,0.526643,0.538002,313320000
2015-06-08,0.536310,0.539936,0.519634,0.525676,342812000
2015-06-09,0.526159,0.532202,0.525193,0.528335,256888000
2015-06-10,0.522051,0.525434,0.516008,0.518909,529460000
2015-06-11,0.518909,0.528093,0.518909,0.524468,283052000
2015-06-12,0.521084,0.524226,0.508999,0.510208,323728000
2015-06-15,0.507549,0.511658,0.503682,0.509241,306548000
2015-06-16,0.508274,0.516250,0.503199,0.515525,256892000
2015-06-17,0.515283,0.524467,0.514075,0.521567,233544000
2015-06-18,0.525918,0.533652,0.524467,0.530268,299404000
2015-06-19,0.530268,0.534619,0.523743,0.528576,355656000
2015-06-22,0.529543,0.532444,0.518426,0.526401,514236000
2015-06-23,0.527368,0.531476,0.508758,0.512866,414064000
2015-06-24,0.512141,0.514800,0.505374,0.507791,253368000
2015-06-25,0.507791,0.514800,0.507791,0.511658,350460000
2015-06-26,0.507549,0.508033,0.499090,0.501265,421296000
2015-06-29,0.495465,0.500540,0.485555,0.486281,391724000
2015-06-30,0.489181,0.491356,0.482655,0.486039,315916000
2015-07-01,0.498123,0.505132,0.488697,0.493048,302892000
2015-07-02,0.492806,0.496673,0.490389,0.493531,145764000
2015-07-06,0.489423,0.496190,0.483864,0.487489,214776000
2015-07-07,0.484589,0.486522,0.463078,0.478305,594252000
2015-07-08,0.475646,0.478546,0.471054,0.474921,332492000
2015-07-09,0.482414,0.484589,0.466220,0.469121,357588000
2015-07-10,0.475163,0.481688,0.473954,0.477338,216708000
2015-07-13,0.482172,0.483138,0.477338,0.480480,212472000
2015-07-14,0.481205,0.481688,0.474438,0.480722,249216000
2015-07-15,0.479513,0.482655,0.472988,0.477338,265732000
2015-07-16,0.480238,0.487972,0.478546,0.487972,282848000
2015-07-17,0.486280,0.486764,0.478788,0.485072,220372000
2015-07-20,0.485072,0.487006,0.474921,0.476130,188412000
2015-07-21,0.475163,0.485072,0.475163,0.478305,149720000
2015-07-22,0.474921,0.474921,0.463320,0.469121,356472000
2015-07-23,0.470087,0.481930,0.469120,0.474921,169916000
2015-07-24,0.478305,0.478788,0.467429,0.469362,188844000
2015-07-27,0.465253,0.472021,0.461386,0.466704,192420000
2015-07-28,0.467912,0.479997,0.463078,0.476855,198308000
2015-07-29,0.475888,0.486522,0.473954,0.482655,232680000
2015-07-30,0.481447,0.488697,0.481447,0.483864,190180000
2015-07-31,0.485797,0.486039,0.479272,0.482172,218340000
2015-08-03,0.486039,0.490873,0.479755,0.490389,397132000
2015-08-04,0.488697,0.493773,0.486764,0.492323,260100000
2015-08-05,0.504407,0.504891,0.496432,0.497398,234628000
2015-08-06,0.496190,0.499815,0.486039,0.494256,655676000
2015-08-07,0.542836,0.564830,0.528818,0.555404,1405248000
2015-08-10,0.551537,0.578848,0.548153,0.574739,662304000
2015-08-11,0.566280,0.577398,0.566280,0.571839,435008000
2015-08-12,0.562655,0.577398,0.562655,0.573289,384048000
2015-08-13,0.574014,0.575222,0.567005,0.568455,276884000
2015-08-14,0.567972,0.572322,0.564588,0.568938,214652000
2015-08-17,0.567972,0.567972,0.558304,0.565313,273880000
2015-08-18,0.563566,0.567449,0.555799,0.560168,287084000
2015-08-19,0.559440,0.565750,0.551916,0.557983,249248000
2015-08-20,0.551673,0.554343,0.535169,0.537839,426932000
2015-08-21,0.533955,0.542936,0.520607,0.521092,382664000
2015-08-24,0.491967,0.529829,0.485414,0.502646,682284000
2015-08-25,0.524733,0.526674,0.492210,0.492210,622684000
2015-08-26,0.508229,0.529830,0.504345,0.529344,614976000
2015-08-27,0.534926,0.549489,0.531771,0.549246,463764000
2015-08-28,0.549246,0.555071,0.545363,0.551673,320944000
2015-08-31,0.549003,0.552887,0.543421,0.545605,219352000
2015-09-01,0.529829,0.538810,0.519393,0.523276,353408000
2015-09-02,0.537596,0.539295,0.528616,0.539052,344044000
2015-09-03,0.547062,0.549731,0.539538,0.540509,262556000
2015-09-04,0.531286,0.539780,0.527645,0.527888,287972000
2015-09-08,0.540751,0.552644,0.538567,0.550459,238448000
2015-09-09,0.552159,0.556770,0.538324,0.539538,289392000
2015-09-10,0.536383,0.554828,0.533955,0.548032,357076000
2015-09-11,0.541965,0.553372,0.539781,0.549732,301584000
2015-09-14,0.552401,0.554100,0.547790,0.550702,192460000
2015-09-15,0.550945,0.559682,0.549246,0.556770,327976000
2015-09-16,0.555799,0.563809,0.551673,0.560653,173508000
2015-09-17,0.570362,0.575458,0.564537,0.565750,268712000
2015-09-18,0.557983,0.570119,0.554585,0.565265,326412000
2015-09-21,0.565993,0.572303,0.563080,0.571090,281840000
2015-09-22,0.558712,0.562595,0.552644,0.555556,228356000
2015-09-23,0.556042,0.561624,0.553858,0.558226,161632000
2015-09-24,0.554828,0.574730,0.546091,0.568905,382440000
2015-09-25,0.575944,0.584196,0.567449,0.573031,369692000
2015-09-28,0.573031,0.576672,0.561867,0.565507,395584000
2015-09-29,0.571575,0.576429,0.563566,0.575458,380736000
2015-09-30,0.580798,0.599001,0.577400,0.598273,556380000
2015-10-01,0.598273,0.599972,0.569633,0.586623,489296000
2015-10-02,0.583468,0.601913,0.577400,0.601913,386144000
2015-10-05,0.605797,0.624485,0.602642,0.616961,482024000
2015-10-06,0.610408,0.627640,0.607981,0.624970,453216000
2015-10-07,0.626427,0.637834,0.616233,0.631524,310152000
2015-10-08,0.628854,0.636863,0.618175,0.635164,460068000
2015-10-09,0.631766,0.637834,0.620845,0.632737,423248000
2015-10-12,0.633465,0.643174,0.628854,0.639533,227588000
2015-10-13,0.634436,0.644630,0.632252,0.640747,298444000
2015-10-14,0.641475,0.674483,0.640747,0.664047,612148000
2015-10-15,0.665260,0.679337,0.658464,0.665746,526048000
2015-10-16,0.667930,0.682492,0.666231,0.676182,448396000
2015-10-19,0.678366,0.681521,0.667202,0.674968,294712000
2015-10-20,0.672056,0.677153,0.666959,0.673997,264824000
2015-10-21,0.678123,0.682249,0.664046,0.665260,386280000
2015-10-22,0.673027,0.691472,0.672056,0.689288,306884000
2015-10-23,0.695356,0.698511,0.684919,0.693899,381776000
2015-10-26,0.694385,0.696084,0.684434,0.690744,247436000
2015-10-27,0.687346,0.694628,0.686861,0.690259,208268000
2015-10-28,0.694627,0.695841,0.684434,0.695841,217036000
2015-10-29,0.684676,0.691715,0.670599,0.671813,327168000
2015-10-30,0.679094,0.693414,0.673998,0.688560,301160000
2015-11-02,0.690744,0.697297,0.686618,0.696569,190088000
2015-11-03,0.692443,0.696327,0.683949,0.691715,376768000
2015-11-04,0.689773,0.694870,0.677153,0.680308,442264000
2015-11-05,0.683706,0.685647,0.670600,0.672541,478800000
2015-11-06,0.739043,0.775206,0.723752,0.765741,1172272000
2015-11-09,0.758217,0.764527,0.751664,0.762343,492568000
2015-11-10,0.752392,0.756518,0.731762,0.747781,552260000
2015-11-11,0.748266,0.753605,0.737829,0.740499,619896000
2015-11-12,0.738800,0.745596,0.734674,0.737829,291080000
2015-11-13,0.738558,0.741713,0.719627,0.723267,292940000
2015-11-16,0.732733,0.738315,0.726908,0.737829,344280000
2015-11-17,0.739771,0.744140,0.734674,0.737829,257048000
2015-11-18,0.740875,0.756954,0.732835,0.755980,350216000
2015-11-19,0.758660,0.765725,0.752569,0.758172,254072000
2015-11-20,0.763776,0.769136,0.759147,0.764750,239744000
2015-11-23,0.771084,0.771084,0.750620,0.753300,242552000
2015-11-24,0.753300,0.765969,0.749889,0.759391,195428000
2015-11-25,0.757928,0.766943,0.755736,0.758416,138300000
2015-11-27,0.759878,0.767187,0.755980,0.764750,86996000
2015-11-30,0.765481,0.776201,0.764750,0.772790,327244000
2015-12-01,0.779612,0.798615,0.778881,0.797884,409496000
2015-12-02,0.799102,0.807385,0.790088,0.791793,294240000
2015-12-03,0.798127,0.806411,0.786190,0.790088,246656000
2015-12-04,0.790088,0.823708,0.790088,0.822246,458756000
2015-12-07,0.822003,0.822003,0.804218,0.806655,333588000
2015-12-08,0.796666,0.821028,0.791549,0.817618,314488000
2015-12-09,0.817374,0.822247,0.788626,0.796909,372676000
2015-12-10,0.799346,0.807873,0.796666,0.803487,236596000
2015-12-11,0.795448,0.801051,0.789844,0.791550,227320000
2015-12-14,0.792280,0.797884,0.783997,0.793498,275892000
2015-12-15,0.802513,0.808847,0.798128,0.803244,307296000
2015-12-16,0.804949,0.810796,0.797884,0.808116,236356000
2015-12-17,0.809334,0.817618,0.795447,0.795935,254160000
2015-12-18,0.790331,0.798371,0.782048,0.783022,395896000
2015-12-21,0.791550,0.802269,0.784484,0.801538,284216000
2015-12-22,0.803974,0.810309,0.797396,0.802269,130012000
2015-12-23,0.803487,0.808603,0.802025,0.805436,122524000
2015-12-24,0.803000,0.810065,0.801782,0.808116,52448000
2015-12-28,0.799589,0.807385,0.788382,0.807385,142024000
2015-12-29,0.807872,0.822977,0.805680,0.820541,203660000
2015-12-30,0.819810,0.826876,0.813232,0.813476,180344000
2015-12-31,0.812258,0.815912,0.803000,0.803000,148528000
2016-01-04,0.786677,0.793742,0.780586,0.788626,358076000
2016-01-05,0.803487,0.814694,0.791793,0.801295,490272000
2016-01-06,0.788138,0.791793,0.759147,0.768161,449344000
2016-01-07,0.748915,0.754031,0.727962,0.737708,645304000
2016-01-08,0.747209,0.747940,0.720410,0.721872,398472000
2016-01-11,0.722603,0.728206,0.710178,0.723090,409372000
2016-01-12,0.736002,0.745991,0.730155,0.735271,469356000
2016-01-13,0.740875,0.745747,0.712126,0.712857,481672000
2016-01-14,0.698240,0.706523,0.677775,0.698483,600236000
2016-01-15,0.670466,0.678506,0.649027,0.660477,841452000
2016-01-19,0.674120,0.693123,0.663157,0.665837,457140000
2016-01-20,0.653168,0.678018,0.644398,0.669491,481180000
2016-01-21,0.676800,0.687764,0.662914,0.677288,481456000
2016-01-22,0.690200,0.697753,0.688738,0.693124,257996000
2016-01-25,0.692880,0.700920,0.690931,0.692393,270728000
2016-01-26,0.693854,0.702138,0.686789,0.699214,227944000
2016-01-27,0.698240,0.700432,0.677775,0.690931,231700000
2016-01-28,0.696534,0.698971,0.669979,0.683378,276776000
2016-01-29,0.689225,0.715050,0.686546,0.713588,310504000
2016-02-01,0.712857,0.717486,0.706767,0.713832,289884000
2016-02-02,0.706523,0.710177,0.678749,0.683622,341908000
2016-02-03,0.688982,0.693124,0.671197,0.687033,326772000
2016-02-04,0.688007,0.702869,0.680455,0.687276,348140000
2016-02-05,0.682647,0.690200,0.641961,0.643910,600428000
2016-02-08,0.634165,0.637332,0.605417,0.614431,608852000
2016-02-09,0.607123,0.646834,0.604199,0.621010,425372000
2016-02-10,0.624908,0.642936,0.616137,0.619548,335800000
2016-02-11,0.603712,0.622715,0.603712,0.616380,340144000
2016-02-12,0.626126,0.628075,0.602981,0.626857,340816000
2016-02-16,0.635871,0.658528,0.633922,0.657554,485352000
2016-02-17,0.665837,0.680211,0.663157,0.673877,771468000
2016-02-18,0.729181,0.754762,0.728450,0.731860,1068660000
2016-02-19,0.727962,0.748183,0.722359,0.741605,525628000
2016-02-22,0.752325,0.776444,0.750863,0.767917,449668000
2016-02-23,0.761827,0.777175,0.758172,0.769866,369380000
2016-02-24,0.766699,0.776444,0.745504,0.775226,336852000
2016-02-25,0.778150,0.780830,0.763045,0.776932,349616000
2016-02-26,0.780586,0.782535,0.764019,0.771815,361964000
2016-02-29,0.772916,0.782941,0.766314,0.766803,323344000
2016-03-01,0.768759,0.800791,0.767536,0.800791,348700000
2016-03-02,0.796389,0.808371,0.794922,0.805437,233812000
2016-03-03,0.804458,0.807882,0.787587,0.798346,302004000
2016-03-04,0.804458,0.805192,0.789787,0.795900,175304000
2016-03-07,0.791499,0.796878,0.780496,0.790765,239968000
2016-03-08,0.782696,0.787342,0.773894,0.776339,274940000
2016-03-09,0.783186,0.784408,0.765825,0.775850,222788000
2016-03-10,0.780496,0.784897,0.758978,0.774627,286084000
2016-03-11,0.786120,0.788076,0.776828,0.787831,277400000
2016-03-14,0.784163,0.792966,0.780496,0.789787,190312000
2016-03-15,0.785631,0.790765,0.771938,0.785875,226216000
2016-03-16,0.780007,0.812038,0.776339,0.809349,363644000
2016-03-17,0.806415,0.810327,0.791499,0.802502,353680000
2016-03-18,0.812038,0.837468,0.806904,0.826709,545512000
2016-03-21,0.819374,0.829399,0.810571,0.829155,337780000
2016-03-22,0.826465,0.833556,0.817418,0.827687,242012000
2016-03-23,0.831355,0.847983,0.827688,0.841870,429008000
2016-03-24,0.834290,0.844559,0.831600,0.843092,244956000
2016-03-28,0.841625,0.855318,0.840647,0.851650,265388000
2016-03-29,0.847982,0.867299,0.846026,0.865343,261812000
2016-03-30,0.868522,0.886371,0.868033,0.874390,376700000
2016-03-31,0.878302,0.880258,0.864365,0.871211,379884000
2016-04-01,0.865832,0.884415,0.859230,0.883926,348292000
2016-04-04,0.891262,0.895907,0.871945,0.875368,393940000
2016-04-05,0.867544,0.882215,0.864120,0.874146,339568000
2016-04-06,0.863142,0.875857,0.846760,0.875368,453376000
2016-04-07,0.869744,0.877569,0.862653,0.866321,378104000
2016-04-08,0.873412,0.879036,0.863387,0.871945,255936000
2016-04-11,0.877080,0.891751,0.874390,0.877325,387524000
2016-04-12,0.880258,0.881481,0.859230,0.876346,292764000
2016-04-13,0.880258,0.898597,0.880258,0.898353,350716000
2016-04-14,0.895908,0.904710,0.892240,0.900798,416564000
2016-04-15,0.900553,0.915958,0.897619,0.907889,436972000
2016-04-18,0.906177,0.906177,0.895174,0.903977,307320000
2016-04-19,0.907400,0.909111,0.882215,0.887838,309152000
2016-04-20,0.886371,0.896641,0.885393,0.891262,200172000
2016-04-21,0.891506,0.895663,0.886371,0.890284,178280000
2016-04-22,0.893218,0.899331,0.883926,0.886860,223540000
2016-04-25,0.887105,0.896152,0.884660,0.891262,191972000
2016-04-26,0.896641,0.906911,0.888083,0.891995,214536000
2016-04-27,0.889794,0.912779,0.888083,0.912290,352396000
2016-04-28,0.906666,0.912045,0.882948,0.885149,381224000
2016-04-29,0.881481,0.883437,0.859230,0.868766,321904000
2016-05-02,0.877080,0.885638,0.872923,0.880259,256076000
2016-05-03,0.870233,0.873901,0.862164,0.869744,224024000
2016-05-04,0.859230,0.859964,0.841136,0.849939,525764000
2016-05-05,0.857029,0.865098,0.848716,0.855073,246884000
2016-05-06,0.853606,0.866077,0.851895,0.863876,183240000
2016-05-09,0.866077,0.869744,0.855562,0.862653,333336000
2016-05-10,0.868033,0.880747,0.859719,0.879280,269676000
2016-05-11,0.881970,0.891506,0.877080,0.881726,328176000
2016-05-12,0.888083,0.891995,0.854095,0.869744,670540000
2016-05-13,0.958259,1.002517,0.953613,1.002028,2110256000
2016-05-16,0.994447,1.046529,0.991269,1.031614,973032000
2016-05-17,1.026968,1.041150,1.013765,1.033815,628392000
2016-05-18,1.026968,1.072204,1.026968,1.060223,541072000
2016-05-19,1.056066,1.072448,1.054599,1.064868,398880000
2016-05-20,1.071470,1.088341,1.069758,1.083940,391084000
2016-05-23,1.088586,1.092743,1.079050,1.085652,413636000
2016-05-24,1.088962,1.115438,1.086020,1.112006,415788000
2016-05-25,1.115438,1.120096,1.098523,1.107348,458076000
2016-05-26,1.109309,1.127205,1.106122,1.119115,309964000
2016-05-27,1.120341,1.126960,1.116664,1.125244,277416000
2016-05-31,1.130147,1.147798,1.129411,1.145346,412524000
2016-06-01,1.139953,1.158585,1.136521,1.147553,387132000
2016-06-02,1.153682,1.165449,1.142405,1.155643,329208000
2016-06-03,1.144366,1.145837,1.119360,1.139463,461076000
2016-06-06,1.142405,1.151230,1.127696,1.133579,322512000
2016-06-07,1.140443,1.146817,1.135295,1.135785,193400000
2016-06-08,1.136031,1.140198,1.122792,1.132108,234616000
2016-06-09,1.128186,1.163242,1.125734,1.161526,472168000
2016-06-10,1.147798,1.158095,1.131128,1.132599,400024000
2016-06-13,1.133825,1.169371,1.133825,1.147063,475588000
2016-06-14,1.144366,1.154662,1.131618,1.149269,298344000
2016-06-15,1.158830,1.171087,1.146082,1.161036,301036000
2016-06-16,1.152456,1.167655,1.141179,1.165694,246456000
2016-06-17,1.167165,1.167410,1.140688,1.145346,471000000
2016-06-20,1.163733,1.180894,1.162997,1.165939,293768000
2016-06-21,1.170842,1.174029,1.157114,1.158830,212508000
2016-06-22,1.161281,1.168881,1.155888,1.157849,202620000
2016-06-23,1.168881,1.189964,1.168146,1.188738,297880000
2016-06-24,1.139953,1.161036,1.110535,1.121077,1017684000
2016-06-27,1.111761,1.120341,1.092639,1.109064,449088000
2016-06-28,1.130147,1.131373,1.109800,1.125244,381920000
2016-06-29,1.135050,1.152456,1.132108,1.143630,318932000
2016-06-30,1.145591,1.159565,1.136276,1.152456,430940000
2016-07-01,1.146081,1.161036,1.139953,1.143875,218488000
2016-07-05,1.137501,1.162752,1.128431,1.160791,371084000
2016-07-06,1.152701,1.175009,1.146817,1.168145,273104000
2016-07-07,1.175991,1.202712,1.170597,1.198545,395400000
2016-07-08,1.211292,1.252477,1.206634,1.246594,481932000
2016-07-11,1.264490,1.284592,1.263019,1.275277,448776000
2016-07-12,1.289496,1.306166,1.273316,1.294399,436760000
2016-07-13,1.296850,1.304204,1.291947,1.293908,324604000
2016-07-14,1.300772,1.318913,1.289985,1.307146,316892000
2016-07-15,1.290476,1.297830,1.270864,1.291947,428616000
2016-07-18,1.307882,1.309843,1.293663,1.298566,252992000
2016-07-19,1.297830,1.317197,1.295379,1.312049,382652000
2016-07-20,1.316462,1.336319,1.311068,1.329210,296460000
2016-07-21,1.326268,1.330436,1.300282,1.304695,361308000
2016-07-22,1.309352,1.340241,1.299791,1.340241,315768000
2016-07-25,1.348332,1.368189,1.342448,1.365002,312528000
2016-07-26,1.377014,1.395400,1.375053,1.388291,514508000
2016-07-27,1.400303,1.402755,1.365982,1.374317,446676000
2016-07-28,1.377505,1.387556,1.373092,1.377260,221916000
2016-07-29,1.382408,1.403491,1.357647,1.399813,409588000
2016-08-01,1.405697,1.410845,1.381672,1.390743,301120000
2016-08-02,1.397362,1.398098,1.360589,1.373828,282748000
2016-08-03,1.372111,1.380201,1.364511,1.377504,299828000
2016-08-04,1.384124,1.409374,1.381427,1.403000,272712000
2016-08-05,1.419181,1.427516,1.412316,1.426780,371588000
2016-08-08,1.446392,1.449824,1.424819,1.440018,305064000
2016-08-09,1.447128,1.457669,1.440018,1.443696,372344000
2016-08-10,1.456443,1.458649,1.429721,1.434379,375740000
2016-08-11,1.441980,1.469682,1.439038,1.463553,681064000
2016-08-12,1.517486,1.553768,1.486352,1.545433,1425744000
2016-08-15,1.547149,1.556710,1.523125,1.543962,573304000
2016-08-16,1.541756,1.544207,1.529988,1.534646,287652000
2016-08-17,1.534647,1.538079,1.487087,1.499100,595212000
2016-08-18,1.496893,1.524840,1.491009,1.522389,331684000
2016-08-19,1.521653,1.537833,1.515034,1.526311,291560000
2016-08-22,1.530969,1.534892,1.512828,1.532685,244748000
2016-08-23,1.548281,1.555158,1.540667,1.545088,339764000
2016-08-24,1.550492,1.551228,1.514142,1.521265,298448000
2016-08-25,1.521756,1.522493,1.492284,1.511195,406032000
2016-08-26,1.515125,1.532071,1.503090,1.523475,300024000
2016-08-29,1.529615,1.535755,1.520037,1.522493,274652000
2016-08-30,1.520528,1.528633,1.509476,1.513651,285544000
2016-08-31,1.516599,1.520774,1.502108,1.506529,388544000
2016-09-01,1.507757,1.556632,1.506529,1.550983,428492000
2016-09-02,1.554176,1.555895,1.518318,1.535755,323148000
2016-09-06,1.541159,1.550246,1.533299,1.550246,306812000
2016-09-07,1.545333,1.552947,1.518563,1.527404,397988000
2016-09-08,1.525931,1.540913,1.508493,1.538457,315808000
2016-09-09,1.521510,1.530106,1.449057,1.461829,697760000
2016-09-12,1.442426,1.494985,1.407796,1.492038,598260000
2016-09-13,1.488354,1.505546,1.462074,1.470425,471768000
2016-09-14,1.473863,1.488354,1.461583,1.483442,319048000
2016-09-15,1.485898,1.541404,1.482460,1.539685,515212000
2016-09-16,1.545088,1.553439,1.525685,1.543369,902444000
2016-09-19,1.559579,1.602805,1.552456,1.563754,417128000
2016-09-20,1.581683,1.581683,1.540913,1.549509,331112000
2016-09-21,1.554176,1.595928,1.553930,1.592981,336212000
2016-09-22,1.602314,1.607226,1.587823,1.596910,308732000
2016-09-23,1.598875,1.603542,1.588069,1.595191,276132000
2016-09-26,1.577016,1.586595,1.560315,1.580209,230040000
2016-09-27,1.574070,1.636699,1.573333,1.634242,402752000
2016-09-28,1.636698,1.641365,1.619260,1.640137,319788000
2016-09-29,1.637434,1.660521,1.622207,1.655363,336684000
2016-09-30,1.664451,1.699327,1.654627,1.682871,429932000
2016-10-03,1.682872,1.707186,1.678205,1.681152,242596000
2016-10-04,1.683609,1.711853,1.664943,1.677468,281624000
2016-10-05,1.691713,1.708905,1.670591,1.675749,305440000
2016-10-06,1.655610,1.665925,1.627365,1.653890,360212000
2016-10-07,1.664942,1.669363,1.637189,1.641856,286260000
2016-10-10,1.650451,1.659293,1.632522,1.647995,287876000
2016-10-11,1.642593,1.645049,1.611647,1.624172,388540000
2016-10-12,1.617541,1.640136,1.604033,1.631540,419920000
2016-10-13,1.612383,1.616067,1.564491,1.605015,390116000
2016-10-14,1.624663,1.635716,1.611155,1.620734,330636000
2016-10-17,1.620488,1.635715,1.609190,1.611401,195328000
2016-10-18,1.633751,1.645294,1.627120,1.635961,269372000
2016-10-19,1.624909,1.640137,1.616559,1.632523,199060000
2016-10-20,1.651680,1.668872,1.628348,1.663469,312084000
2016-10-21,1.657575,1.661750,1.643084,1.658803,279508000
2016-10-24,1.670100,1.738624,1.669855,1.736659,339836000
2016-10-25,1.733711,1.775709,1.725361,1.765148,397460000
2016-10-26,1.750412,1.791674,1.748693,1.772271,333792000
2016-10-27,1.785779,1.789217,1.728799,1.735921,388664000
2016-10-28,1.744273,1.770798,1.729782,1.732975,290856000
2016-10-31,1.738624,1.759254,1.737641,1.747711,252388000
2016-11-01,1.754097,1.763675,1.677223,1.695889,473224000
2016-11-02,1.708906,1.731992,1.685819,1.688766,295848000
2016-11-03,1.696625,1.698099,1.636698,1.669118,309664000
2016-11-04,1.658065,1.688029,1.635224,1.659539,328780000
2016-11-07,1.708169,1.761464,1.706941,1.750412,487580000
2016-11-08,1.757044,1.762693,1.731501,1.747711,429884000
2016-11-09,1.700309,1.741325,1.687784,1.718238,456532000
2016-11-10,1.755815,1.756061,1.639645,1.664451,869280000
2016-11-11,1.952789,2.180218,1.927983,2.160569,2175344000
2016-11-14,2.163517,2.165973,2.053733,2.054224,1348796000
2016-11-15,2.070187,2.147798,2.061346,2.116852,626092000
2016-11-16,2.145096,2.273301,2.120781,2.250460,987984000
2016-11-17,2.267161,2.328071,2.226391,2.269126,832988000
2016-11-18,2.269126,2.316772,2.254635,2.292949,576060000
2016-11-21,2.310878,2.317264,2.269371,2.283616,436436000
2016-11-22,2.291476,2.302282,2.268880,2.300072,330368000
2016-11-23,2.305238,2.342872,2.281871,2.311388,443236000
2016-11-25,2.322455,2.339181,2.297612,2.316060,195564000
2016-11-28,2.308926,2.330326,2.302285,2.314830,278736000
2016-11-29,2.312125,2.322947,2.275967,2.293677,444568000
2016-11-30,2.302285,2.316060,2.265390,2.267850,440500000
2016-12-01,2.265390,2.267112,2.085094,2.155687,1035524000
2016-12-02,2.121497,2.184220,2.093703,2.175611,478292000
2016-12-05,2.213490,2.277934,2.189139,2.259979,602284000
2016-12-06,2.268096,2.305484,2.252354,2.297121,498796000
2016-12-07,2.283591,2.344100,2.265389,2.338443,480804000
2016-12-08,2.341395,2.376568,2.288757,2.299334,381544000
2016-12-09,2.317043,2.318765,2.231199,2.258502,382312000
2016-12-12,2.210047,2.212506,2.153227,2.203651,601332000
2016-12-13,2.215950,2.270064,2.214966,2.242515,387796000
2016-12-14,2.276213,2.388622,2.252354,2.372388,983980000
2016-12-15,2.383456,2.458231,2.376077,2.427977,746548000
2016-12-16,2.455526,2.476925,2.403872,2.469792,1089528000
2016-12-19,2.452328,2.519970,2.435110,2.499801,744656000
2016-12-20,2.572362,2.610487,2.561047,2.586874,848056000
2016-12-21,2.598434,2.606060,2.550962,2.603108,576136000
2016-12-22,2.627459,2.677883,2.620325,2.634592,718612000
2016-12-23,2.616636,2.701742,2.613930,2.700266,647692000
2016-12-27,2.756347,2.886711,2.735685,2.885728,1194272000
2016-12-28,2.941809,2.949926,2.673455,2.687230,2295764000
2016-12-29,2.580232,2.742327,2.528578,2.740851,2175368000
2016-12-30,2.738884,2.752905,2.614669,2.625492,1212932000
2017-01-03,2.567934,2.616390,2.444457,2.509147,1501996000
2017-01-04,2.543336,2.594990,2.497340,2.567688,1199220000
2017-01-05,2.571131,2.602861,2.485533,2.502505,984296000
2017-01-06,2.529808,2.564244,2.489223,2.535957,822856000
2017-01-09,2.545796,2.656483,2.545796,2.638773,916248000
2017-01-10,2.651810,2.685754,2.598188,2.618850,880920000
2017-01-11,2.607289,2.612208,2.561784,2.586627,525664000
2017-01-12,2.563753,2.575313,2.499554,2.544321,625616000
2017-01-13,2.548256,2.582692,2.534973,2.544074,457820000
2017-01-17,2.533498,2.538417,2.473727,2.487010,580612000
2017-01-18,2.465610,2.539155,2.437815,2.532268,654424000
2017-01-19,2.535219,2.618603,2.533006,2.586627,644872000
2017-01-20,2.609256,2.626966,2.536449,2.558341,492024000
2017-01-23,2.553175,2.604829,2.550716,2.584906,369904000
2017-01-24,2.594991,2.646153,2.580233,2.640003,428052000
2017-01-25,2.682310,2.688459,2.615406,2.651318,522760000
2017-01-26,2.654024,2.704448,2.624508,2.697069,458800000
2017-01-27,2.703956,2.752166,2.677391,2.749215,471996000
2017-01-30,2.728306,2.730520,2.654269,2.706169,496004000
2017-01-31,2.679851,2.706907,2.661403,2.685508,362756000
2017-02-01,2.719944,2.807018,2.702234,2.802836,590004000
2017-02-02,2.786849,2.846866,2.756349,2.838257,483240000
2017-02-03,2.839731,2.850800,2.801606,2.813412,372744000
2017-02-06,2.804066,2.885974,2.804066,2.885482,506768000
2017-02-07,2.919672,2.974278,2.899995,2.930249,746224000
2017-02-08,2.912292,2.934676,2.862606,2.917458,449580000
2017-02-09,2.923608,2.928527,2.843421,2.862607,842568000
2017-02-10,2.949927,2.968866,2.769630,2.794719,1651092000
2017-02-13,2.789061,2.803574,2.661403,2.665830,1180724000
2017-02-14,2.656237,2.709367,2.614422,2.675669,850632000
2017-02-15,2.678620,2.700757,2.650579,2.681080,373020000
2017-02-16,2.690673,2.691903,2.598926,2.638036,647176000
2017-02-17,2.624507,2.641971,2.577527,2.637544,563740000
2017-02-21,2.662140,2.735932,2.661894,2.731996,551952000
2017-02-22,2.744063,2.753422,2.708845,2.727809,433772000
2017-02-23,2.598266,2.620185,2.454931,2.474880,1592888000
2017-02-24,2.390651,2.512068,2.356911,2.498769,1029904000
2017-02-27,2.516993,2.586444,2.501231,2.571421,715400000
2017-02-28,2.581026,2.590878,2.482022,2.499261,625360000
2017-03-01,2.556151,2.570436,2.490148,2.531523,504804000
2017-03-02,2.518717,2.532755,2.435474,2.438183,754332000
2017-03-03,2.427593,2.432519,2.369717,2.424145,864692000
2017-03-06,2.387942,2.416018,2.343857,2.405428,883568000
2017-03-07,2.405428,2.451236,2.392621,2.431780,603400000
2017-03-08,2.480051,2.494828,2.425130,2.427346,638712000
2017-03-09,2.411338,2.449266,2.398778,2.426854,478060000
2017-03-10,2.453206,2.465028,2.422914,2.441138,499740000
2017-03-13,2.451483,2.518225,2.450744,2.508374,774136000
2017-03-14,2.521180,2.530538,2.474386,2.506649,522016000
2017-03-15,2.518225,2.536449,2.470692,2.525613,615036000
2017-03-16,2.536203,2.557137,2.522165,2.556644,523100000
2017-03-17,2.574130,2.613535,2.556644,2.612304,1119688000
2017-03-20,2.629789,2.699487,2.613781,2.695546,748568000
2017-03-21,2.678308,2.708108,2.600483,2.608364,913484000
2017-03-22,2.597280,2.666239,2.593339,2.661559,616764000
2017-03-23,2.653679,2.673627,2.627819,2.637424,533940000
2017-03-24,2.683726,2.691607,2.620924,2.646784,439500000
2017-03-27,2.600236,2.669933,2.550980,2.665993,506644000
2017-03-28,2.667225,2.681755,2.641858,2.652202,432444000
2017-03-29,2.659590,2.671904,2.641365,2.643582,349992000
2017-03-30,2.650723,2.709092,2.645059,2.694315,525532000
2017-03-31,2.684710,2.706383,2.669687,2.682740,440808000
2017-04-03,2.683233,2.700472,2.645551,2.669194,445232000
2017-04-04,2.546547,2.571667,2.471185,2.482021,1271280000
2017-04-05,2.463304,2.521180,2.450497,2.463550,747048000
2017-04-06,2.468722,2.493596,2.423652,2.481529,635120000
2017-04-07,2.487931,2.505417,2.455915,2.470938,429068000
2017-04-10,2.471677,2.478327,2.403703,2.407890,756332000
2017-04-11,2.377844,2.435721,2.372919,2.416511,618148000
2017-04-12,2.416510,2.430795,2.391390,2.396562,414092000
2017-04-13,2.372426,2.394098,2.351738,2.351738,506892000
2017-04-17,2.364545,2.444094,2.359373,2.443847,497292000
2017-04-18,2.429563,2.451482,2.403704,2.445325,370116000
2017-04-19,2.462811,2.486947,2.448281,2.454930,380828000
2017-04-20,2.469461,2.498522,2.448280,2.493842,404016000
2017-04-21,2.483499,2.506896,2.471678,2.504187,341896000
2017-04-24,2.535710,2.548517,2.514777,2.535464,371820000
2017-04-25,2.549994,2.594079,2.528568,2.579548,388440000
2017-04-26,2.593093,2.595556,2.559845,2.561815,327004000
2017-04-27,2.569204,2.610086,2.551225,2.601713,319700000
2017-04-28,2.594818,2.601713,2.563047,2.568712,348248000
2017-05-01,2.579548,2.631513,2.572406,2.626341,307732000
2017-05-02,2.599496,2.600728,2.525858,2.548516,629972000
2017-05-03,2.541620,2.577085,2.526844,2.567480,336904000
2017-05-04,2.573637,2.584720,2.549748,2.557629,209788000
2017-05-05,2.546054,2.565017,2.530538,2.557875,228428000
2017-05-08,2.569696,2.571174,2.519701,2.531030,365240000
2017-05-09,2.536695,2.584228,2.528322,2.535218,847672000
2017-05-10,2.814747,3.000197,2.808098,2.987144,2129096000
2017-05-11,2.956605,3.212245,2.953157,3.115456,1939792000
2017-05-12,3.118657,3.191802,3.097723,3.149688,962620000
2017-05-15,3.190818,3.310265,3.186385,3.307802,1087540000
2017-05-16,3.358781,3.384887,3.284404,3.369371,1120700000
2017-05-17,3.302630,3.321347,3.141316,3.145503,1271368000
2017-05-18,3.189340,3.286129,3.129001,3.277262,1156032000
2017-05-19,3.378344,3.407682,3.333720,3.352950,1018372000
2017-05-22,3.396588,3.438747,3.385740,3.424447,836608000
2017-05-23,3.444171,3.446390,3.345801,3.378345,681248000
2017-05-24,3.475235,3.477947,3.404231,3.416312,815996000
2017-05-25,3.451567,3.452307,3.363799,3.408669,608228000
2017-05-26,3.400533,3.581741,3.380317,3.496931,779140000
2017-05-30,3.542787,3.606640,3.526762,3.571632,989652000
2017-05-31,3.616502,3.624145,3.502108,3.558812,887316000
2017-06-01,3.574590,3.575577,3.513695,3.559058,503340000
2017-06-02,3.556100,3.582234,3.535391,3.541308,487456000
2017-06-05,3.525035,3.661865,3.513448,3.649045,817376000
2017-06-06,3.644362,3.690465,3.619215,3.632528,758728000
2017-06-07,3.656935,3.695149,3.641403,3.676412,612612000
2017-06-08,3.783410,3.944648,3.742238,3.943169,1161744000
2017-06-09,4.061508,4.154207,3.519365,3.688246,3692928000
2017-06-12,3.596533,3.740019,3.503587,3.697367,1697532000
2017-06-13,3.806586,3.815708,3.590863,3.732624,1672504000
2017-06-14,3.735581,3.798202,3.661126,3.740512,1184640000
2017-06-15,3.623159,3.786861,3.611818,3.756537,963824000
2017-06-16,3.766152,3.813981,3.704024,3.738046,924960000
2017-06-19,3.782177,3.883752,3.778479,3.878575,778176000
2017-06-20,3.920732,3.987545,3.868713,3.872904,1095444000
2017-06-21,3.900517,3.935279,3.838635,3.931581,682652000
2017-06-22,3.939716,3.953029,3.880546,3.904461,469132000
2017-06-23,3.912104,3.927883,3.777493,3.792532,1088588000
2017-06-26,3.825322,3.860824,3.656935,3.751113,1063960000
2017-06-27,3.733609,3.742238,3.608120,3.613791,999492000
2017-06-28,3.681343,3.745937,3.593328,3.741253,994948000
2017-06-29,3.712900,3.715858,3.552155,3.616256,1064424000
2017-06-30,3.633514,3.647074,3.537856,3.563989,731060000
2017-07-03,3.576070,3.590862,3.416558,3.435049,709072000
2017-07-05,3.498409,3.555607,3.479426,3.526762,820188000
2017-07-06,3.497669,3.584205,3.445649,3.537362,746284000
2017-07-07,3.594068,3.636473,3.571139,3.618229,654972000
2017-07-10,3.691697,3.796724,3.665564,3.789327,958492000
2017-07-11,3.793025,3.850716,3.751113,3.843073,757956000
2017-07-12,3.902735,4.018609,3.859837,4.006528,1145208000
2017-07-13,4.018610,4.099968,3.913830,3.960180,1369132000
2017-07-14,3.976452,4.068165,3.969548,4.066686,941948000
2017-07-17,4.100709,4.129554,3.987793,4.049428,930792000
2017-07-18,3.988531,4.106131,3.976696,4.091585,776640000
2017-07-19,4.100709,4.127089,4.058304,4.070385,687044000
2017-07-20,4.090848,4.129801,4.041046,4.129554,699596000
2017-07-21,4.109089,4.173929,4.094790,4.144344,648332000
2017-07-24,4.151496,4.161111,4.085670,4.096271,652524000
2017-07-25,4.073342,4.090847,4.032910,4.076548,496556000
2017-07-26,4.133990,4.189462,4.088873,4.123636,640404000
2017-07-27,4.148538,4.160125,3.884493,3.987547,782856000
2017-07-28,3.951796,4.077286,3.926896,4.052878,513348000
2017-07-31,4.066438,4.102433,3.959932,4.006528,559672000
2017-08-01,3.997161,4.057070,3.969302,4.055344,431384000
2017-08-02,4.086408,4.090352,3.975958,4.052878,478444000
2017-08-03,4.052388,4.108106,4.035376,4.104408,442420000
2017-08-04,4.127087,4.192913,4.104405,4.122403,589096000
2017-08-07,4.151495,4.249618,4.141880,4.249125,717412000
2017-08-08,4.287092,4.303610,4.159385,4.198585,755336000
2017-08-09,4.152481,4.245673,4.133744,4.243208,530784000
2017-08-10,4.244441,4.256768,4.051400,4.061508,1328088000
2017-08-11,3.874137,3.919993,3.769850,3.845045,1497196000
2017-08-14,3.936513,4.155440,3.924925,4.151742,1279020000
2017-08-15,4.156919,4.183052,4.082464,4.116733,764532000
2017-08-16,4.131770,4.155191,4.039317,4.071614,596632000
2017-08-17,4.063233,4.080244,3.978670,3.980888,525444000
2017-08-18,4.035129,4.052140,3.935773,3.981629,601204000
2017-08-21,4.006036,4.017377,3.879808,3.923692,623672000
2017-08-22,3.960212,4.016966,3.940965,4.011044,450456000
2017-08-23,3.977732,4.102345,3.969095,4.091240,579520000
2017-08-24,4.123317,4.127759,4.049784,4.076187,469700000
2017-08-25,4.100370,4.110487,4.035719,4.042135,357200000
2017-08-28,4.061136,4.073967,4.005615,4.070759,389496000
2017-08-29,4.012031,4.085811,4.003887,4.064096,324096000
2017-08-30,4.083835,4.099381,4.053484,4.088277,384400000
2017-08-31,4.108512,4.185007,4.101110,4.181059,612684000
2017-09-01,4.193643,4.241761,4.185007,4.206228,445432000
2017-09-05,4.154904,4.159839,4.035967,4.093955,695364000
2017-09-06,4.126774,4.140592,4.056695,4.091487,397672000
2017-09-07,4.108265,4.142811,4.070265,4.110486,352868000
2017-09-08,4.098890,4.113695,4.014992,4.039174,498856000
2017-09-11,4.084824,4.180813,4.079395,4.170202,567444000
2017-09-12,4.194878,4.194878,4.120110,4.185254,411488000
2017-09-13,4.160086,4.232880,4.127761,4.204010,580960000
2017-09-14,4.165021,4.258049,4.140593,4.180074,513712000
2017-09-15,4.265450,4.444350,4.260269,4.444350,1364792000
2017-09-18,4.568469,4.718005,4.561560,4.627938,1684460000
2017-09-19,4.577600,4.684692,4.555638,4.623003,874280000
2017-09-20,4.626702,4.674080,4.545519,4.585741,724920000
2017-09-21,4.482104,4.508261,4.382661,4.460390,1075600000
2017-09-22,4.449039,4.498637,4.407090,4.416960,491232000
2017-09-25,4.386116,4.387350,4.198827,4.219554,874580000
2017-09-26,4.354036,4.409063,4.203514,4.243242,1125620000
2017-09-27,4.333556,4.349595,4.262737,4.336270,713720000
2017-09-28,4.343426,4.347374,4.287659,4.335036,435244000
2017-09-29,4.418934,4.434973,4.373777,4.411284,619092000
2017-10-02,4.461377,4.490494,4.367609,4.416960,503480000
2017-10-03,4.423129,4.455948,4.381920,4.426090,390332000
2017-10-04,4.432260,4.485313,4.395740,4.463105,427848000
2017-10-05,4.487532,4.490987,4.430777,4.460635,437364000
2017-10-06,4.432999,4.487039,4.416959,4.473713,318800000
2017-10-09,4.510479,4.607702,4.491726,4.574636,563492000
2017-10-10,4.723680,4.761187,4.620782,4.661990,974876000
2017-10-11,4.678521,4.713068,4.632625,4.711587,529508000
2017-10-12,4.715043,4.764641,4.686666,4.713809,528292000
2017-10-13,4.775992,4.811772,4.729108,4.801655,628728000
2017-10-16,4.831514,4.887034,4.768344,4.884073,576640000
2017-10-17,4.863345,4.908008,4.845085,4.879631,478596000
2017-10-18,4.888514,4.889254,4.770317,4.875435,567316000
2017-10-19,4.797953,4.885798,4.748848,4.880864,570772000
2017-10-20,4.897891,4.925034,4.849773,4.858656,451620000
2017-10-23,4.880369,4.906772,4.831511,4.851746,428696000
2017-10-24,4.860876,4.904306,4.834967,4.902578,407244000
2017-10-25,4.863098,4.915904,4.717264,4.778707,828160000
2017-10-26,4.806343,4.840396,4.782408,4.828798,322744000
2017-10-27,4.880865,4.981295,4.854955,4.981048,572192000
2017-10-30,4.981048,5.085426,4.965255,5.029906,504056000
2017-10-31,5.061739,5.129844,5.056064,5.103194,411908000
2017-11-01,5.165868,5.181167,5.048658,5.112815,502576000
2017-11-02,5.083205,5.127868,5.025217,5.081725,342308000
2017-11-03,5.112815,5.149582,5.066918,5.149582,353640000
2017-11-06,5.112817,5.181415,5.100479,5.172779,389944000
2017-11-07,5.195480,5.253468,5.183389,5.232000,427700000
2017-11-08,5.227559,5.231261,5.113804,5.161181,522988000
2017-11-09,5.065192,5.091348,4.944281,5.066425,978564000
2017-11-10,5.257910,5.395847,5.222130,5.333417,1253256000
2017-11-13,5.333416,5.358832,5.231505,5.246804,582376000
2017-11-14,5.255935,5.300351,5.212259,5.285052,529292000
2017-11-15,5.230026,5.231260,5.127622,5.181415,501948000
2017-11-16,5.255442,5.285546,5.212753,5.221636,441768000
2017-11-17,5.278636,5.313922,5.200414,5.215466,515664000
2017-11-20,5.231014,5.294678,5.194247,5.282587,396100000
2017-11-21,5.322314,5.342795,5.290482,5.331197,399176000
2017-11-22,5.358359,5.358359,5.274650,5.307245,356640000
2017-11-24,5.323540,5.358358,5.299094,5.357369,180752000
2017-11-27,5.366014,5.367248,5.284527,5.287737,422896000
2017-11-28,5.292922,5.302306,5.142049,5.203040,512752000
2017-11-29,5.185754,5.188471,4.722022,4.850178,1396788000
2017-11-30,4.918825,5.004756,4.855858,4.956111,823768000
2017-12-01,4.921544,4.941792,4.752644,4.881294,811548000
2017-12-04,4.939813,4.945987,4.555839,4.609176,1240844000
2017-12-05,4.503985,4.758323,4.459045,4.635846,981488000
2017-12-06,4.585470,4.695107,4.564234,4.673377,467032000
2017-12-07,4.740048,4.780545,4.694613,4.740789,542600000
2017-12-08,4.790669,4.809683,4.720048,4.728444,466876000
2017-12-11,4.742517,4.809682,4.726714,4.806719,372748000
2017-12-12,4.763260,4.786472,4.688935,4.712393,455016000
2017-12-13,4.753383,4.754617,4.589916,4.597324,554280000
2017-12-14,4.590903,4.675353,4.558309,4.604485,438164000
2017-12-15,4.648440,4.750421,4.583497,4.730173,670036000
2017-12-18,4.770668,4.889687,4.741036,4.886724,477704000
2017-12-19,4.877340,4.882525,4.814126,4.842523,373100000
2017-12-20,4.881787,4.890923,4.804004,4.859563,288820000
2017-12-21,4.863020,4.887960,4.828697,4.837092,300904000
2017-12-22,4.800300,4.831166,4.722517,4.821783,466276000
2017-12-26,4.766469,4.883019,4.736590,4.875364,355080000
2017-12-27,4.862031,4.937838,4.847462,4.868698,329488000
2017-12-28,4.892404,4.923270,4.868205,4.874378,240248000
2017-12-29,4.900553,4.900553,4.778076,4.778076,279964000
2018-01-02,4.834376,4.926234,4.802770,4.922530,355616000
2018-01-03,5.039820,5.276873,5.031178,5.246500,914704000
2018-01-04,5.327742,5.384289,5.251934,5.274158,583268000
2018-01-05,5.288972,5.356137,5.212177,5.318851,580124000
2018-01-08,5.442315,5.555902,5.397373,5.481823,881216000
2018-01-09,5.487257,5.526766,5.398857,5.480343,497000000
2018-01-10,5.387991,5.526765,5.333667,5.523308,582664000
2018-01-11,5.555904,5.587264,5.511703,5.533186,406032000
2018-01-12,5.521333,5.555656,5.465527,5.506023,359916000
2018-01-16,5.532444,5.617881,5.350704,5.435154,702348000
2018-01-17,5.449723,5.558866,5.355890,5.548989,538408000
2018-01-18,5.529728,5.596399,5.498616,5.542075,408632000
2018-01-19,5.632204,5.706283,5.605289,5.682084,609380000
2018-01-22,5.689984,5.772212,5.632450,5.770483,550944000
2018-01-23,5.823820,5.922098,5.805301,5.899381,475228000
2018-01-24,5.902591,5.938396,5.767027,5.822586,579972000
2018-01-25,5.876909,5.920122,5.821351,5.836166,409884000
2018-01-26,5.879873,6.008769,5.867032,6.008523,516356000
2018-01-29,5.993956,6.126557,5.941360,6.095443,455116000
2018-01-30,5.953703,6.084822,5.887032,5.993458,570832000
2018-01-31,6.068774,6.155200,6.036180,6.069515,478576000
2018-02-01,5.889749,6.096676,5.878391,5.938641,519224000
2018-02-02,5.852218,5.876170,5.708258,5.766286,718464000
2018-02-05,5.605288,5.759124,5.062044,5.276872,1165204000
2018-02-06,5.047228,5.573187,5.037351,5.570224,1114800000
2018-02-07,5.668995,5.802089,5.597879,5.649734,802932000
2018-02-08,5.775176,5.808265,5.370953,5.371201,1144000000
2018-02-09,5.883083,5.898886,5.371199,5.730727,1674604000
2018-02-12,5.811721,5.814684,5.556644,5.630722,1093172000
2018-02-13,5.594423,5.790485,5.562075,5.744309,625524000
2018-02-14,5.704059,5.990249,5.692947,5.961359,744988000
2018-02-15,6.044574,6.132975,5.963829,6.086799,698900000
2018-02-16,6.059638,6.173225,6.011980,6.021117,637656000
2018-02-20,6.043586,6.219400,6.039882,6.150506,686240000
2018-02-21,6.214955,6.221869,5.959877,5.963581,892292000
2018-02-22,5.997432,6.069086,5.917625,5.983101,534364000
2018-02-23,6.042895,6.076498,5.992243,6.076498,415300000
2018-02-26,6.122703,6.127151,6.030294,6.092559,469312000
2018-02-27,6.065873,6.150129,6.056732,6.079710,455436000
2018-02-28,6.090582,6.130115,5.967782,5.979395,523116000
2018-03-01,5.977171,6.031035,5.636444,5.737501,1040120000
2018-03-02,5.630020,5.850912,5.481523,5.844487,913428000
2018-03-05,5.794331,5.862031,5.671037,5.822498,620776000
2018-03-06,5.907740,6.002620,5.864748,5.983347,636808000
2018-03-07,5.880562,6.027576,5.879327,5.975442,581208000
2018-03-08,6.002869,6.002869,5.914907,5.959135,411912000
2018-03-09,6.006575,6.074522,5.990515,6.061675,505524000
2018-03-12,6.102936,6.251185,6.094782,6.171131,605060000
2018-03-13,6.213877,6.288249,6.079217,6.120480,619772000
2018-03-14,6.163472,6.190651,6.083664,6.145929,505496000
2018-03-15,6.159519,6.241797,6.118750,6.160754,401952000
2018-03-16,6.177062,6.207947,6.139505,6.188922,399456000
2018-03-19,6.132092,6.161001,5.855854,5.954687,713772000
2018-03-20,5.957652,6.205476,5.957652,6.166684,554696000
2018-03-21,6.160259,6.226477,6.111090,6.141481,438688000
2018-03-22,6.078228,6.124680,5.938380,5.975689,551196000
2018-03-23,5.989279,5.991750,5.745162,5.756280,735620000
2018-03-26,5.880562,6.041907,5.828675,6.040672,611424000
2018-03-27,6.121468,6.177062,5.432108,5.572204,1409000000
2018-03-28,5.537858,5.667823,5.361688,5.469169,945904000
2018-03-29,5.537364,5.818791,5.453109,5.722182,916628000
2018-04-02,5.651764,5.797790,5.374043,5.461758,922092000
2018-04-03,5.628538,5.691544,5.469170,5.568003,667432000
2018-04-04,5.312519,5.600370,5.287564,5.589993,789168000
2018-04-05,5.648305,5.661400,5.398504,5.469911,701240000
2018-04-06,5.367372,5.475347,5.264585,5.293741,662988000
2018-04-09,5.356746,5.484488,5.302388,5.322402,499524000
2018-04-10,5.552437,5.658188,5.495360,5.631256,761676000
2018-04-11,5.616431,5.657694,5.557378,5.589993,460244000
2018-04-12,5.682896,5.814344,5.638668,5.796554,593920000
2018-04-13,5.860053,5.868454,5.671777,5.719958,503036000
2018-04-16,5.726631,5.753068,5.625574,5.719712,350792000
2018-04-17,5.771847,5.890446,5.716253,5.869197,447224000
2018-04-18,5.818792,5.911447,5.751338,5.840288,391364000
2018-04-19,5.726135,5.759491,5.603830,5.659176,471996000
2018-04-20,5.650530,5.734786,5.619893,5.651025,386200000
2018-04-23,5.668812,5.719958,5.505738,5.531681,427508000
2018-04-24,5.557379,5.653247,5.400235,5.465465,414596000
2018-04-25,5.435814,5.474853,5.196144,5.353289,588492000
2018-04-26,5.514880,5.572945,5.448909,5.564791,375824000
2018-04-27,5.670542,5.690309,5.549966,5.592217,400848000
2018-04-30,5.608524,5.658188,5.537612,5.556884,327844000
2018-05-01,5.548732,5.614950,5.490173,5.612232,253788000
2018-05-02,5.608772,5.653246,5.565532,5.591723,268248000
2018-05-03,5.623597,5.782965,5.578381,5.756774,443144000
2018-05-04,5.728111,5.909964,5.710815,5.906752,400660000
2018-05-07,6.011268,6.201522,6.001385,6.144445,687616000
2018-05-08,6.144693,6.189662,6.095771,6.186944,506616000
2018-05-09,6.206958,6.322098,6.179779,6.319874,596760000
2018-05-10,6.372751,6.436498,6.354961,6.427357,994080000
2018-05-11,6.245749,6.418954,6.190403,6.288989,1214456000
2018-05-14,6.327040,6.386835,6.285778,6.309497,523140000
2018-05-15,6.245996,6.248714,5.967040,6.067355,963528000
2018-05-16,6.028810,6.140492,5.991995,6.078474,553828000
2018-05-17,6.080206,6.214124,6.064145,6.120480,519784000
2018-05-18,6.172368,6.235620,6.071805,6.076746,483716000
2018-05-21,6.174096,6.177802,5.942085,6.034741,640624000
2018-05-22,6.048084,6.073286,5.936155,5.996691,518264000
2018-05-23,5.940569,6.121298,5.939827,6.120061,442956000
2018-05-24,6.116353,6.166048,6.063198,6.123770,437372000
2018-05-25,6.136378,6.179397,6.100777,6.163080,292112000
2018-05-29,6.145031,6.214010,6.099293,6.146020,352684000
2018-05-30,6.179646,6.263458,6.154922,6.254805,390996000
2018-05-31,6.222911,6.309443,6.212280,6.235025,493868000
2018-06-01,6.279774,6.375454,6.271120,6.369273,421968000
2018-06-04,6.403392,6.570029,6.371252,6.548025,642024000
2018-06-05,6.551239,6.591044,6.506489,6.553464,391712000
2018-06-06,6.463470,6.558656,6.447152,6.555441,371356000
2018-06-07,6.551734,6.563601,6.409573,6.499815,369448000
2018-06-08,6.427128,6.527011,6.408338,6.484487,360456000
2018-06-11,6.471878,6.513414,6.430590,6.443446,265372000
2018-06-12,6.469899,6.504017,6.419710,6.491903,319160000
2018-06-13,6.493386,6.568298,6.478305,6.487453,338208000
2018-06-14,6.532450,6.655573,6.517616,6.598956,430016000
2018-06-15,6.541845,6.613048,6.510940,6.558162,432260000
2018-06-18,6.514154,6.571512,6.486958,6.553959,356268000
2018-06-19,6.450863,6.518111,6.304995,6.432321,594932000
2018-06-20,6.473360,6.538135,6.435038,6.485227,369780000
2018-06-21,6.517121,6.535417,6.349001,6.356666,359516000
2018-06-22,6.377432,6.390783,6.189039,6.204367,434160000
2018-06-25,6.098057,6.101765,5.823378,5.911889,665816000
2018-06-26,6.025122,6.073333,5.931420,5.982845,478884000
2018-06-27,6.026360,6.092619,5.822390,5.827830,453892000
2018-06-28,5.817939,5.966775,5.810275,5.954908,338012000
2018-06-29,6.019931,6.032540,5.855766,5.857003,392300000
2018-07-02,5.787531,5.992736,5.767010,5.989028,357572000
2018-07-03,6.023640,6.029574,5.847114,5.855520,222732000
2018-07-05,5.910653,6.006085,5.871837,6.001141,306216000
2018-07-06,5.976665,6.123276,5.955403,6.114870,296352000
2018-07-09,6.189040,6.198682,6.083718,6.162338,303880000
2018-07-10,6.174701,6.283237,6.134402,6.261234,360016000
2018-07-11,6.168519,6.203132,6.109182,6.119813,367508000
2018-07-12,6.165058,6.259254,6.155168,6.211290,345508000
2018-07-13,6.229832,6.229832,6.122038,6.164068,246988000
2018-07-16,6.136378,6.189286,6.124016,6.136378,197036000
2018-07-17,6.087178,6.287192,6.061713,6.272110,362136000
2018-07-18,6.264695,6.278540,6.171982,6.222912,277640000
2018-07-19,6.204122,6.264694,6.189041,6.231070,235752000
2018-07-20,6.228597,6.267413,6.192006,6.202884,222352000
2018-07-23,6.176430,6.178161,6.014738,6.166294,301584000
2018-07-24,6.214257,6.300790,6.131433,6.148987,354620000
2018-07-25,6.158383,6.239723,6.100529,6.227114,319112000
2018-07-26,6.207087,6.337380,6.190275,6.300542,325124000
2018-07-27,6.337135,6.344058,6.176927,6.230824,295420000
2018-07-30,6.244916,6.250850,6.000894,6.035755,340340000
2018-07-31,6.025370,6.128467,5.986554,6.053802,283988000
2018-08-01,6.085199,6.140333,6.029819,6.093605,283556000
2018-08-02,6.022404,6.200166,5.963562,6.196211,269668000
2018-08-03,6.220686,6.256535,6.203874,6.232800,214288000
2018-08-06,6.220191,6.283977,6.173711,6.280516,207508000
2018-08-07,6.329221,6.371251,6.302520,6.352708,258132000
2018-08-08,6.353947,6.434051,6.319086,6.389054,262100000
2018-08-09,6.406855,6.409575,6.332932,6.340596,204280000
2018-08-10,6.258762,6.331696,6.247636,6.299308,256396000
2018-08-13,6.307960,6.452840,6.306229,6.332189,375208000
2018-08-14,6.437511,6.477564,6.354440,6.463471,466220000
2018-08-15,6.484237,6.518109,6.326749,6.405370,591136000
2018-08-16,6.475090,6.477562,6.304745,6.364823,801260000
2018-08-17,6.253569,6.254311,6.025865,6.052814,1143188000
2018-08-20,6.012267,6.259996,5.901999,6.127478,854388000
2018-08-21,6.143797,6.267414,6.124018,6.262964,673988000
2018-08-22,6.230327,6.502780,6.226866,6.497836,749856000
2018-08-23,6.459267,6.662494,6.445422,6.597224,720684000
2018-08-24,6.605632,6.744826,6.601182,6.730239,531512000
2018-08-27,6.759906,6.895391,6.728507,6.821220,505776000
2018-08-28,6.815286,6.838032,6.663731,6.783640,475384000
2018-08-29,6.775972,6.914005,6.755193,6.889021,420108000
2018-08-30,6.857850,6.968920,6.835340,6.872198,346608000
2018-08-31,6.852162,6.956058,6.842267,6.943194,306592000
2018-09-04,6.930085,7.055501,6.901637,7.017901,391720000
2018-09-05,7.000337,7.035711,6.806399,6.887289,393156000
2018-09-06,6.870962,6.873436,6.713388,6.746288,322796000
2018-09-07,6.654265,6.850431,6.609491,6.725014,295420000
2018-09-10,6.747525,6.825694,6.703740,6.796009,220140000
2018-09-11,6.749751,6.837320,6.728972,6.748267,243112000
2018-09-12,6.708440,6.727982,6.479127,6.634476,419092000
2018-09-13,6.700278,6.802689,6.682962,6.712152,305536000
2018-09-14,6.802441,6.904110,6.765583,6.838062,386936000
2018-09-17,6.812584,6.861563,6.756926,6.776220,205528000
2018-09-18,6.780179,6.882837,6.697557,6.704236,299520000
2018-09-19,6.685682,6.745793,6.635714,6.727983,224860000
2018-09-20,6.606028,6.648328,6.533053,6.586980,430584000
2018-09-21,6.598855,6.644371,6.483828,6.516975,435128000
2018-09-24,6.486054,6.576096,6.398979,6.572633,293912000
2018-09-25,6.638681,6.664655,6.553091,6.639671,280388000
2018-09-26,6.644618,6.684939,6.586980,6.602812,268548000
2018-09-27,6.637939,6.659213,6.583270,6.614686,214428000
2018-09-28,6.746536,6.973869,6.718583,6.951606,709396000
2018-10-01,7.029280,7.224702,6.990690,7.157913,622060000
2018-10-02,7.130455,7.242018,7.064407,7.086670,383964000
2018-10-03,7.156923,7.164344,6.988958,7.092854,320552000
2018-10-04,7.056739,7.080981,6.831879,6.908811,391220000
2018-10-05,6.884073,6.946163,6.618149,6.675539,426636000
2018-10-08,6.592423,6.707698,6.433611,6.574365,408612000
2018-10-09,6.553833,6.648329,6.500896,6.568676,273500000
2018-10-10,6.462801,6.508565,6.075419,6.077645,684940000
2018-10-11,5.990571,6.123904,5.794901,5.816422,725436000
2018-10-12,6.073192,6.172882,5.928233,6.098671,608236000
2018-10-15,6.085315,6.085315,5.821618,5.822607,449760000
2018-10-16,5.935160,6.092241,5.885934,6.081109,408712000
2018-10-17,6.143198,6.181293,5.963607,6.012586,329668000
2018-10-18,6.081850,6.120192,5.864906,5.925264,524020000
2018-10-19,5.980429,5.999971,5.632626,5.668989,613608000
2018-10-22,5.721184,5.821121,5.617041,5.719699,368844000
2018-10-23,5.452787,5.545799,5.360765,5.468372,626436000
2018-10-24,5.430029,5.476535,4.918962,4.932815,884288000
2018-10-25,4.835350,5.188595,4.791071,5.141347,951720000
2018-10-26,4.905604,5.067137,4.777219,4.905109,664784000
2018-10-29,5.046110,5.049573,4.353967,4.591690,758016000
2018-10-30,4.614697,5.031516,4.591692,5.021621,807192000
2018-10-31,5.186121,5.258848,5.046604,5.215311,745772000
2018-11-01,5.251675,5.404798,5.125269,5.395398,566528000
2018-11-02,5.385998,5.491625,5.199975,5.316487,452960000
2018-11-05,5.303376,5.326630,5.078022,5.238565,379332000
2018-11-06,5.230648,5.314754,5.183895,5.221001,299012000
2018-11-07,5.287544,5.378082,5.223970,5.288534,483812000
2018-11-08,5.229412,5.230154,5.042152,5.095585,511352000
2018-11-09,5.006778,5.177959,4.973136,5.087668,413240000
2018-11-12,4.996389,5.018405,4.666891,4.688660,617116000
2018-11-13,4.786371,5.051552,4.780187,4.930341,644712000
2018-11-14,5.103253,5.117600,4.770045,4.877898,526580000
2018-11-15,4.871961,5.078516,4.836092,5.006531,840708000
2018-11-16,4.040055,4.221625,3.997754,4.067513,1963520000
2018-11-19,4.002207,4.002949,3.577719,3.579451,1697820000
2018-11-20,3.316249,3.815937,3.297696,3.687799,1692032000
2018-11-21,3.824842,3.841663,3.552487,3.579698,1025496000
2018-11-23,3.545067,3.700415,3.532204,3.586872,411968000
2018-11-26,3.707836,3.796395,3.625462,3.786005,814832000
2018-11-27,3.760031,3.883963,3.724162,3.802826,738060000
2018-11-28,3.920328,3.964855,3.787985,3.959660,804524000
2018-11-29,3.961888,3.999030,3.866307,3.896517,549172000
2018-11-30,3.906173,4.057468,3.855907,4.046820,729564000
2018-12-03,4.273886,4.325390,4.143639,4.210495,890804000
2018-12-04,4.165925,4.170877,3.875221,3.890326,812112000
2018-12-06,3.749927,3.924498,3.734327,3.919546,692308000
2018-12-07,3.923754,3.933907,3.605813,3.655089,681676000
2018-12-10,3.610270,3.785089,3.606556,3.760327,629472000
2018-12-11,3.851946,3.860117,3.590461,3.669451,671912000
2018-12-12,3.675146,3.783107,3.586004,3.687032,654136000
2018-12-13,3.733831,3.797964,3.650879,3.686784,471384000
2018-12-14,3.645184,3.728879,3.602842,3.626365,471820000
2018-12-17,3.596403,3.668460,3.497356,3.555299,662868000
2018-12-18,3.599128,3.722442,3.571890,3.638499,564372000
2018-12-19,3.604823,3.658308,3.378252,3.429757,745364000
2018-12-20,3.421337,3.511223,3.285643,3.345319,749588000
2018-12-21,3.371814,3.404747,3.180901,3.208386,863740000
2018-12-24,3.132120,3.218539,3.082844,3.146730,463840000
2018-12-26,3.192787,3.296787,3.081854,3.295796,695100000
2018-12-27,3.243548,3.277967,3.099682,3.248005,637044000
2018-12-28,3.268558,3.402024,3.226710,3.309415,628728000
2018-12-31,3.352747,3.385185,3.274995,3.305700,465140000
2019-01-02,3.234882,3.429014,3.220272,3.373052,508752000
2019-01-03,3.312881,3.346804,3.161834,3.169262,705552000
2019-01-04,3.242310,3.410442,3.211605,3.372309,585620000
2019-01-07,3.429509,3.587737,3.378252,3.550842,709160000
2019-01-08,3.632309,3.634538,3.389891,3.462443,786016000
2019-01-09,3.513699,3.577832,3.463185,3.530537,617260000
2019-01-10,3.511223,3.604822,3.450804,3.596155,523156000
2019-01-11,3.573871,3.708080,3.546138,3.685299,874764000
2019-01-14,3.633051,3.750422,3.609527,3.725165,730168000
2019-01-15,3.757850,3.797222,3.692727,3.711051,617012000
2019-01-16,3.738288,3.771221,3.680098,3.685546,470104000
2019-01-17,3.652613,3.796727,3.625375,3.756860,493436000
2019-01-18,3.806631,3.911869,3.755127,3.885869,651336000
2019-01-22,3.855660,3.867298,3.653604,3.683813,661552000
2019-01-23,3.739032,3.827679,3.665489,3.696689,591020000
2019-01-24,3.781126,3.925982,3.776421,3.908402,708972000
2019-01-25,3.848974,3.983678,3.746460,3.965602,1154572000
2019-01-28,3.381223,3.507261,3.243795,3.417375,2511528000
2019-01-29,3.371319,3.419604,3.244043,3.258652,1153932000
2019-01-30,3.334671,3.416385,3.255186,3.402023,974228000
2019-01-31,3.398804,3.595165,3.377014,3.559508,842852000
2019-02-01,3.578079,3.634784,3.530537,3.583775,625048000
2019-02-04,3.599622,3.731108,3.577584,3.693965,528592000
2019-02-05,3.705851,3.749679,3.672175,3.713032,542424000
2019-02-06,3.746212,3.852936,3.740765,3.788555,702464000
2019-02-07,3.742251,3.744479,3.607546,3.650384,637120000
2019-02-08,3.583280,3.679604,3.568919,3.668956,461604000
2019-02-11,3.624880,3.679108,3.578080,3.626365,495180000
2019-02-12,3.664746,3.758841,3.650384,3.743241,591060000
2019-02-13,3.772707,3.858631,3.759088,3.785583,605372000
2019-02-14,3.784594,3.854670,3.741508,3.826441,827264000
2019-02-15,4.034935,4.057715,3.873240,3.896021,1516748000
2019-02-19,3.885373,3.959164,3.866307,3.878688,551892000
2019-02-20,3.907907,3.993087,3.896764,3.925983,540988000
2019-02-21,3.938612,3.963126,3.842536,3.857146,448548000
2019-02-22,3.908897,3.960649,3.895278,3.941830,401740000
2019-02-25,4.025278,4.092630,3.920783,3.929450,656020000
2019-02-26,3.924745,3.980707,3.856650,3.890078,488464000
2019-02-27,3.875717,3.902212,3.791279,3.848231,500256000
2019-02-28,3.842034,3.864343,3.801383,3.823692,324944000
2019-03-01,3.873515,3.920115,3.815265,3.877977,357188000
2019-03-04,3.916397,3.939201,3.829641,3.886156,409992000
2019-03-05,3.870539,3.917883,3.816255,3.879711,362924000
2019-03-06,3.870787,3.879214,3.766184,3.768911,403524000
2019-03-07,3.745364,3.755031,3.653651,3.699755,450104000
2019-03-08,3.610520,3.744619,3.589203,3.733961,422416000
2019-03-11,3.757511,4.017034,3.710415,3.994230,859728000
2019-03-12,4.021991,4.074788,3.945894,4.028436,579576000
2019-03-13,4.065864,4.208886,4.058427,4.179637,768900000
2019-03-14,4.188810,4.200708,4.096105,4.103789,519384000
2019-03-15,4.146918,4.251768,4.143447,4.209134,661484000
2019-03-18,4.240614,4.294403,4.160799,4.187817,486992000
2019-03-19,4.282257,4.399749,4.265402,4.355380,854972000
2019-03-20,4.384382,4.437675,4.288207,4.322910,719148000
2019-03-21,4.345960,4.585653,4.341003,4.559379,824312000
2019-03-22,4.532112,4.580695,4.385867,4.399748,747644000
2019-03-25,4.359097,4.423296,4.241357,4.307539,525212000
2019-03-26,4.449076,4.505095,4.327866,4.384133,703508000
2019-03-27,4.409664,4.456016,4.305558,4.374962,474372000
2019-03-28,4.400987,4.459238,4.340506,4.393551,480264000
2019-03-29,4.460229,4.475102,4.409911,4.450810,456896000
2019-04-01,4.542523,4.548472,4.470888,4.518232,483824000
2019-04-02,4.542277,4.580449,4.499395,4.536080,440920000
2019-04-03,4.585654,4.734378,4.580696,4.675384,783504000
2019-04-04,4.660017,4.708848,4.603749,4.666461,457376000
2019-04-05,4.709591,4.750490,4.673154,4.733139,481744000
2019-04-08,4.702649,4.778994,4.678606,4.753959,424192000
2019-04-09,4.720497,4.731651,4.649109,4.691247,439972000
2019-04-10,4.690504,4.787422,4.686042,4.761643,444772000
2019-04-11,4.764122,4.795602,4.698436,4.747762,374600000
2019-04-12,4.786432,4.790398,4.701164,4.709839,471708000
2019-04-15,4.702156,4.707113,4.538559,4.578219,440092000
2019-04-16,4.617382,4.684060,4.584663,4.665221,394964000
2019-04-17,4.700171,4.720992,4.620108,4.642416,351004000
2019-04-18,4.649108,4.683067,4.590114,4.617876,380988000
2019-04-22,4.594329,4.687281,4.562849,4.671665,279936000
2019-04-23,4.684803,4.757431,4.675136,4.726198,346856000
2019-04-24,4.736608,4.779242,4.675879,4.738591,318204000
2019-04-25,4.698437,4.720746,4.553432,4.632999,499296000
2019-04-26,4.479317,4.483779,4.295643,4.414374,868988000
2019-04-29,4.422307,4.472873,4.350175,4.445111,391920000
2019-04-30,4.412886,4.512035,4.393800,4.486505,362920000
2019-05-01,4.538806,4.580944,4.473119,4.473367,354280000
2019-05-02,4.483034,4.582431,4.439904,4.540789,394684000
2019-05-03,4.549217,4.559132,4.474855,4.536328,336824000
2019-05-06,4.350174,4.470145,4.312993,4.457999,422176000
2019-05-07,4.409664,4.409664,4.242845,4.290933,555220000
2019-05-08,4.263418,4.391073,4.251520,4.311010,419168000
2019-05-09,4.242101,4.251768,4.099822,4.218553,660248000
2019-05-10,4.187818,4.253257,4.065121,4.184596,569500000
2019-05-13,4.052727,4.075779,3.911687,3.927551,656912000
2019-05-14,3.967210,4.051735,3.928542,4.016537,524880000
2019-05-15,3.961014,3.991998,3.901772,3.955561,502320000
2019-05-16,3.950107,4.013315,3.907721,3.970680,781088000
2019-05-17,3.928790,4.057932,3.840547,3.879959,1022068000
2019-05-20,3.781305,3.836333,3.736688,3.761475,572064000
2019-05-21,3.822205,3.859386,3.783536,3.843522,361848000
2019-05-22,3.804853,3.830880,3.761723,3.772630,325868000
2019-05-23,3.710414,3.710414,3.591930,3.651668,591844000
2019-05-24,3.670506,3.705704,3.591186,3.597879,357584000
2019-05-28,3.615478,3.648198,3.550783,3.552766,428356000
2019-05-29,3.505174,3.540124,3.443949,3.478652,559800000
2019-05-30,3.481879,3.517613,3.413884,3.452100,394300000
2019-05-31,3.403212,3.470463,3.359785,3.361522,389720000
2019-06-03,3.372690,3.411402,3.290550,3.319833,478644000
2019-06-04,3.383856,3.553843,3.361771,3.548632,641836000
2019-06-05,3.622335,3.627794,3.469719,3.505949,511616000
2019-06-06,3.510168,3.592556,3.507687,3.567989,408140000
2019-06-07,3.573944,3.644916,3.554836,3.610671,348856000
2019-06-10,3.666755,3.751873,3.666755,3.683382,402780000
2019-06-11,3.743187,3.780907,3.701497,3.740954,383872000
2019-06-12,3.697526,3.703730,3.612905,3.628042,358892000
2019-06-13,3.650129,3.697526,3.632509,3.679163,308080000
2019-06-14,3.586104,3.610423,3.544662,3.589330,394428000
2019-06-17,3.587593,3.635983,3.564762,3.599008,276040000
2019-06-18,3.660302,3.849149,3.649384,3.793810,581920000
2019-06-19,3.829049,3.840464,3.773710,3.799767,331644000
2019-06-20,3.890343,3.904240,3.809693,3.824085,350168000
2019-06-21,3.809196,3.858331,3.759565,3.766017,434428000
2019-06-24,3.787359,3.817882,3.740209,3.788351,282948000
2019-06-25,3.793314,3.868257,3.756339,3.759068,311868000
2019-06-26,3.886373,4.013181,3.873469,3.952134,584072000
2019-06-27,4.037748,4.069760,4.001766,4.050653,445440000
2019-06-28,4.094576,4.103757,4.028814,4.075468,397668000
2019-07-01,4.282429,4.316674,4.086137,4.123609,709756000
2019-07-02,4.106985,4.128078,4.012686,4.025838,400228000
2019-07-03,4.049164,4.054872,3.978936,4.038742,246636000
2019-07-05,3.980425,3.984891,3.912926,3.976206,396552000
2019-07-08,3.916648,3.935508,3.871235,3.901262,329788000
2019-07-09,3.859076,3.931786,3.846420,3.903744,342860000
2019-07-10,3.947172,4.029311,3.933275,3.971987,452076000
2019-07-11,4.044944,4.167037,4.007721,4.126339,682560000
2019-07-12,4.154133,4.230318,4.154133,4.159345,506392000
2019-07-15,4.180437,4.196567,4.122617,4.150907,289840000
2019-07-16,4.136018,4.173241,4.090605,4.146192,341444000
2019-07-17,4.147930,4.218407,4.118648,4.211458,348204000
2019-07-18,4.221880,4.285904,4.165300,4.223120,442192000
2019-07-19,4.261337,4.267788,4.173985,4.179941,344896000
2019-07-22,4.201284,4.264316,4.193839,4.251411,315940000
2019-07-23,4.290619,4.361095,4.274984,4.359109,428176000
2019-07-24,4.402289,4.439264,4.326353,4.433556,366236000
2019-07-25,4.392115,4.404771,4.279204,4.302531,392700000
2019-07-26,4.329580,4.391122,4.329580,4.344469,274160000
2019-07-29,4.337274,4.354397,4.250171,4.338266,248160000
2019-07-30,4.291860,4.366058,4.277466,4.353899,197772000
2019-07-31,4.322384,4.323377,4.144704,4.186891,359416000
2019-08-01,4.197312,4.287641,4.040478,4.092591,421212000
2019-08-02,4.000029,4.069264,3.952631,4.000029,428348000
2019-08-05,3.816641,3.817882,3.695045,3.741946,589156000
2019-08-06,3.816641,3.862054,3.733013,3.780658,361272000
2019-08-07,3.719860,3.830786,3.702489,3.818874,372560000
2019-08-08,3.876447,3.928559,3.819123,3.927319,309300000
2019-08-09,3.886373,3.889847,3.775695,3.826071,341816000
2019-08-12,3.773959,3.826072,3.736488,3.758325,279200000
2019-08-13,3.756835,3.918385,3.717875,3.872476,351956000
2019-08-14,3.784382,3.795549,3.680404,3.724080,419880000
2019-08-15,3.742938,3.762791,3.657573,3.691818,477200000
2019-08-16,3.954368,4.008714,3.893073,3.959579,1007960000
2019-08-19,4.072739,4.253893,4.056609,4.238010,815112000
2019-08-20,4.232550,4.233047,4.144703,4.165796,463188000
2019-08-21,4.231807,4.304268,4.210217,4.249177,427244000
2019-08-22,4.258855,4.301290,4.216172,4.255381,303488000
2019-08-23,4.178949,4.233295,4.011195,4.031048,568056000
2019-08-26,4.109713,4.133784,4.067527,4.105742,318208000
2019-08-27,4.143959,4.146688,3.985883,4.015166,290968000
2019-08-28,3.988837,4.057395,3.949589,4.004734,255612000
2019-08-29,4.096146,4.180602,4.092668,4.148310,357976000
2019-08-30,4.194512,4.244192,4.142844,4.160977,290616000
2019-09-03,4.088195,4.121232,4.055158,4.078011,296140000
2019-09-04,4.138620,4.199478,4.138620,4.192026,227728000
2019-09-05,4.294122,4.470985,4.292384,4.464775,695676000
2019-09-06,4.441424,4.498308,4.399692,4.437698,376976000
2019-09-09,4.468748,4.570096,4.467258,4.483652,417524000
2019-09-10,4.450862,4.576801,4.441174,4.550223,352812000
2019-09-11,4.564879,4.626979,4.535816,4.578789,361512000
2019-09-12,4.625241,4.679889,4.569350,4.577299,327840000
2019-09-13,4.510728,4.547739,4.475703,4.519422,324592000
2019-09-16,4.444404,4.510975,4.433971,4.476448,231832000
2019-09-17,4.483156,4.502034,4.436704,4.497811,223048000
2019-09-18,4.490857,4.506506,4.384292,4.470736,258152000
2019-09-19,4.476696,4.495078,4.384539,4.395220,245476000
2019-09-20,4.394226,4.417824,4.279465,4.289649,350244000
2019-09-23,4.289898,4.388513,4.286172,4.343056,249712000
2019-09-24,4.374355,4.403914,4.250154,4.285675,317268000
2019-09-25,4.285179,4.446889,4.240466,4.427265,308432000
2019-09-26,4.417576,4.426270,4.354233,4.405156,234564000
2019-09-27,4.363424,4.414098,4.205937,4.266548,362056000
2019-09-30,4.292382,4.334113,4.261083,4.323928,186184000
2019-10-01,4.347032,4.496073,4.317472,4.322191,366008000
2019-10-02,4.300332,4.312255,4.226060,4.298345,293372000
2019-10-03,4.302815,4.509982,4.272510,4.503772,450588000
2019-10-04,4.506009,4.549479,4.440928,4.520168,265524000
2019-10-07,4.584999,4.678398,4.576305,4.578789,480984000
2019-10-08,4.487131,4.487131,4.384292,4.402426,444436000
2019-10-09,4.479181,4.538301,4.450367,4.488869,292412000
2019-10-10,4.486633,4.597420,4.481416,4.546497,309124000
2019-10-11,4.630457,4.703239,4.611578,4.620024,446404000
2019-10-14,4.611329,4.654303,4.580279,4.633437,200040000
2019-10-15,4.723609,4.950400,4.709698,4.877866,664124000
2019-10-16,4.843835,4.948661,4.812785,4.824211,428944000
2019-10-17,4.868675,4.913636,4.771798,4.826199,263436000
2019-10-18,4.826694,4.859235,4.657532,4.731804,307440000
2019-10-21,4.793159,4.882336,4.774281,4.868922,261868000
2019-10-22,4.925807,5.030881,4.851287,4.858987,328720000
2019-10-23,4.777016,4.860230,4.745221,4.846072,279916000
2019-10-24,4.887304,4.923570,4.853273,4.890037,232020000
2019-10-25,4.970518,5.101674,4.962817,5.080808,423092000
2019-10-28,5.124529,5.189113,5.095217,5.136701,330792000
2019-10-29,5.122789,5.129248,5.021193,5.040568,211236000
2019-10-30,5.067395,5.073109,4.974493,5.042555,205960000
2019-10-31,5.021688,5.042554,4.913634,4.993371,209732000
2019-11-01,4.958100,5.064665,4.933011,5.032372,283640000
2019-11-04,5.113349,5.241276,5.090248,5.228856,376716000
2019-11-05,5.228609,5.254691,5.158808,5.206750,300868000
2019-11-06,5.182653,5.208238,5.070127,5.157565,269012000
2019-11-07,5.244010,5.258666,5.130490,5.175203,280340000
2019-11-08,5.158311,5.192839,5.120802,5.161292,189100000
2019-11-11,5.160547,5.194329,5.074351,5.171228,243436000
2019-11-12,5.209482,5.262640,5.174457,5.206750,283504000
2019-11-13,5.175451,5.203023,5.114593,5.180916,300188000
2019-11-14,5.189857,5.213456,5.129993,5.211220,518080000
2019-11-15,5.208985,5.260653,4.983933,5.072116,1053628000
2019-11-18,5.064663,5.299650,5.061682,5.273072,574588000
2019-11-19,5.242022,5.265620,5.108382,5.166508,414564000
2019-11-20,5.143655,5.329459,5.130986,5.245748,472588000
2019-11-21,5.241276,5.296918,5.199296,5.220907,288388000
2019-11-22,5.243513,5.289964,5.214947,5.238545,224100000
2019-11-25,5.366473,5.499865,5.353556,5.494896,506476000
2019-11-26,5.477259,5.481979,5.383860,5.390319,385244000
2019-11-27,5.435808,5.470113,5.398769,5.425119,215784000
2019-11-29,5.394296,5.422634,5.363968,5.387833,141556000
2019-12-02,5.380873,5.394296,5.186479,5.201643,372036000
2019-12-03,5.018186,5.166094,4.980898,5.162117,465232000
2019-12-04,5.245642,5.268015,5.177281,5.205868,273424000
2019-12-05,5.227744,5.243405,5.158389,5.188965,184884000
2019-12-06,5.258072,5.307043,5.248128,5.274230,232236000
2019-12-09,5.251360,5.328919,5.242659,5.274230,211880000
2019-12-10,5.304308,5.370929,5.251608,5.319223,256388000
2019-12-11,5.329664,5.408217,5.327178,5.402748,233796000
2019-12-12,5.373911,5.588191,5.364962,5.570044,404348000
2019-12-13,5.573028,5.692100,5.514113,5.568056,454704000
2019-12-16,5.615536,5.669230,5.587446,5.596892,320976000
2019-12-17,5.615536,5.697569,5.606090,5.674948,321196000
2019-12-18,5.709750,5.765682,5.701298,5.705276,343548000
2019-12-19,5.739830,5.866608,5.734858,5.853184,445360000
2019-12-20,5.919556,5.975736,5.900415,5.950380,603044000
2019-12-23,5.978966,6.011033,5.926018,5.936707,355060000
2019-12-24,5.921295,5.948887,5.886990,5.931735,138864000
2019-12-26,5.935217,5.973996,5.916325,5.945907,182852000
2019-12-27,5.961069,5.974493,5.861884,5.888234,254644000
2019-12-30,5.866360,5.871580,5.743807,5.775129,258056000
2019-12-31,5.739829,5.858653,5.720688,5.849206,231004000
2020-01-02,5.934967,5.963802,5.884504,5.963802,237536000
2020-01-03,5.844234,5.912098,5.819375,5.868347,205384000
2020-01-06,5.775127,5.898176,5.749025,5.892956,262636000
2020-01-07,5.921295,6.010040,5.876302,5.964301,314856000
2020-01-08,5.960076,6.016753,5.920054,5.975488,277108000
2020-01-09,6.061746,6.113452,5.987420,6.041114,255112000
2020-01-10,6.148253,6.178580,6.059259,6.073429,316296000
2020-01-13,6.156457,6.288953,6.133836,6.263846,319840000
2020-01-14,6.221090,6.246446,6.133837,6.147012,359088000
2020-01-15,6.159690,6.182062,6.078651,6.104504,263104000
2020-01-16,6.157950,6.193995,6.134583,6.188029,284192000
2020-01-17,6.207169,6.214626,6.149248,6.196728,253792000
2020-01-21,6.160187,6.196978,6.129362,6.163419,217916000
2020-01-22,6.208661,6.303868,6.189768,6.217361,239240000
2020-01-23,6.257383,6.294173,6.168638,6.285721,244516000
2020-01-24,6.401064,6.450782,6.172366,6.226558,373512000
2020-01-27,5.922289,6.021972,5.772890,5.971012,470536000
2020-01-28,6.036887,6.196479,5.983690,6.164163,310976000
2020-01-29,6.149745,6.185790,6.063983,6.103757,258848000
2020-01-30,6.006062,6.123892,5.951125,6.110468,290504000
2020-01-31,6.064729,6.076661,5.835534,5.877296,370420000
2020-02-03,5.859149,5.993634,5.852935,5.974245,255564000
2020-02-04,6.115937,6.162423,6.065972,6.143281,271544000
2020-02-05,6.264095,6.274287,6.150243,6.233519,208220000
2020-02-06,6.267824,6.320275,6.186785,6.320275,218284000
2020-02-07,6.280251,6.302375,6.228794,6.254150,189752000
2020-02-10,6.276772,6.537786,6.271800,6.537041,529608000
2020-02-11,6.645176,6.773943,6.583279,6.659346,638556000
2020-02-12,6.712043,6.781399,6.673264,6.774935,374644000
2020-02-13,6.717017,6.798304,6.689673,6.731186,528016000
2020-02-14,7.140853,7.332512,7.109532,7.203745,1041924000
2020-02-18,7.100584,7.390683,7.081194,7.372287,620164000
2020-02-19,7.494592,7.840623,7.494592,7.822973,694332000
2020-02-20,7.774994,7.863242,7.366817,7.673820,810052000
2020-02-21,7.561708,7.586815,7.225372,7.310140,768180000
2020-02-24,6.716520,7.006868,6.662080,6.793333,856916000
2020-02-25,6.868404,6.930302,6.412499,6.514171,1055496000
2020-02-26,6.514419,6.847274,6.512927,6.653378,747732000
2020-02-27,6.340223,6.641191,6.190734,6.283014,906416000
2020-02-28,6.030798,6.776999,6.014133,6.717551,1133252000
2020-03-02,6.887437,6.904600,6.491950,6.875746,890744000
2020-03-03,6.931464,6.991160,6.528266,6.613582,652792000
2020-03-04,6.720786,7.086176,6.646166,7.076724,597408000
2020-03-05,6.877487,7.044139,6.753121,6.797644,540328000
2020-03-06,6.618307,6.675765,6.417330,6.617312,515412000
2020-03-09,5.967122,6.452153,5.924340,6.104921,614160000
2020-03-10,6.381015,6.493940,6.118601,6.493940,580648000
2020-03-11,6.354151,6.382507,6.033533,6.130539,499964000
2020-03-12,5.607950,5.873100,5.367674,5.380359,816540000
2020-03-13,5.733313,5.994981,5.462442,5.990504,634836000
2020-03-16,5.283351,5.623868,4.825432,4.885128,726972000
2020-03-17,4.997309,5.493533,4.750814,5.404238,833632000
2020-03-18,4.977163,5.221916,4.494122,5.044818,874268000
2020-03-19,5.023426,5.390806,4.810262,5.297283,765512000
2020-03-20,5.447268,5.728835,5.102275,5.117696,804636000
2020-03-23,5.116701,5.384588,4.937862,5.290318,643876000
2020-03-24,5.696002,6.284507,5.672373,6.197947,1101644000
2020-03-25,6.312863,6.512347,6.060647,6.109399,793432000
2020-03-26,6.316343,6.522295,6.218343,6.398426,696108000
2020-03-27,6.218345,6.544683,6.185512,6.286249,638828000
2020-03-30,6.351664,6.615322,6.307638,6.606119,602252000
2020-03-31,6.646165,6.850127,6.411112,6.556621,949960000
2020-04-01,6.358878,6.505134,6.001448,6.045971,656912000
2020-04-02,6.075073,6.367584,6.027068,6.354402,675764000
2020-04-03,6.316841,6.358379,5.929563,6.066864,663212000
2020-04-06,6.348679,6.712826,6.291222,6.676013,727884000
2020-04-07,6.897387,6.921017,6.399919,6.442950,784520000
2020-04-08,6.551896,6.664821,6.482002,6.639948,542444000
2020-04-09,6.765556,6.788439,6.477522,6.540452,525564000
2020-04-13,6.480757,6.720785,6.392456,6.712079,398408000
2020-04-14,6.840176,7.096870,6.812567,7.062793,530948000
2020-04-15,6.894899,7.068266,6.849629,6.985438,366148000
2020-04-16,7.140648,7.437139,7.127465,7.330183,745620000
2020-04-17,7.412265,7.433656,7.137166,7.270985,539120000
2020-04-20,7.144629,7.300336,7.095628,7.139903,449388000
2020-04-21,7.022003,7.083191,6.643927,6.703623,735160000
2020-04-22,6.895645,7.160298,6.850128,7.117516,483356000
2020-04-23,7.159552,7.291381,7.039165,7.064287,424160000
2020-04-24,7.054088,7.205069,6.979468,7.203080,352328000
2020-04-27,7.337396,7.549068,7.312771,7.389381,479388000
2020-04-28,7.536632,7.566480,7.241634,7.247106,442904000
2020-04-29,7.381673,7.476440,7.306555,7.423709,379160000
2020-04-30,7.369731,7.423706,7.256060,7.269989,375916000
2020-05-01,7.072744,7.185918,6.985438,7.033693,342096000
2020-05-04,6.986434,7.259046,6.986434,7.245366,317556000
2020-05-05,7.349335,7.468728,7.245364,7.306304,368896000
2020-05-06,7.385651,7.511759,7.347844,7.407042,323464000
2020-05-07,7.546083,7.646323,7.494844,7.583145,373732000
2020-05-08,7.654780,7.779146,7.620952,7.772928,339216000
2020-05-11,7.767954,8.071410,7.739350,8.024648,469060000
2020-05-12,8.082353,8.131105,7.753279,7.762979,493060000
2020-05-13,7.877397,8.037581,7.556281,7.740593,625852000
2020-05-14,7.802032,7.995298,7.648563,7.989826,602312000
2020-05-15,7.849788,8.457444,7.834118,8.447744,987660000
2020-05-18,8.716127,8.871337,8.636532,8.705929,774460000
2020-05-19,8.745726,9.041470,8.718365,8.760899,717320000
2020-05-20,8.945462,8.997198,8.843730,8.924568,587536000
2020-05-21,9.005653,9.006648,8.693244,8.730803,761068000
2020-05-22,8.780549,9.046943,8.669116,8.980531,1038764000
2020-05-26,9.110369,9.135243,8.628075,8.673593,770780000
2020-05-27,8.581315,8.589026,7.956247,8.482071,1175892000
2020-05-28,8.369642,8.716129,8.336809,8.444015,734896000
2020-05-29,8.511171,8.830545,8.442023,8.830545,745256000
2020-06-01,8.788509,8.795971,8.645487,8.761645,389876000
2020-06-02,8.751696,8.792487,8.614146,8.780548,391320000
2020-06-03,8.777566,8.821343,8.655934,8.725082,365440000
2020-06-04,8.687754,8.902011,8.637487,8.726077,424280000
2020-06-05,8.753948,8.955514,8.667847,8.878869,481748000
2020-06-08,8.836317,8.848759,8.645700,8.764400,387736000
2020-06-09,8.759422,9.067743,8.710897,9.004287,468488000
2020-06-10,9.125479,9.456197,9.111294,9.323561,632180000
2020-06-11,9.107810,9.218547,8.745489,8.755692,583652000
2020-06-12,9.120251,9.144886,8.663118,8.891311,570908000
2020-06-15,8.774604,9.139912,8.703433,9.131451,400004000
2020-06-16,9.182462,9.224019,8.797993,9.026683,535716000
2020-06-17,9.071726,9.256121,9.028426,9.193412,408304000
2020-06-18,9.184455,9.239700,9.072474,9.175497,254408000
2020-06-19,9.199884,9.401450,9.184704,9.218547,524160000
2020-06-22,9.257117,9.487300,9.230489,9.482821,398468000
2020-06-23,9.506960,9.598038,9.364122,9.406425,375108000
2020-06-24,9.432553,9.512434,9.102333,9.192914,449372000
2020-06-25,9.312610,9.461172,9.139910,9.446240,376072000
2020-06-26,9.456198,9.456198,9.082927,9.112788,592084000
2020-06-29,9.127468,9.162058,8.858962,9.157578,342248000
2020-06-30,9.271053,9.482324,9.223772,9.453956,367892000
2020-07-01,9.476848,9.531595,9.369595,9.486055,326648000
2020-07-02,9.594555,9.692601,9.534085,9.567928,364056000
2020-07-06,9.696829,9.863059,9.667714,9.793880,315892000
2020-07-07,9.900389,10.023568,9.805329,9.826232,357800000
2020-07-08,9.947669,10.177853,9.919549,10.168894,365480000
2020-07-09,10.332386,10.521261,10.186313,10.460543,494548000
2020-07-10,10.539925,10.606118,10.330893,10.430930,497676000
2020-07-13,10.546148,10.742488,9.978776,10.005900,457076000
2020-07-14,10.028542,10.354781,9.740377,10.329149,542676000
2020-07-15,10.366230,10.384893,10.009382,10.180092,403984000
2020-07-16,9.968822,10.159687,9.849872,10.088019,344964000
2020-07-17,10.178348,10.201242,10.041234,10.154459,266284000
2020-07-20,10.226875,10.482690,10.109916,10.462284,284852000
2020-07-21,10.464522,10.511306,10.239316,10.280873,277036000
2020-07-22,10.319698,10.553614,10.244048,10.390619,367292000
2020-07-23,10.401813,10.498366,9.984994,10.083040,411660000
2020-07-24,9.829468,10.316960,9.731921,10.147495,473292000
2020-07-27,10.185067,10.393601,10.170633,10.373445,292132000
2020-07-28,10.326415,10.334129,10.162176,10.168397,271636000
2020-07-29,10.342837,10.467758,10.299289,10.417242,284508000
2020-07-30,10.327159,10.574015,10.247776,10.565057,308880000
2020-07-31,10.514543,10.716856,10.384893,10.565805,386080000
2020-08-03,10.683013,11.047574,10.665842,10.959482,412720000
2020-08-04,10.999048,11.175978,10.855712,11.175978,310336000
2020-08-05,11.192153,11.319313,11.114761,11.234705,249924000
2020-08-06,11.297414,11.305626,11.127203,11.283230,244316000
2020-08-07,11.260338,11.451702,10.986607,11.147860,342516000
2020-08-10,11.281989,11.355647,10.806441,11.113519,427796000
2020-08-11,11.022687,11.085397,10.745969,10.799970,354512000
2020-08-12,10.940072,11.414126,10.907722,11.387500,464412000
2020-08-13,11.492762,11.667702,11.303389,11.390237,374460000
2020-08-14,11.476833,11.650777,11.387746,11.510676,366436000
2020-08-17,11.796603,12.352528,11.762760,12.280113,621300000
2020-08-18,12.392592,12.438381,12.030520,12.204215,503448000
2020-08-19,12.239801,12.258216,12.042216,12.082530,622624000
2020-08-20,11.919785,12.317940,11.823978,12.085019,921388000
2020-08-21,12.145487,12.749689,12.139017,12.625016,999868000
2020-08-24,12.824343,12.852961,12.449828,12.661597,490564000
2020-08-25,12.572510,12.702408,12.515773,12.691211,289076000
2020-08-26,12.740233,12.809163,12.619293,12.714104,321244000
2020-08-27,12.722564,12.790748,12.508555,12.570021,317604000
2020-08-28,12.616555,13.087374,12.584205,13.087125,537160000
2020-08-31,13.121965,13.512406,12.977634,13.312831,500840000
2020-09-01,13.421855,13.933389,13.378543,13.761385,511316000
2020-09-02,14.640331,14.663232,13.840047,14.284622,874012000
2020-09-03,13.769101,13.824610,12.823199,12.959359,945128000
2020-09-04,12.728610,13.118173,11.654264,12.568056,1463684000
2020-09-08,11.683886,12.495869,11.653767,11.861616,795728000
2020-09-09,12.346512,12.753997,12.178987,12.660153,736200000
2020-09-10,12.933226,13.008898,12.114522,12.258648,698684000
2020-09-11,12.431647,12.597926,11.844440,12.112031,636928000
2020-09-14,13.024578,13.257568,12.576768,12.816728,1201744000
2020-09-15,13.222719,13.241388,12.772420,12.934966,727556000
2020-09-16,12.901361,13.036277,12.459774,12.460521,556384000
2020-09-17,12.079923,12.535450,11.982843,12.409744,792512000
2020-09-18,12.539431,12.578014,11.937041,12.136676,698460000
2020-09-21,11.873565,12.468488,11.853154,12.463261,721044000
2020-09-22,12.520762,12.593447,12.103072,12.583241,646452000
2020-09-23,12.521257,12.672104,12.027148,12.071456,647012000
2020-09-24,12.020180,12.515285,11.962181,12.294740,731240000
2020-09-25,12.393811,12.827930,12.192931,12.818222,588016000
2020-09-28,12.984004,12.995455,12.695006,12.978777,573808000
2020-09-29,12.881697,13.384768,12.877466,13.168704,621460000
2020-09-30,13.100748,13.563743,13.093530,13.472139,689184000
2020-10-01,13.698658,13.703387,13.402689,13.555777,525004000
2020-10-02,13.167954,13.461183,12.994704,13.005906,552496000
2020-10-05,13.178909,13.585398,13.165716,13.583655,479820000
2020-10-06,13.770346,14.081000,13.606058,13.677249,784420000
2020-10-07,13.939367,14.058351,13.803704,13.903770,418084000
2020-10-08,14.014289,14.023749,13.698657,13.779058,378900000
2020-10-09,13.707620,13.764623,13.601829,13.703388,346892000
2020-10-12,13.929160,14.285118,13.852492,14.164639,434744000
2020-10-13,14.234835,14.286611,13.958283,14.186793,344604000
2020-10-14,14.228863,14.280887,13.899789,14.034455,276100000
2020-10-15,13.751182,13.945340,13.708367,13.909745,267224000
2020-10-16,13.976205,14.060590,13.733008,13.751926,242392000
2020-10-19,13.843033,13.923185,13.348923,13.439531,298068000
2020-10-20,13.524909,13.740227,13.448739,13.586642,229212000
2020-10-21,13.566233,13.732015,13.419369,13.466415,219596000
2020-10-22,13.464176,13.553040,13.174679,13.303372,290480000
2020-10-23,13.391985,13.534618,13.233920,13.531631,233484000
2020-10-26,13.369085,13.633689,12.982260,13.084567,336896000
2020-10-27,13.248609,13.384023,13.134603,13.338968,250520000
2020-10-28,13.141076,13.202809,12.554616,12.572538,376520000
2020-10-29,12.783126,13.135848,12.695008,12.967826,320080000
2020-10-30,12.794576,12.880702,12.246948,12.479939,416820000
2020-11-02,12.603155,12.781383,12.341539,12.526487,299652000
2020-11-03,12.653684,13.048474,12.548390,12.963343,272900000
2020-11-04,13.331496,13.767856,13.279472,13.734749,410228000
2020-11-05,14.101414,14.277152,13.930654,14.098925,319028000
2020-11-06,14.048892,14.525826,13.835069,14.499192,383348000
2020-11-09,14.489727,14.628127,13.552040,13.571953,582976000
2020-11-10,13.547807,13.547807,12.573777,12.714916,644068000
2020-11-11,12.997446,13.377051,12.892400,13.360125,404744000
2020-11-12,13.420862,13.706623,13.258565,13.398707,365812000
2020-11-13,13.568472,13.609793,13.002922,13.239647,346312000
2020-11-16,13.115683,13.590626,13.099254,13.456955,413776000
2020-11-17,13.494043,13.537604,13.246366,13.364355,312028000
2020-11-18,13.407172,13.547066,13.128131,13.370830,510924000
2020-11-19,13.155761,13.429325,13.043497,13.382279,565936000
2020-11-20,13.395970,13.436295,13.008647,13.031300,341088000
2020-11-23,13.114441,13.324779,12.959362,13.083325,361356000
2020-11-24,13.085812,13.105228,12.829423,12.901859,346500000
2020-11-25,12.976288,13.212265,12.963842,13.177665,259916000
2020-11-27,13.317310,13.349670,13.113692,13.204050,167276000
2020-11-30,13.207784,13.354648,12.916296,13.343695,286952000
2020-12-01,13.434054,13.470396,13.171192,13.332245,296948000
2020-12-02,13.292916,13.614523,13.177167,13.486079,283360000
2020-12-03,13.532891,13.605100,13.275431,13.342161,199520000
2020-12-04,13.394449,13.505501,13.334939,13.503758,202244000
2020-12-07,13.546585,13.676063,13.445742,13.552063,223244000
2020-12-08,13.530402,13.544097,13.228121,13.296347,271920000
2020-12-09,13.247042,13.360086,12.816530,12.878778,401300000
2020-12-10,12.817278,13.016225,12.797856,12.920113,207764000
2020-12-11,12.915132,12.967671,12.771462,12.960948,209264000
2020-12-14,13.035400,13.334941,13.024942,13.255262,270156000
2020-12-15,13.385735,13.409887,13.133752,13.306804,193016000
2020-12-16,13.368554,13.383245,13.159398,13.189278,223116000
2020-12-17,13.313029,13.325728,13.125536,13.287632,231384000
2020-12-18,13.325231,13.351126,13.017971,13.218661,342064000
2020-12-21,13.022201,13.316264,12.915382,13.278666,302332000
2020-12-22,13.265716,13.283643,13.001532,13.224880,185580000
2020-12-23,13.202723,13.221646,12.952732,12.956964,179144000
2020-12-24,12.984852,13.079719,12.886748,12.941526,97884000
2020-12-28,13.010000,13.010000,12.711953,12.848153,212564000
2020-12-29,12.873053,13.019960,12.790635,12.891229,170372000
2020-12-30,12.938043,13.160645,12.844920,13.092918,225396000
2020-12-31,13.083705,13.098147,12.863095,13.002533,192424000
2021-01-04,13.051583,13.597630,12.910403,13.060796,560640000
2021-01-05,13.047101,13.389470,13.034403,13.350876,322760000
2021-01-06,13.169357,13.191767,12.535416,12.563801,580424000
2021-01-07,12.915384,13.323986,12.834710,13.290371,461480000
2021-01-08,13.308797,13.367061,12.989584,13.223391,292528000
2021-01-11,13.364820,13.904891,13.308796,13.566755,518344000
2021-01-12,13.697227,13.699220,13.291366,13.430553,291476000
2021-01-13,13.435783,13.570241,13.331206,13.477365,210028000
2021-01-14,13.520440,13.545090,13.127526,13.147196,283120000
2021-01-15,13.174834,13.271693,12.796860,12.807816,277780000
2021-01-19,12.963935,13.041373,12.792377,12.972899,226188000
2021-01-20,13.059053,13.376522,13.004275,13.312033,258572000
2021-01-21,13.364568,13.942984,13.199734,13.811764,337780000
2021-01-22,13.684778,13.786120,13.572481,13.657389,246820000
2021-01-25,13.726361,13.772923,13.183302,13.598377,251112000
2021-01-26,13.525921,13.589913,13.333697,13.381255,163980000
2021-01-27,13.176826,13.179565,12.742329,12.865831,371272000
2021-01-28,12.944018,13.286138,12.908411,12.998548,228316000
2021-01-29,13.022449,13.281156,12.859607,12.937542,271552000
2021-02-01,13.000788,13.217414,12.850893,13.183800,217204000
2021-02-02,13.344900,13.517453,13.232104,13.502265,220440000
2021-02-03,13.581196,13.875758,13.462177,13.476121,245408000
2021-02-04,13.476616,13.618543,13.284143,13.609330,201340000
2021-02-05,13.669839,13.682040,13.491309,13.536377,169152000
2021-02-08,13.672079,14.415578,13.672079,14.380719,434624000
2021-02-09,14.283112,14.524638,14.165337,14.205924,287560000
2021-02-10,14.405121,14.845095,14.283861,14.704911,485352000
2021-02-11,14.920042,15.210868,14.865014,15.189454,450828000
2021-02-12,14.989515,15.229796,14.715620,14.901122,374756000
2021-02-16,15.003704,15.310716,14.889913,15.268635,321960000
2021-02-17,15.110028,15.162317,14.720599,14.846093,274756000
2021-02-18,14.669802,14.813472,14.516421,14.769401,233868000
2021-02-19,14.964114,15.116001,14.787079,14.866508,271724000
2021-02-22,14.715368,15.072428,14.267426,14.298053,325884000
2021-02-23,14.018680,14.181524,13.335686,14.085162,391780000
2021-02-24,14.065989,14.448446,13.700712,14.440726,448320000
2021-02-25,13.989050,14.316977,13.163133,13.254016,824436000
2021-02-26,13.697229,13.798820,13.307303,13.659383,500932000
2021-03-01,13.819237,13.869036,13.498780,13.786120,353184000
2021-03-02,13.844134,13.864551,13.342159,13.352368,264116000
2021-03-03,13.372288,13.397436,12.747310,12.753286,377592000
2021-03-04,12.749302,12.922852,12.035183,12.320532,573344000
2021-03-05,12.499560,12.499560,11.632310,12.411416,542840000
2021-03-08,12.399961,12.421125,11.520012,11.546655,543112000
2021-03-09,12.085669,12.570380,12.014929,12.474236,521824000
2021-03-10,12.793306,12.932293,12.411714,12.422424,384376000
2021-03-11,12.902404,12.998301,12.687697,12.945745,299916000
2021-03-12,12.601763,12.841380,12.543728,12.808750,243964000
2021-03-15,12.817469,13.158212,12.720327,13.142769,221988000
2021-03-16,13.307410,13.462837,13.068541,13.242400,272128000
2021-03-17,12.991824,13.403804,12.941759,13.292216,243864000
2021-03-18,13.088218,13.135543,12.670260,12.675739,293896000
2021-03-19,12.703142,12.874012,12.566148,12.798540,299208000
2021-03-22,12.865291,13.345270,12.859312,13.137785,297804000
2021-03-23,13.205535,13.295453,12.973391,13.022710,222048000
2021-03-24,13.102914,13.110885,12.590305,12.596532,245840000
2021-03-25,12.453562,12.668020,12.226898,12.489180,295144000
2021-03-26,12.508358,12.809000,12.328024,12.792062,363968000
2021-03-29,12.773132,13.014492,12.653324,12.900661,273520000
2021-03-30,12.794800,12.927561,12.658304,12.824441,200204000
2021-03-31,12.967665,13.420993,12.934786,13.299192,314776000
2021-04-01,13.522367,13.819023,13.461591,13.760987,308276000
2021-04-05,13.816534,13.962496,13.682528,13.936093,255672000
2021-04-06,13.948296,14.002595,13.722878,13.810554,191744000
2021-04-07,13.829733,14.191149,13.661105,14.091517,251284000
2021-04-08,14.200367,14.418313,14.196630,14.264380,244416000
2021-04-09,14.161759,14.355046,14.122903,14.347075,195172000
2021-04-12,14.237233,15.296077,14.087286,15.153104,869324000
2021-04-13,15.175520,15.642299,15.070159,15.621874,676212000
2021-04-14,15.567570,15.662719,15.171531,15.220850,385500000
2021-04-15,15.604933,16.154655,15.574046,16.077938,598480000
2021-04-16,15.994001,16.106338,15.806941,15.854018,335208000
2021-04-19,15.479398,15.749402,15.177014,15.305290,404420000
2021-04-20,15.266933,15.440044,14.908007,15.115492,334132000
2021-04-21,15.063183,15.306037,15.046744,15.304045,216776000
2021-04-22,15.318496,15.381763,14.729169,14.795674,277788000
2021-04-23,14.879365,15.278642,14.845490,15.209148,227500000
2021-04-26,15.129190,15.422109,15.069410,15.421112,197796000
2021-04-27,15.521243,15.612905,15.298066,15.325216,164572000
2021-04-28,15.308028,15.475162,15.159576,15.220600,209416000
2021-04-29,15.343400,15.379766,15.016108,15.268427,173196000
2021-04-30,15.118727,15.308526,14.941878,14.954332,201912000
2021-05-03,15.069412,15.190715,14.733153,14.782222,203912000
2021-05-04,14.583454,14.583703,13.958758,14.298505,405324000
2021-05-05,14.654941,14.759058,14.334623,14.405362,292024000
2021-05-06,14.441975,14.517695,14.165744,14.469623,193380000
2021-05-07,14.753825,14.915727,14.617826,14.757810,229328000
2021-05-10,14.732902,14.751583,14.197627,14.213319,268904000
2021-05-11,13.774190,14.301993,13.699465,14.253671,285584000
2021-05-12,13.958010,14.207839,13.658865,13.707933,303408000
2021-05-13,13.982172,14.029000,13.409534,13.615026,285404000
2021-05-14,13.838949,14.275339,13.697968,14.190651,258616000
2021-05-17,14.104967,14.117172,13.802583,14.113436,216980000
2021-05-18,14.214567,14.351312,13.952533,13.964240,186256000
2021-05-19,13.516639,14.027754,13.493475,14.014054,344000000
2021-05-20,14.249934,14.629783,14.218052,14.558795,321592000
2021-05-21,15.108019,15.166055,14.814851,14.936651,672992000
2021-05-24,15.156592,15.687135,15.120226,15.554625,554816000
2021-05-25,15.708054,15.760361,15.425596,15.590239,435408000
2021-05-26,15.676422,15.735703,15.528966,15.642298,370440000
2021-05-27,15.642050,15.692115,15.403181,15.431078,581476000
2021-05-28,15.444027,16.217673,15.444027,16.184793,644536000
2021-06-01,16.210204,16.328019,15.844801,16.204723,472804000
2021-06-02,16.192517,16.856568,16.175829,16.716583,594168000
2021-06-03,16.639371,17.195569,16.522053,16.907381,580008000
2021-06-04,17.049600,17.596084,17.032664,17.513639,617120000
2021-06-07,17.506672,17.747034,17.129563,17.554245,575756000
2021-06-08,17.462835,17.556738,17.187599,17.392843,323848000
2021-06-09,17.455371,17.514416,17.196267,17.298412,381656000
2021-06-10,17.290193,17.431703,17.116793,17.364933,287772000
2021-06-11,17.419246,17.877413,17.383620,17.763805,416308000
2021-06-14,17.844280,17.977319,17.601868,17.956640,321376000
2021-06-15,17.853247,17.954148,17.666892,17.727182,243032000
2021-06-16,17.729428,17.892862,17.523888,17.748859,307124000
2021-06-17,17.713234,18.770078,17.695048,18.592941,809656000
2021-06-18,18.719253,19.308215,18.519941,18.574503,968856000
2021-06-21,18.371705,18.472608,17.761317,18.363733,672384000
2021-06-22,18.407828,18.898382,18.322622,18.821646,580144000
2021-06-23,18.942229,19.086730,18.842574,18.991558,332356000
2021-06-24,19.161472,19.353059,19.022451,19.139297,320924000
2021-06-25,19.214043,19.278819,18.829374,18.965403,278364000
2021-06-28,19.294512,20.009540,19.252408,19.916113,495436000
2021-06-29,19.813964,20.029468,19.589241,19.957718,367632000
2021-06-30,19.930319,20.093006,19.795286,19.933558,326568000
2021-07-01,20.055630,20.385489,19.949995,20.142330,480136000
2021-07-02,20.369798,20.434574,20.217823,20.416386,342764000
2021-07-06,20.666020,20.770160,20.280106,20.627155,446708000
2021-07-07,20.781623,20.803048,20.261921,20.301533,418428000
2021-07-08,19.788058,20.063604,19.632845,19.834148,503300000
2021-07-09,19.893689,20.011034,19.686157,19.981136,296624000
2021-07-12,20.170234,20.461974,20.118164,20.441795,321984000
2021-07-13,20.330179,20.390721,20.044668,20.180199,290708000
2021-07-14,20.287579,20.347371,19.684665,19.773108,380100000
2021-07-15,19.743460,19.778588,18.793495,18.900873,550564000
2021-07-16,18.964904,19.090967,18.010704,18.098400,688224000
2021-07-19,17.853499,18.976364,17.803919,18.715019,749060000
2021-07-20,18.665439,18.773067,18.101390,18.547846,434687000
2021-07-21,18.816914,19.459691,18.677397,19.343094,371017000
2021-07-22,19.574296,19.818450,19.209556,19.526461,323826000
2021-07-23,19.588247,19.632096,19.183646,19.490585,195672000
2021-07-26,19.244437,19.374984,18.848804,19.227495,203943000
2021-07-27,19.198591,19.554361,18.676397,19.141788,248863000
2021-07-28,19.252410,19.578283,18.929527,19.435776,202191000
2021-07-29,19.451716,19.784567,19.261375,19.594225,190781000
2021-07-30,19.351065,19.562335,19.196601,19.431787,183497000
2021-08-02,19.632094,19.892194,19.294262,19.681921,217444000
2021-08-03,19.671954,20.152293,19.153746,19.746696,301811000
2021-08-04,19.921093,20.247964,19.759651,20.204115,231309000
2021-08-05,20.429338,20.661534,20.271881,20.565865,211435000
2021-08-06,20.453252,20.499093,20.140333,20.295795,178497000
2021-08-09,20.375519,20.437306,20.073564,20.225040,146443000
2021-08-10,20.251950,20.359578,19.766627,19.867281,179238000
2021-08-11,19.973914,19.979894,19.363028,19.631100,185925000
2021-08-12,19.801508,19.959959,19.552370,19.836388,151652000
2021-08-13,19.836388,20.144323,19.782574,20.118412,183063000
2021-08-16,20.065593,20.217070,19.385943,19.881231,210876000
2021-08-17,19.617147,19.701855,19.200589,19.390930,204585000
2021-08-18,19.432781,19.566319,18.934504,18.974367,285913000
2021-08-19,19.426802,20.424353,18.697325,19.729755,766555000
2021-08-20,19.922092,20.793080,19.864294,20.744249,675741000
2021-08-23,20.898714,21.921176,20.877786,21.882311,575807000
2021-08-24,21.678019,21.883308,21.460770,21.717880,297299000
2021-08-25,21.662072,22.392545,21.647124,22.136431,347701000
2021-08-26,22.123481,22.262998,21.714894,21.991936,237940000
2021-08-27,22.107530,22.643676,22.090589,22.557972,304722000
2021-08-30,22.751307,22.963572,22.473270,22.609797,262580000
2021-08-31,22.620763,22.620763,22.047645,22.311777,259850000
2021-09-01,22.411450,22.622757,22.283869,22.367594,201767000
2021-09-02,22.444339,22.519095,22.222069,22.322739,187834000
2021-09-03,22.251969,22.910806,22.127378,22.768274,280532000
2021-09-07,22.758304,22.824088,22.448321,22.587864,198107000
2021-09-08,22.439355,22.536038,21.905107,22.265924,254434000
2021-09-09,22.239016,22.464277,22.058609,22.104458,196856000
2021-09-10,22.274897,22.551987,22.197153,22.404472,248376000
2021-09-13,22.609794,22.888879,21.786496,22.079535,297500000
2021-09-14,22.202134,22.336693,22.013753,22.169243,199755000
2021-09-15,22.236025,22.293835,21.894146,22.267920,166538000
2021-09-16,22.110436,22.204128,21.855273,22.169243,156033000
2021-09-17,22.227057,22.247988,21.758595,21.828365,294503000
2021-09-20,21.076829,21.362891,20.594413,21.043938,349440000
2021-09-21,21.346940,21.354914,20.881469,21.176500,204688000
2021-09-22,21.296107,21.888163,21.126663,21.869226,268726000
2021-09-23,22.067576,22.461285,21.818394,22.408459,248555000
2021-09-24,21.997804,22.076546,21.789488,22.008768,217655000
2021-09-27,21.638983,21.727693,21.255244,21.589148,245215000
2021-09-28,21.144607,21.348936,20.583447,20.631290,343069000
2021-09-29,20.871499,20.948247,20.400045,20.449883,218394000
2021-09-30,20.700060,20.997085,20.620321,20.648230,221009000
2021-10-01,20.682124,20.790766,20.136912,20.674150,240978000
2021-10-04,20.436928,20.474804,19.491033,19.667454,345635000
2021-10-05,19.884747,20.580464,19.789060,20.384108,279282000
2021-10-06,20.054185,20.652221,20.014315,20.632288,297202000
2021-10-07,21.022999,21.252248,20.903392,21.006056,256919000
2021-10-08,21.031975,21.136631,20.707041,20.762857,151258000
2021-10-11,20.507696,20.994098,20.443904,20.627302,163388000
2021-10-12,20.759866,20.988117,20.460848,20.603380,162134000
2021-10-13,20.849571,20.921336,20.645242,20.870502,180652000
2021-10-14,21.218360,21.683831,21.052903,21.674862,243589000
2021-10-15,21.738654,21.859258,21.591139,21.790483,226994000
2021-10-18,21.677857,22.218084,21.573199,22.149309,189494000
2021-10-19,22.203127,22.305791,21.964910,22.217083,161473000
2021-10-20,22.232036,22.359617,21.910092,22.030697,146276000
2021-10-21,22.024718,22.636710,22.010764,22.617771,187590000
2021-10-22,22.748336,23.054331,22.487194,22.651653,249384000
2021-10-25,22.897848,23.278598,22.695513,23.090218,230235000
2021-10-26,23.910529,25.176375,23.845741,24.636147,485898000
2021-10-27,24.393939,25.007923,24.202566,24.371014,245990000
2021-10-28,24.796620,24.868384,24.442781,24.859413,234204000
2021-10-29,24.919216,25.624900,24.918219,25.483364,292503000
2021-11-01,25.565100,25.809298,25.144480,25.742517,265740000
2021-11-02,25.737530,26.590729,25.715601,26.314634,294112000
2021-11-03,26.582759,26.696386,26.149182,26.510994,239910000
2021-11-04,27.139926,31.262395,27.029289,29.703512,1153631000
2021-11-05,30.088249,31.297280,29.313790,29.654673,851260000
2021-11-08,30.050376,30.998265,29.809167,30.703234,503101000
2021-11-09,32.176399,32.204308,29.865981,30.556713,646746000
2021-11-10,29.259975,30.749087,28.683864,29.362637,636206000
2021-11-11,30.368332,30.489933,29.679593,30.290586,332172000
2021-11-12,29.911830,30.579639,29.533072,30.290586,413054000
2021-11-15,30.452063,30.543761,29.151331,29.926786,384909000
2021-11-16,29.661654,30.290589,29.608826,30.104200,264484000
2021-11-17,30.318494,30.409198,28.705787,29.165279,428508000
2021-11-18,32.261120,32.652832,31.218540,31.571383,781711000
2021-11-19,32.137525,32.979762,31.800631,32.877098,533867000
2021-11-22,33.407356,34.533660,31.795647,31.851463,754335000
2021-11-23,31.431843,32.254145,30.778985,31.642153,532163000
2021-11-24,31.358081,32.747520,30.826823,32.567112,435162000
2021-11-26,32.493358,32.602999,31.247449,31.399948,283069000
2021-11-29,32.260125,33.302701,31.931202,33.266819,454964000
2021-11-30,33.060494,33.243894,31.759765,32.569107,622066000
2021-12-01,33.114392,33.184172,31.281181,31.336008,484368000
2021-12-02,31.115696,32.375715,30.927290,32.024822,472890000
2021-12-03,31.899227,32.027823,30.035115,30.596344,544325000
2021-12-06,29.785899,30.145762,27.949701,29.942406,658938000
2021-12-07,30.859514,32.346816,30.554476,32.324883,593053000
2021-12-08,31.898234,32.188318,31.322053,31.725779,475551000
2021-12-09,31.634064,32.103583,30.332177,30.393982,488507000
2021-12-10,31.051903,31.206416,29.766963,30.102901,488825000
2021-12-13,30.153739,30.198597,28.027455,28.072313,598344000
2021-12-14,27.611768,28.587685,27.164182,28.247759,667035000
2021-12-15,28.310563,30.403950,27.750333,30.363079,698297000
2021-12-16,31.053895,31.061870,28.004529,28.297602,707366000
2021-12-17,27.896870,28.830920,27.672578,27.713449,713758000
2021-12-20,27.219014,28.055371,27.059518,27.631710,461847000
2021-12-21,28.284648,29.028299,27.314710,28.983440,524385000
2021-12-22,28.800019,29.461928,28.359410,29.307415,395184000
2021-12-23,29.661295,29.964339,29.338316,29.546658,343022000
2021-12-27,29.566596,30.989102,29.546659,30.847549,403686000
2021-12-28,31.213389,31.231332,29.917482,30.226507,420591000
2021-12-29,30.177664,30.451797,29.273518,29.906519,343139000
2021-12-30,29.733067,30.361084,29.446972,29.492826,308864000
2021-12-31,29.580549,29.935429,29.238629,29.318377,266530000
2022-01-03,29.721104,30.614282,29.691198,30.026140,391547000
2022-01-04,30.181651,30.372049,28.259723,29.197760,527154000
2022-01-05,28.857830,29.323361,27.446291,27.517067,498064000
2022-01-06,27.552956,28.348443,26.979768,28.089262,454186000
2022-01-07,28.052381,28.332497,26.971794,27.161196,409939000
2022-01-10,26.497290,27.382494,25.563241,27.313711,594681000
2022-01-11,27.236953,27.976617,26.754478,27.729397,404089000
2022-01-12,27.978612,28.504950,27.521058,27.910828,383413000
2022-01-13,28.289628,28.390310,26.414551,26.491310,540171000
2022-01-14,26.217176,27.111353,26.127460,26.857155,395832000
2022-01-18,26.177302,26.554112,25.688846,25.821426,424270000
2022-01-19,25.996864,26.459402,24.973098,24.988050,488315000
2022-01-20,25.224311,25.498445,24.002170,24.073944,435181000
2022-01-21,23.432973,24.744828,23.189742,23.300392,718958000
2022-01-24,22.259677,23.306369,20.822219,23.298395,913982000
2022-01-25,22.474996,22.870747,21.930715,22.253695,664616000
2022-01-26,23.166813,23.981240,22.229773,22.700287,755959000
2022-01-27,23.493779,23.919435,21.606739,21.874893,573353000
2022-01-28,21.942679,22.786015,21.228934,22.768072,543774000
2022-01-31,23.108992,24.431814,22.979402,24.408886,564680000
2022-02-01,25.024947,25.065819,23.814770,24.560415,518925000
2022-02-02,25.712772,25.735698,24.475679,25.162510,543419000
2022-02-03,24.380978,24.998028,23.705113,23.872583,410178000
2022-02-04,23.896505,24.557417,23.557576,24.242413,354829000
2022-02-07,24.295250,25.102698,24.125785,24.650129,376868000
2022-02-08,24.282291,25.150548,23.904484,25.028933,410359000
2022-02-09,25.541311,26.640839,25.273160,26.620901,524282000
2022-02-10,25.913139,26.840208,25.519382,25.742676,513200000
2022-02-11,25.834385,26.069642,23.698135,23.873579,605472000
2022-02-14,23.858631,24.796667,23.680194,24.190582,440424000
2022-02-15,24.870433,26.461408,24.705953,26.411566,699869000
2022-02-16,26.176304,26.498287,25.471530,26.427509,732676000
2022-02-17,25.549282,25.703794,24.088897,24.429819,810595000
2022-02-18,24.590313,24.907312,23.027252,23.567545,761255000
2022-02-22,22.962460,23.988219,22.927570,23.316341,633422000
2022-02-23,23.727043,24.078932,22.230770,22.316498,566511000
2022-02-24,20.948817,23.725046,20.824211,23.673210,735801000
2022-02-25,23.646299,24.140736,23.307370,24.080925,528866000
2022-02-28,23.916445,24.587325,23.632342,24.308207,477319000
2022-03-01,24.214502,24.300232,23.059152,23.403065,412056000
2022-03-02,23.685226,24.336280,23.345242,24.147842,389642000
2022-03-03,24.189712,24.253523,23.399076,23.643347,365095000
2022-03-04,23.314331,23.609449,22.415018,22.867666,431415000
2022-03-07,22.749017,22.964375,21.266448,21.288382,450821000
2022-03-08,21.245512,22.306342,20.588475,21.449902,557467000
2022-03-09,22.320300,23.150818,22.180718,22.945433,492742000
2022-03-10,22.463870,22.720104,21.816803,22.590492,428066000
2022-03-11,22.953411,23.076045,21.980319,22.034159,367209000
2022-03-14,21.803847,22.195675,21.095963,21.266453,385354000
2022-03-15,21.453889,22.969361,21.258474,22.904554,491996000
2022-03-16,23.429987,24.523718,23.102965,24.423019,671422000
2022-03-17,24.048136,24.767983,23.834773,24.692211,471941000
2022-03-18,24.725114,26.489841,24.550636,26.374186,730719000
2022-03-21,26.428027,27.071106,25.889635,26.654350,591727000
2022-03-22,26.647373,27.156852,25.994326,26.444979,547007000
2022-03-23,26.048161,26.532714,25.498804,25.557629,502120000
2022-03-24,26.088042,28.235623,25.829812,28.066130,877379000
2022-03-25,27.802921,28.273515,27.189754,27.609499,579016000
2022-03-28,27.673304,28.165832,27.124942,28.134924,425494000
2022-03-29,28.609509,28.859760,27.896639,28.570625,488984000
2022-03-30,28.219677,28.411104,27.421063,27.607506,463487000
2022-03-31,27.699231,28.163842,27.188757,27.204708,523440000
2022-04-01,27.293443,27.414082,26.188744,26.632418,517235000
2022-04-04,26.648367,27.475894,26.533710,27.278484,397120000
2022-04-05,27.172801,27.237608,25.743073,25.853743,436615000
2022-04-06,24.859714,25.224623,23.931488,24.334284,703833000
2022-04-07,24.368181,24.648344,23.408051,24.135876,557992000
2022-04-08,23.845742,23.851725,22.993290,23.050119,524781000
2022-04-11,22.147818,22.253501,21.595467,21.851702,575207000
2022-04-12,22.469855,22.657295,21.218593,21.439932,662258000
2022-04-13,21.663260,22.432959,21.391072,22.136843,516943000
2022-04-14,22.437950,22.709141,21.099950,21.194666,569097000
2022-04-18,21.136836,22.022189,21.016197,21.718100,525701000
2022-04-19,21.655290,22.306344,21.250499,22.131866,512781000
2022-04-20,22.449916,22.602460,21.136840,21.417999,468974000
2022-04-21,21.644318,22.325284,19.940410,20.122866,656209000
2022-04-22,20.242508,20.424963,19.441901,19.456856,624713000
2022-04-25,19.144790,19.885576,19.039106,19.842705,641566000
2022-04-26,19.659251,19.729042,18.614373,18.732021,653143000
2022-04-27,18.542588,19.109892,18.235507,18.360134,499460000
2022-04-28,18.910492,19.977306,18.434914,19.723064,570327000
2022-04-29,19.344195,20.068032,18.461832,18.491743,500435000
2022-05-02,18.485761,19.515682,18.336208,19.474806,572049000
2022-05-03,19.342202,19.765937,19.075997,19.543600,475751000
2022-05-04,19.863642,20.339220,18.695133,20.273417,648855000
2022-05-05,19.807810,19.865636,18.444882,18.787857,626331000
2022-05-06,18.680179,19.453866,17.936401,18.619360,633297000
2022-05-09,17.980272,18.200612,16.776867,16.899502,644455000
2022-05-10,17.636301,18.143786,16.974280,17.542582,761474000
2022-05-11,17.295319,17.700109,16.518640,16.580454,670167000
2022-05-12,16.170678,16.737983,15.520621,16.126808,708728000
2022-05-13,16.737985,17.874588,16.543567,17.653250,670437000
2022-05-16,17.456831,17.735000,17.055032,17.212561,521446000
2022-05-17,18.020149,18.316265,17.581461,18.122843,585830000
2022-05-18,17.652246,18.064016,16.813752,16.887531,545161000
2022-05-19,16.886543,17.634309,16.684147,17.072987,621310000
2022-05-20,17.280364,17.358131,15.708062,16.644264,739105000
2022-05-23,16.225515,16.864606,16.130799,16.847656,639889000
2022-05-24,16.460811,16.547552,15.732986,16.105871,588550000
2022-05-25,15.972272,17.060022,15.952331,16.924427,781132000
2022-05-26,15.988219,18.038093,15.974261,17.797812,996575000
2022-05-27,18.131817,18.824746,18.046073,18.754955,738379000
2022-05-31,18.923450,19.142796,18.295328,18.616369,664100000
2022-06-01,18.668217,18.996235,18.068009,18.265419,544514000
2022-06-02,18.237501,19.560547,18.143781,19.533627,648656000
2022-06-03,19.025149,19.274405,18.466816,18.664227,598779000
2022-06-06,19.081981,19.279391,18.508693,18.730032,422406000
2022-06-07,18.416968,18.943394,18.133813,18.869616,388914000
2022-06-08,18.746956,19.126901,18.483686,18.596375,363252000
2022-06-09,18.429833,18.880582,17.991051,17.998032,395574000
2022-06-10,17.551272,17.648004,16.822295,16.927006,465248000
2022-06-13,15.955703,16.266839,15.562794,15.603681,604153000
2022-06-14,15.687448,16.021521,15.369331,15.792158,469680000
2022-06-15,16.050438,16.821299,15.881906,16.481243,563936000
2022-06-16,15.816092,15.897865,15.358363,15.557809,545749000
2022-06-17,15.604678,15.950717,15.285564,15.836036,630334000
2022-06-21,16.429388,16.960912,16.361576,16.520136,483089000
2022-06-22,16.181077,16.615871,16.135205,16.314707,437135000
2022-06-23,16.473263,16.539080,15.809108,16.180079,463680000
2022-06-24,16.454318,17.092546,16.264844,17.078585,472153000
2022-06-27,17.264068,17.282018,16.579967,16.822294,427968000
2022-06-28,16.853210,17.154374,15.900855,15.937753,461149000
2022-06-29,15.770217,15.776200,15.128000,15.498970,482352000
2022-06-30,15.318471,15.523901,14.820853,15.117030,686070000
2022-07-01,14.857751,15.021297,14.352155,14.482792,577610000
2022-07-05,14.135755,14.929551,14.016087,14.922570,651397000
2022-07-06,14.968443,15.276588,14.748054,15.088111,529066000
2022-07-07,15.413210,15.900855,15.346395,15.814096,492903000
2022-07-08,15.387282,15.992602,15.346395,15.794152,467972000
2022-07-11,15.483015,15.484013,14.996366,15.110051,437321000
2022-07-12,15.225730,15.388279,14.835813,15.040245,458483000
2022-07-13,14.549608,15.332434,14.424954,15.122018,521918000
2022-07-14,15.066171,15.430160,14.687223,15.329440,456235000
2022-07-15,15.615647,15.738306,15.402239,15.718362,385935000
2022-07-18,16.256867,16.850219,15.957698,16.056423,670517000
2022-07-19,16.440354,17.062627,16.127225,16.944954,702366000
2022-07-20,16.900084,17.883354,16.754488,17.757702,760538000
2022-07-21,17.835486,18.093768,17.496428,18.000029,557049000
2022-07-22,17.843460,17.917254,17.089552,17.271049,536671000
2022-07-25,16.971875,17.076585,16.602900,16.976862,480748000
2022-07-26,16.842242,16.872159,16.432380,16.487228,397865000
2022-07-27,16.984843,17.886341,16.866173,17.740746,569776000
2022-07-28,17.925230,18.089772,17.391712,17.934204,474646000
2022-07-29,17.763683,18.193490,17.643018,18.112715,435460000
2022-08-01,18.131662,18.793825,17.940194,18.389946,476469000
2022-08-02,18.071826,18.885567,18.041908,18.474707,489527000
2022-08-03,18.133656,18.915486,18.086785,18.840693,418146000
2022-08-04,18.796818,19.220641,18.708064,19.161804,409652000
2022-08-05,18.757921,19.175761,18.614320,18.936426,386068000
2022-08-08,17.453547,18.188506,17.194267,17.743740,981859000
2022-08-09,17.204237,17.398697,16.677699,17.038696,668263000
2022-08-10,17.649001,18.067838,17.269055,18.046896,597422000
2022-08-11,18.080806,18.655212,17.826511,17.892328,509327000
2022-08-12,18.109718,18.666174,17.903291,18.657198,478094000
2022-08-15,18.649226,19.110944,18.561470,18.979309,457666000
2022-08-16,18.867616,19.089001,18.449775,18.826729,451240000
2022-08-17,18.471718,18.636260,18.094764,18.284237,446799000
2022-08-18,18.250336,18.812774,18.132662,18.721029,415447000
2022-08-19,18.355037,18.468721,17.720798,17.799580,441588000
2022-08-22,17.441580,17.509393,16.919031,16.986843,409593000
2022-08-23,16.941965,17.416647,16.923016,17.133432,369986000
2022-08-24,16.964901,17.357811,16.848226,17.174320,522661000
2022-08-25,16.797368,17.897315,16.786399,17.863409,770691000
2022-08-26,17.807562,17.874376,16.192046,16.214983,769127000
2022-08-29,15.975647,16.292766,15.723347,15.757253,496132000
2022-08-30,15.915814,15.994595,15.139968,15.425177,530181000
2022-08-31,15.341409,15.496977,14.917585,15.052212,573710000
2022-09-01,14.169662,14.340189,13.233262,13.898416,1178865000
2022-09-02,14.060964,14.131766,13.553372,13.609218,743157000
2022-09-06,13.692984,13.740852,13.314036,13.427721,535751000
2022-09-07,13.529467,13.803788,13.313004,13.680094,512657000
2022-09-08,13.425725,13.973369,13.335949,13.955413,624873000
2022-09-09,14.122000,14.438217,14.091077,14.351432,486612000
2022-09-12,14.333477,14.511036,14.162899,14.469140,484159000
2022-09-13,13.767879,13.887582,13.066617,13.098537,714956000
2022-09-14,13.221234,13.257145,12.881077,13.095546,588507000
2022-09-15,12.982825,13.200286,12.758381,12.897038,523625000
2022-09-16,12.710498,13.179336,12.585807,13.165371,670751000
2022-09-19,12.979830,13.429715,12.977835,13.348915,569685000
2022-09-20,13.182330,13.449667,13.024721,13.143426,524818000
2022-09-21,13.180334,13.996311,13.077588,13.228214,807679000
2022-09-22,13.037689,13.116494,12.397277,12.529947,759162000
2022-09-23,12.389295,12.579823,12.226698,12.485058,663309000
2022-09-26,12.460118,12.627703,12.183803,12.197768,547343000
2022-09-27,12.476080,12.704514,12.227696,12.382313,553854000
2022-09-28,12.379318,12.791297,12.323457,12.704513,542414000
2022-09-29,12.417225,12.469096,11.916466,12.189789,532763000
2022-09-30,12.057119,12.601770,12.045149,12.108991,565638000
2022-10-03,12.316475,12.646657,12.075072,12.481067,547478000
2022-10-04,12.847160,13.187317,12.847160,13.134448,584182000
2022-10-05,12.879081,13.288067,12.589798,13.176344,507131000
2022-10-06,13.187318,13.622240,13.070606,13.097540,644157000
2022-10-07,12.474084,12.638676,11.992278,12.046144,672478000
2022-10-10,12.007241,12.094026,11.379796,11.641149,698699000
2022-10-11,11.532417,11.816712,11.255105,11.557356,667482000
2022-10-12,11.550374,11.705988,11.316953,11.471569,492590000
2022-10-13,10.943875,12.048139,10.786266,11.930430,850103000
2022-10-14,12.027191,12.081058,11.176301,11.199244,713432000
2022-10-17,11.489524,11.918461,11.488527,11.858609,580774000
2022-10-18,12.313484,12.461118,11.589279,11.937416,659362000
2022-10-19,11.849631,12.319467,11.804742,12.021206,523131000
2022-10-20,12.083055,12.737433,12.075074,12.163855,652398000
2022-10-21,12.068090,12.467102,11.857613,12.435181,609494000
2022-10-24,12.477075,12.678576,12.034173,12.567850,517457000
2022-10-25,12.662617,13.267118,12.632690,13.228214,505482000
2022-10-26,12.837186,13.354902,12.676584,12.864119,532953000
2022-10-27,13.596304,13.803790,13.089560,13.143426,583113000
2022-10-28,13.071603,13.815759,13.028709,13.799798,521040000
2022-10-31,13.743938,13.803790,13.264127,13.463633,486341000
2022-11-01,13.776856,13.890574,13.485578,13.509519,432817000
2022-11-02,13.815759,14.174869,13.178339,13.186318,672628000
2022-11-03,13.010755,13.746931,12.923971,13.387820,500065000
2022-11-04,13.951423,14.193823,13.663137,14.121003,612576000
2022-11-07,14.192826,14.376372,13.919505,14.265646,410061000
2022-11-08,14.764409,14.854187,14.180855,14.565902,595292000
2022-11-09,14.126987,14.175866,13.724983,13.741941,454414000
2022-11-10,14.763411,15.734005,14.511036,15.711062,700819000
2022-11-11,15.767919,16.348480,15.443722,16.286633,655487000
2022-11-14,16.177902,16.499106,15.882633,16.254711,527852000
2022-11-15,16.680657,16.955974,16.341498,16.624796,545876000
2022-11-16,16.122045,16.321550,15.833759,15.870667,649547000
2022-11-17,15.676148,16.225786,15.496593,15.638242,710894000
2022-11-18,15.926529,15.962441,15.082621,15.370907,492072000
2022-11-21,15.109553,15.438737,15.042718,15.279133,404739000
2022-11-22,15.290105,16.018301,15.084614,15.998350,472866000
2022-11-23,16.058202,16.486142,16.008326,16.478161,427241000
2022-11-25,16.277658,16.446239,16.132019,16.229776,167934000
2022-11-28,15.986379,16.316562,15.686124,15.787871,303741000
2022-11-29,15.787872,15.892613,15.481632,15.600337,298384000
2022-11-30,15.662202,16.892469,15.562424,16.885485,565298000
2022-12-01,16.961315,17.226724,16.598122,17.097013,470977000
2022-12-02,16.622065,16.895458,16.408539,16.838583,371389000
2022-12-05,16.642021,16.957320,16.435479,16.573174,352255000
2022-12-06,16.493353,16.536256,15.783928,15.951556,352694000
2022-12-07,15.737032,16.150115,15.632264,16.084261,372388000
2022-12-08,16.236926,17.140918,15.923621,17.130939,515456000
2022-12-09,17.121956,17.544019,16.937367,16.963308,465338000
2022-12-12,16.999229,17.499118,16.759761,17.496124,457328000
2022-12-13,18.489919,18.748345,17.671737,18.031937,656589000
2022-12-14,17.947121,18.211535,17.381379,17.634815,496888000
2022-12-15,17.107985,17.281599,16.662975,16.914415,478542000
2022-12-16,16.826609,17.003217,16.373616,16.534258,478232000
2022-12-19,16.535258,16.572175,16.109205,16.217962,354039000
2022-12-20,16.028382,16.273837,15.816853,16.049335,403260000
2022-12-21,16.078273,16.590137,16.066299,16.464415,325025000
2022-12-22,16.058318,16.102221,14.849005,15.304992,565045000
2022-12-23,15.162310,15.304992,14.850004,15.172288,349326000
2022-12-27,15.040580,15.066523,14.024837,14.089693,464902000
2022-12-28,13.896123,14.230381,13.853218,14.004882,351066000
2022-12-29,14.370073,14.650449,14.195460,14.570626,354923000
2022-12-30,14.302222,14.596568,14.201446,14.581602,310490000
2023-01-03,14.818076,14.962755,14.064750,14.283264,401277000
2023-01-04,14.534704,14.820070,14.209427,14.716300,431324000
2023-01-05,14.458873,14.531711,14.116633,14.233375,389168000
2023-01-06,14.441911,14.976723,14.002887,14.826057,405044000
2023-01-09,15.250115,16.020403,15.107432,15.593352,504231000
2023-01-10,15.472621,15.926612,15.437698,15.873730,384101000
2023-01-11,15.804882,15.992465,15.528496,15.965525,353285000
2023-01-12,16.064306,16.600114,15.457653,16.474394,551409000
2023-01-13,16.241912,16.884486,16.129164,16.861536,447287000
2023-01-17,16.861538,17.688701,16.861538,17.662758,511102000
2023-01-18,17.627830,17.833373,17.243684,17.338474,439624000
2023-01-19,16.998232,17.158876,16.693910,16.727833,452932000
2023-01-20,16.973286,17.816414,16.787700,17.799452,564967000
2023-01-23,18.023949,19.202333,17.778496,19.150448,655163000
2023-01-24,18.785259,19.451780,18.778275,19.222288,496204000
2023-01-25,18.871072,19.327060,18.538810,19.280163,449537000
2023-01-26,19.657323,20.121292,19.235260,19.758099,489535000
2023-01-27,19.418849,20.582264,19.361977,20.319847,542142000
2023-01-30,19.905769,20.095347,19.107542,19.119516,488611000
2023-01-31,19.127502,19.643356,18.907990,19.493689,498017000
2023-02-01,19.647349,21.145021,19.567526,20.896574,660477000
2023-02-02,20.953438,21.900333,20.654104,21.660866,564276000
2023-02-03,20.953438,21.696787,20.742906,21.053217,429366000
2023-02-06,20.759878,21.522184,20.739922,21.042252,452197000
2023-02-07,21.334594,22.209650,21.103108,22.123840,664150000
2023-02-08,22.337367,22.827280,21.959208,22.155771,559651000
2023-02-09,22.555884,22.968966,22.070961,22.287479,523876000
2023-02-10,21.641912,22.029051,20.764862,21.217854,550737000
2023-02-13,21.490249,21.999118,20.915526,21.739695,474919000
2023-02-14,21.530159,22.997899,21.318629,22.920073,675474000
2023-02-15,22.499008,22.804329,22.056991,22.713531,420575000
2023-02-16,22.083929,22.500004,21.878386,21.953220,412026000
2023-02-17,21.583045,21.691803,20.928499,21.340584,465888000
2023-02-21,20.953440,21.446344,20.572287,20.609205,410015000
2023-02-22,20.661092,21.057211,20.375725,20.707987,513184000
2023-02-23,23.388037,23.835044,22.973956,23.611540,1117995000
2023-02-24,23.173511,23.421960,22.896128,23.234375,589716000
2023-02-27,23.617522,23.827056,23.402002,23.448896,452994000
2023-02-28,23.320182,23.772179,23.154550,23.164528,455963000
2023-03-01,23.140581,23.204440,22.458097,22.647676,460026000
2023-03-02,22.438147,23.328168,22.382269,23.262314,389415000
2023-03-03,23.268300,23.847014,23.078721,23.837036,412393000
2023-03-06,23.838036,24.194243,23.434931,23.501783,437429000
2023-03-07,23.551680,24.075604,23.193414,23.240318,515154000
2023-03-08,23.438910,24.150451,23.376039,24.131489,513573000
2023-03-09,24.125499,24.403929,23.335121,23.388014,501257000
2023-03-10,23.361067,23.578622,22.679465,22.917976,474866000
2023-03-13,22.705413,23.250295,22.251345,22.918974,421890000
2023-03-14,23.447891,24.169410,23.411963,24.013729,474910000
2023-03-15,23.712346,24.236270,23.312168,24.178391,524486000
2023-03-16,23.977805,25.535607,23.845076,25.488705,583253000
2023-03-17,25.928801,26.344947,25.615443,25.672327,848547000
2023-03-20,25.562551,25.970714,25.078544,25.846968,432747000
2023-03-21,26.126397,26.337963,25.329033,26.145357,547408000
2023-03-22,26.370890,27.532508,26.183275,26.413803,797295000
2023-03-23,27.059482,27.442696,26.635353,27.135326,564889000
2023-03-24,26.975650,27.111371,26.301033,26.724165,454920000
2023-03-27,26.782050,26.944717,26.311016,26.476677,361026000
2023-03-28,26.392848,26.458712,25.797070,26.355923,356104000
2023-03-29,26.770074,27.022555,26.542540,26.928747,393694000
2023-03-30,27.173245,27.442693,27.046504,27.326929,364516000
2023-03-31,27.084425,27.777004,27.049497,27.720121,433933000
2023-04-03,27.452670,27.942664,27.280024,27.907736,398716000
2023-04-04,27.908738,27.942669,27.251087,27.396788,368592000
2023-04-05,26.774065,26.942717,26.340953,26.825958,515015000
2023-04-06,26.529566,27.024551,26.372888,26.981640,397654000
2023-04-10,26.768079,27.564445,26.614395,27.522532,395279000
2023-04-11,27.667231,27.733096,27.070454,27.113367,314378000
2023-04-12,27.313958,27.411757,26.393845,26.440750,446259000
2023-04-13,26.679258,26.831945,26.275089,26.408813,353615000
2023-04-14,26.449727,26.827951,26.166309,26.703207,395660000
2023-04-17,26.510605,26.950702,26.378875,26.946711,321471000
2023-04-18,27.476623,28.052441,27.300983,27.610348,604812000
2023-04-19,27.304975,27.942667,27.176240,27.873808,358660000
2023-04-20,27.614342,27.972608,26.944717,27.048504,427713000
2023-04-21,26.896811,27.127339,26.667282,27.063469,345103000
2023-04-24,26.957691,27.309967,26.616391,26.986631,339282000
2023-04-25,27.022555,27.191210,26.171303,26.187269,378527000
2023-04-26,26.946710,27.274037,26.650317,26.900803,406337000
2023-04-27,27.306972,27.438702,26.570483,27.170252,377161000
2023-04-28,27.169255,27.701163,27.015569,27.692183,292216000
2023-05-01,27.782995,28.998501,27.723118,28.850803,570329000
2023-05-02,28.621278,28.776958,28.025500,28.152239,402730000
2023-05-03,27.782994,28.308915,27.415747,27.745071,383387000
2023-05-04,27.594380,27.801955,27.184223,27.505564,321850000
2023-05-05,27.769022,28.696118,27.674217,28.621273,361494000
2023-05-08,28.463601,29.160171,28.291954,29.091312,344979000
2023-05-09,28.839830,28.913678,28.391750,28.512501,314869000
2023-05-10,28.945607,29.053387,28.402722,28.825853,369350000
2023-05-11,28.836833,28.890724,28.188165,28.519484,322149000
2023-05-12,28.470583,28.721071,27.988572,28.281971,274222000
2023-05-15,28.449628,28.909685,28.094358,28.893717,293926000
2023-05-16,28.781941,29.808835,28.772961,29.153179,449405000
2023-05-17,29.523427,30.137168,29.369743,30.116211,432535000
2023-05-18,30.347733,31.762829,30.257917,31.613136,748725000
2023-05-19,31.471426,31.515337,30.852697,31.199984,473908000
2023-05-22,30.837729,31.455463,30.617183,31.112167,372000000
2023-05-23,30.936525,31.223936,30.568282,30.625164,356253000
2023-05-24,30.148138,30.544327,29.744966,30.475468,721419000
2023-05-25,38.444124,39.399166,36.559990,37.902237,1543911000
2023-05-26,37.812415,39.089793,37.473111,38.866253,714397000
2023-05-30,40.511880,41.852128,39.867203,40.028870,923401000
2023-05-31,39.407147,40.212494,37.744558,37.756535,1002580000
2023-06-01,38.410185,39.967990,38.261492,39.688564,635873000
2023-06-02,40.014895,40.417070,38.978021,39.246471,482731000
2023-06-05,38.829325,39.483980,38.627739,39.090790,396094000
2023-06-06,38.750494,39.079816,38.069888,38.574852,388729000
2023-06-07,38.839337,39.422201,37.283366,37.402134,511998000
2023-06-08,37.650649,38.788431,37.432076,38.435120,417772000
2023-06-09,38.961097,39.633787,38.492014,38.694618,427717000
2023-06-12,39.123782,39.453138,38.542913,39.405231,388701000
2023-06-13,40.107865,41.021087,39.662733,40.942238,613208000
2023-06-14,40.744627,42.916395,40.473153,42.913403,740465000
2023-06-15,42.519173,43.204837,42.065055,42.570072,568622000
2023-06-16,43.365515,43.635988,42.578048,42.608990,655709000
2023-06-20,42.914394,43.904466,42.591023,43.722816,451153000
2023-06-21,43.416426,43.530207,41.998191,42.961311,551603000
2023-06-22,42.170843,43.341563,42.151883,42.941345,417737000
2023-06-23,42.381443,42.725770,41.933315,42.126938,358140000
2023-06-26,42.378436,42.680848,40.022027,40.552994,594322000
2023-06-27,40.719680,41.858461,40.369365,41.794586,462175000
2023-06-28,40.580940,41.763637,40.439218,41.037052,582639000
2023-06-29,41.477203,41.519121,40.521065,40.742634,380514000
2023-06-30,41.598965,42.467272,41.420312,42.219753,501148000
2023-07-03,42.434326,42.814586,42.119940,42.330528,198209000
2023-07-05,42.053077,43.093051,42.003175,42.234726,323618000
2023-07-06,41.762642,42.096990,41.265609,42.021137,303582000
2023-07-07,42.239709,43.129977,42.097987,42.420357,355881000
2023-07-10,42.574062,42.727762,41.568019,42.097988,353908000
2023-07-11,42.398400,42.674862,41.985208,42.322548,298244000
2023-07-12,42.949325,43.849572,42.693823,43.816635,481277000
2023-07-13,44.431445,46.065259,44.405494,45.887608,478204000
2023-07-14,46.492433,47.994508,44.972395,45.380600,772075000
2023-07-17,46.198996,46.405591,45.173993,46.370659,510488000
2023-07-18,46.610196,47.802872,45.645077,47.401653,569164000
2023-07-19,47.371711,47.725023,46.651114,46.985462,427502000
2023-07-20,46.416576,46.995450,44.974386,45.431496,537865000
2023-07-21,45.698971,45.776823,44.014254,44.222847,963769000
2023-07-24,44.644025,45.021292,43.954371,44.525257,382516000
2023-07-25,44.853623,46.093205,44.835656,45.590187,348081000
2023-07-26,45.931518,45.963458,44.543224,45.363625,364237000
2023-07-27,46.428553,47.302849,45.661047,45.810757,455976000
2023-07-28,46.577262,46.935565,46.290821,46.659103,331194000
2023-07-31,46.663095,47.038363,46.415576,46.638142,251055000
2023-08-01,46.369663,46.808810,45.937506,46.416573,237858000
2023-08-02,45.741893,45.750875,43.302645,44.182930,530142000
2023-08-03,43.714834,45.030272,43.714834,44.428444,324176000
2023-08-04,44.897539,45.553260,44.306691,44.593132,362666000
2023-08-07,45.023292,45.451459,44.476358,45.328697,322154000
2023-08-08,44.765788,45.154031,43.970337,44.577156,353843000
2023-08-09,44.187913,44.225841,42.052075,42.471260,586449000
2023-08-10,42.078027,43.489279,41.753658,42.305584,492705000
2023-08-11,41.669820,41.936303,40.559983,40.775562,533085000
2023-08-14,40.407284,43.714840,40.232625,43.667931,690286000
2023-08-15,44.473362,45.179986,43.625012,43.854565,676512000
2023-08-16,44.433441,44.588139,43.321605,43.401451,527451000
2023-08-17,43.884506,43.976326,42.917388,43.259724,452395000
2023-08-18,42.552103,43.493270,41.579000,43.214813,583768000
2023-08-21,44.407495,46.973496,44.136024,46.875687,692573000
2023-08-22,48.041403,48.093304,45.244853,45.579201,755293000
2023-08-23,45.776822,47.108227,45.120100,47.024391,779046000
2023-08-24,50.118362,50.168264,47.067307,47.071297,1156044000
2023-08-25,46.920599,47.712056,44.936461,45.928532,925341000
2023-08-28,46.391624,46.888657,44.800725,46.743938,685192000
2023-08-29,46.575262,48.985568,46.300796,48.689144,701397000
2023-08-30,48.948647,49.829930,48.330851,49.168221,735206000
2023-08-31,49.283994,49.647284,48.862813,49.259041,528570000
2023-09-01,49.665246,49.703171,48.048393,48.414680,463830000
2023-09-05,48.129233,48.756014,47.766940,48.453602,382653000
2023-09-06,48.350793,48.458590,46.493259,46.973362,468670000
2023-09-07,45.440229,46.257705,45.067923,46.154896,433330000
2023-09-08,45.856454,46.519216,45.186702,45.487141,473069000
2023-09-11,46.062071,46.077042,44.229491,45.093880,473966000
2023-09-12,44.654691,45.587952,44.448076,44.786446,349256000
2023-09-13,44.516956,45.844482,44.420137,45.400311,398355000
2023-09-14,45.864437,45.901366,45.046961,45.496124,370097000
2023-09-15,45.256567,45.514086,43.726421,43.818253,506831000
2023-09-18,42.668398,44.159616,41.921790,43.884129,500271000
2023-09-19,43.751382,43.884134,42.921928,43.438965,373064000
2023-09-20,43.518817,43.821254,42.144382,42.160351,367108000
2023-09-21,41.505564,42.021600,40.903687,40.940617,450736000
2023-09-22,41.494589,42.036581,41.154224,41.532520,479236000
2023-09-25,41.513554,42.456794,41.100323,42.143379,419091000
2023-09-26,41.922795,42.740270,41.577438,41.832962,402282000
2023-09-27,42.251176,42.792167,41.551481,42.388916,444935000
2023-09-28,42.380932,43.365096,42.036577,43.008762,424663000
2023-09-29,43.745388,44.061799,43.226355,43.417999,397830000
2023-10-02,43.948010,45.090878,43.779326,44.698612,433298000
2023-10-03,44.724567,45.045970,43.165475,43.435970,470850000
2023-10-04,43.660545,44.060799,43.211382,43.958988,361821000
2023-10-05,43.967973,44.816393,43.806276,44.604786,393483000
2023-10-06,44.110710,45.703738,43.944021,45.676788,434436000
2023-10-09,44.758497,45.520076,44.285380,45.188694,409675000
2023-10-10,45.225629,46.172859,45.004042,45.712719,368582000
2023-10-11,46.109977,46.771744,45.964249,46.718842,378137000
2023-10-12,46.689903,47.520355,46.243737,46.857590,481325000
2023-10-13,46.872556,47.028267,45.195684,45.376347,474115000
2023-10-16,44.979087,46.138922,44.828367,46.009167,375099000
2023-10-17,43.918067,44.670665,42.400897,43.856182,812333000
2023-10-18,42.511689,43.138522,41.747116,42.117424,627294000
2023-10-19,42.731283,43.216378,41.804012,42.022606,501233000
2023-10-20,41.811998,42.390920,41.001510,41.309937,477266000
2023-10-23,41.152230,43.167472,40.868759,42.894978,478530000
2023-10-24,42.996781,43.615625,42.611502,43.581688,401463000
2023-10-25,43.317187,43.568721,41.477620,41.701202,398379000
2023-10-26,41.775065,42.177314,39.805739,40.250908,541001000
2023-10-27,41.053411,41.129270,39.940486,40.424583,416784000
2023-10-30,41.010498,41.688231,40.405624,41.084358,388028000
2023-10-31,40.374676,40.802878,39.156947,40.704060,517969000
2023-11-01,40.807863,42.302077,40.792892,42.246181,437593000
2023-11-02,43.247318,43.802282,42.814128,43.424988,409172000
2023-11-03,43.938033,45.224631,43.641585,44.921200,424610000
2023-11-06,45.200670,45.849461,44.815387,45.665802,400733000
2023-11-07,45.633870,46.131937,45.073914,45.869431,343165000
2023-11-08,46.014154,46.779728,45.882400,46.487274,346719000
2023-11-09,47.378615,48.140195,46.662951,46.862579,540496000
2023-11-10,47.411551,48.381741,47.194956,48.244995,421245000
2023-11-13,48.230017,49.024536,48.009427,48.529457,384136000
2023-11-14,49.587487,49.741200,48.948680,49.563530,416954000
2023-11-15,49.842014,49.866965,48.110244,48.796963,475497000
2023-11-16,48.588364,49.432789,48.240014,49.387871,339756000
2023-11-17,49.431781,49.624422,48.915745,49.206203,325205000
2023-11-20,49.220175,50.453873,49.089418,50.315132,414120000
2023-11-21,50.032654,50.422925,49.130339,49.850994,565747000
2023-11-22,49.759168,50.241267,47.601192,48.625282,899420000
2023-11-24,48.379750,48.829911,47.656098,47.687042,294645000
2023-11-27,47.710990,48.439630,47.563267,48.152168,395662000
2023-11-28,48.146173,48.233013,47.384594,47.731945,401491000
2023-11-29,48.288915,48.671201,47.770880,48.050358,382005000
2023-11-30,47.934578,48.020420,46.335563,46.682915,526247000
2023-12-01,46.438370,47.112113,46.100998,46.677921,369317000
2023-12-04,45.991196,45.991196,44.926182,45.425251,437543000
2023-12-05,45.385329,46.517316,45.190675,46.483379,371718000
2023-12-06,47.131220,47.302916,45.331418,45.422256,380590000
2023-12-07,45.618915,46.546267,45.523084,46.513325,350823000
2023-12-08,46.512324,47.656291,46.467402,47.421707,359224000
2023-12-11,47.406739,47.446665,45.748687,46.544270,509728000
2023-12-12,45.964303,47.581428,45.964303,47.572445,372387000
2023-12-13,47.544493,48.507781,47.523530,48.002678,447792000
2023-12-14,48.304144,48.583645,47.337862,48.264214,391232000
2023-12-15,48.108485,49.316337,48.034615,48.803249,479948000
2023-12-18,49.312347,50.343511,49.062791,49.988144,412587000
2023-12-19,49.336303,49.611814,48.808242,49.515984,464444000
2023-12-20,49.566890,49.910281,48.012654,48.025631,397894000
2023-12-21,48.724389,49.007886,48.333083,48.903072,300425000
2023-12-22,49.107709,49.295375,48.381000,48.743359,252507000
2023-12-26,48.881114,49.511992,48.873128,49.191563,244200000
2023-12-27,49.423158,49.591857,48.997911,49.329323,233648000
2023-12-28,49.554915,49.795485,49.324322,49.434128,246587000
2023-12-29,49.724612,49.908287,48.664496,49.434128,389293000
2024-01-02,49.156626,49.207534,47.510553,48.082535,411254000
2024-01-03,47.400746,48.098503,47.236038,47.484596,320896000
2024-01-04,47.682241,48.413942,47.423702,47.912834,306535000
2024-01-05,48.376016,49.459090,48.220291,49.009888,415039000
2024-01-08,49.424159,52.182258,49.391217,52.160294,642510000
2024-01-09,52.308028,54.228614,51.598287,53.045715,773100000
2024-01-10,53.520872,54.503123,53.394094,54.253567,533796000
2024-01-11,54.901412,55.247796,53.464966,54.724724,596759000
2024-01-12,54.523082,54.872463,54.233600,54.612923,352994000
2024-01-16,54.920385,56.734159,54.802594,56.281963,449580000
2024-01-17,56.247018,56.370798,54.642871,55.953541,474394000
2024-01-18,57.158401,57.497798,56.007447,57.005672,491650000
2024-01-19,57.886107,59.394428,57.123463,59.385445,543501000
2024-01-22,59.942456,60.223958,58.965193,59.548157,452955000
2024-01-23,59.464306,59.803703,58.481053,59.766769,294654000
2024-01-24,60.197003,62.737485,59.831651,61.253124,560271000
2024-01-25,62.239369,62.607717,60.742030,61.507671,482777000
2024-01-26,60.851837,61.673379,60.465527,60.922710,390309000
2024-01-29,61.123354,62.378124,60.798934,62.354168,348733000
2024-01-30,62.788396,63.380343,62.149529,62.662617,410735000
2024-01-31,61.330988,62.158519,60.592303,61.417835,453795000
2024-02-01,61.989808,63.078875,61.540609,62.915165,369146000
2024-02-02,63.860477,66.481817,63.576981,66.042603,476578000
2024-02-05,68.103954,69.373700,67.085767,69.208992,680078000
2024-02-06,69.506461,69.630241,66.182374,68.101959,683111000
2024-02-07,68.197777,70.095404,67.480051,69.974617,495575000
2024-02-08,69.949664,70.668387,69.331766,69.517433,414422000
2024-02-09,70.407853,72.056922,70.087423,72.005020,436637000
2024-02-12,72.471177,74.478610,71.123574,72.119804,613710000
2024-02-13,70.275099,73.319684,69.496485,72.000031,602580000
2024-02-14,73.072123,74.104285,71.810366,73.768883,504917000
2024-02-15,73.737941,73.843748,72.271545,72.529083,420122000
2024-02-16,73.968522,74.269989,72.372361,72.484161,495327000
2024-02-20,71.819350,71.828336,67.613827,69.328781,704833000
2024-02-21,67.885336,68.765775,66.130460,67.352287,673755000
2024-02-22,74.891891,78.435588,74.088319,78.398659,865100000
2024-02-23,80.646653,82.247804,77.432365,78.677155,829388000
2024-02-26,79.558591,80.502919,78.365711,78.951675,503973000
2024-02-27,79.240142,79.338973,77.025085,78.561348,391705000
2024-02-28,77.482277,78.792943,76.988152,77.525200,393110000
2024-02-29,78.953660,79.848067,78.210977,78.971626,507289000
2024-03-01,79.858055,82.153977,79.294055,82.133011,479135000
2024-03-04,83.980724,87.539401,83.570458,85.085762,615616000
2024-03-05,85.122705,85.948279,83.272908,85.815506,520639000
2024-03-06,87.869946,89.569001,86.879655,88.546768,582520000
2024-03-07,90.002247,92.606741,89.447208,92.508911,608119000
2024-03-08,94.973639,97.231732,86.356548,87.376785,1142269000
2024-03-11,86.279684,88.643589,84.020593,85.625816,678364000
2024-03-12,87.896896,91.801135,86.001174,91.754219,668075000
2024-03-13,90.897707,91.345928,88.282230,90.730995,635713000
2024-03-14,89.422266,90.489420,86.450404,87.792084,602318000
2024-03-15,86.779834,89.391312,86.108000,87.685265,642086000
2024-03-18,90.231852,92.245366,86.934557,88.302193,668976000
2024-03-19,86.550224,90.387585,84.863148,89.243568,672171000
2024-03-20,89.641878,90.253825,88.070599,90.215889,479063000
2024-03-21,92.140542,92.487940,90.248812,91.277031,480372000
2024-03-22,90.983564,94.614283,90.677095,94.126129,586719000
2024-03-25,93.778726,96.598843,93.348471,94.837891,552136000
2024-03-26,95.685418,96.208515,92.342204,92.401100,513648000
2024-03-27,92.951157,93.078934,88.969049,90.094101,586067000
2024-03-28,89.844533,91.142290,89.038928,90.199921,435212000
2024-04-01,90.143017,92.065685,89.049907,90.206902,452441000
2024-04-02,88.295207,89.938367,87.468642,89.297478,433064000
2024-04-03,88.331151,90.217886,88.247297,88.810318,370067000
2024-04-04,90.249815,90.477426,85.731633,85.756592,434965000
2024-04-05,86.715939,88.328155,85.777568,87.855972,399678000
2024-04-08,88.546762,88.676542,86.582167,86.982475,283220000
2024-04-09,87.290941,87.483608,82.878579,85.206543,501700000
2024-04-10,83.781020,87.249018,83.564392,86.888641,431929000
2024-04-11,87.268979,90.582246,86.775837,90.459457,431637000
2024-04-12,89.544040,90.019223,87.378788,88.033653,426805000
2024-04-15,88.944082,90.456465,85.780558,85.852432,443077000
2024-04-16,86.283679,87.965766,85.915321,87.263985,370453000
2024-04-17,88.187387,88.621641,83.804972,83.889832,495400000
2024-04-18,84.823206,86.041100,82.259642,84.524719,447260000
2024-04-19,83.006366,84.178334,75.475399,76.068367,875198000
2024-04-22,77.969072,79.934672,76.268021,79.380630,596341000
2024-04-23,80.629475,82.626020,80.125350,82.280617,438559000
2024-04-24,83.804981,83.936757,79.046218,79.539368,512208000
2024-04-25,78.731753,83.179058,78.087870,82.489258,424641000
2024-04-26,83.673217,88.178421,83.242961,87.583450,551011000
2024-04-29,87.443677,87.839987,85.118698,87.605400,388971000
2024-04-30,87.089296,88.665571,86.150925,86.252747,363709000
2024-05-01,84.930023,85.851425,81.114620,82.897537,559863000
2024-05-02,84.303114,86.088027,83.056271,85.668755,377898000
2024-05-03,87.637348,89.126767,86.889641,88.635620,398341000
2024-05-06,89.235593,92.060706,88.901172,91.980843,376203000
2024-05-07,90.940627,91.622445,88.857234,90.397568,437342000
2024-05-08,89.328410,91.036453,89.265515,90.255806,325721000
2024-05-09,90.372608,90.914669,88.078582,88.593689,378013000
2024-05-10,90.148997,91.243104,89.072856,89.722733,335325000
2024-05-13,90.321694,90.840800,88.376064,90.242836,289680000
2024-05-14,89.444220,91.492677,88.780368,91.198189,296507000
2024-05-15,92.312275,94.698147,91.440782,94.466545,417735000
2024-05-16,94.746057,95.653484,93.940445,94.196007,323952000
2024-05-17,94.205987,94.576340,91.647410,92.319244,359691000
2024-05-20,93.588060,95.035552,93.278598,94.616280,318764000
2024-05-21,93.437306,95.235198,93.019032,95.221222,328946000
2024-05-22,95.294088,95.854116,93.087907,94.785965,548648000
2024-05-23,101.851753,106.136339,101.344627,103.619698,835065000
2024-05-24,104.268558,106.291059,102.822063,106.285072,429494000
2024-05-28,110.053559,114.740448,109.693182,113.704239,652728000
2024-05-29,112.854713,115.292488,110.709423,114.626640,557442000
2024-05-30,114.451937,115.618916,109.473553,110.309105,484553000
2024-05-31,112.325617,112.522283,106.755263,109.443611,613263000
2024-06-03,113.424723,114.801338,111.809514,114.801338,438392000
2024-06-04,115.516100,116.398568,113.847981,116.235847,403324000
2024-06-05,118.166514,122.237465,117.265074,122.228485,528402000
2024-06-06,123.833705,125.370048,118.115603,120.788979,664696000
2024-06-07,119.563104,121.481788,117.818130,120.679176,412386000
2024-06-10,120.162075,122.887355,116.807879,121.579620,313434100
2024-06-11,121.569622,122.667818,118.544609,120.711044,222551200
2024-06-12,122.857510,126.671224,122.368318,124.993988,299595000
2024-06-13,129.177105,129.586434,126.950778,129.396744,260704500
2024-06-14,129.746171,132.621422,128.108870,131.663010,309320400
2024-06-17,132.771183,133.509956,129.366790,130.764481,288504400
2024-06-18,130.924221,136.105684,130.474965,135.356918,294335100
2024-06-20,139.569983,140.528394,129.306898,130.564819,517768400
2024-06-21,126.910831,130.415057,124.095471,126.361732,649445800
2024-06-24,123.037205,124.255199,117.845765,117.915649,476060900
2024-06-25,121.000569,126.291852,119.123666,125.882523,414192600
2024-06-26,125.922449,127.909172,122.398259,126.192009,362975900
2024-06-27,123.895800,126.202004,122.717741,123.785980,252571700
2024-06-28,124.375013,127.499860,122.548022,123.336723,315516700
2024-07-01,123.266823,124.634564,118.634459,124.095459,284885500
2024-07-02,120.930673,123.206927,120.830839,122.468140,218374000
2024-07-03,121.459836,128.068939,121.160327,128.068939,215749000
2024-07-05,127.170385,128.637975,125.473185,125.622940,214176700
2024-07-08,127.280206,130.554815,126.830949,127.989037,237677300
2024-07-09,130.135530,133.599821,128.438315,131.163834,285366600
2024-07-10,133.809462,134.877709,132.202110,134.688019,248978600
2024-07-11,135.526619,135.925955,126.840938,127.190361,374782700
2024-07-12,128.048930,131.702911,127.010648,129.027328,252680500
2024-07-15,130.345144,131.173780,126.970709,128.228638,208326200
2024-07-16,128.228648,128.827652,124.374999,126.152069,214769500
2024-07-17,121.150309,121.649486,116.527931,117.795837,390086200
2024-07-18,121.649491,122.198589,116.368195,120.890739,320979500
2024-07-19,120.151963,121.399906,117.176871,117.735947,217223800
2024-07-22,120.151970,123.865850,119.662778,123.336723,258068900
2024-07-23,122.577973,124.484833,121.899091,122.388283,173911000
2024-07-24,118.973914,119.752630,113.253347,114.062012,327776900
2024-07-25,112.853989,116.438078,106.125082,112.095238,460067000
2024-07-26,115.998801,116.008779,111.396387,112.873947,293399100
2024-07-29,113.502923,116.088657,111.116856,111.406372,248152100
2024-07-30,111.336485,111.805713,102.371267,103.559311,486833300
2024-07-31,112.714215,118.145258,110.697535,116.827431,473174200
2024-08-01,117.336589,119.962266,106.634229,109.030281,523462300
2024-08-02,103.589264,108.541102,101.203198,107.093483,482027500
2024-08-05,91.908519,103.239850,90.540779,100.284714,552842400
2024-08-06,103.669132,107.532766,100.384552,104.078461,409012100
2024-08-07,107.632595,108.620971,98.527607,98.747246,411440400
2024-08-08,101.832150,105.326391,97.359519,104.797264,391910000
2024-08-09,105.466172,106.424591,103.259809,104.577637,290844200
2024-08-12,106.145053,110.887237,106.085154,108.840607,325559900
2024-08-13,112.254989,116.038754,111.396404,115.948898,312646700
2024-08-14,118.334953,118.404837,113.882293,117.885696,339246400
2024-08-15,118.564585,123.037209,117.276707,122.657837,318086700
2024-08-16,121.739345,124.794307,120.980593,124.375000,302589900
2024-08-19,124.075483,129.786072,123.216898,129.786072,318333600
2024-08-20,128.188721,129.666296,125.682856,127.040619,300087400
2024-08-21,127.110500,129.137166,126.451590,128.288559,257883600
2024-08-22,129.806049,130.534844,122.897431,123.536377,376189100
2024-08-23,125.652916,129.386768,125.013969,129.157135,323230300
2024-08-26,129.356798,131.044004,124.165350,126.251907,331964700
2024-08-27,124.844245,128.987411,123.676165,128.088898,303134600
2024-08-28,127.909177,128.118838,122.438199,125.403313,448101100
2024-08-29,121.160300,124.225248,116.517950,117.396500,453023300
2024-08-30,119.333309,121.549657,117.027113,119.173576,333751600
2024-09-03,115.819110,116.018778,107.113458,107.822289,477155100
2024-09-04,105.236553,113.083613,103.948675,106.035233,372470300
2024-09-05,104.817236,109.469572,104.587619,107.033585,306850700
2024-09-06,107.862223,107.972043,100.783886,102.660797,413638100
2024-09-09,104.707412,106.374670,103.519376,106.294800,273912000
2024-09-10,107.632580,109.219968,104.777286,107.922104,268283700
2024-09-11,109.209991,116.997159,107.243232,116.717621,441422400
2024-09-12,116.657717,120.601559,115.199996,118.954132,366052700
2024-09-13,118.894219,119.772843,117.416525,118.914185,238358300
2024-09-16,116.607803,117.995634,114.181594,116.597816,248772300
2024-09-17,117.985645,118.614667,114.650859,115.409668,231925900
2024-09-18,115.709203,117.516377,113.043371,113.193138,310318900
2024-09-19,117.166926,119.473327,117.067084,117.686119,293506400
2024-09-20,116.877375,118.434946,115.209982,115.819031,382462400
2024-09-23,116.368169,116.807478,114.680804,116.078621,206228500
2024-09-24,116.338215,121.609984,115.199994,120.681435,354966800
2024-09-25,121.829626,124.745076,121.420269,123.317307,284692900
2024-09-26,126.602177,127.470815,121.609978,123.846481,302582900
2024-09-27,123.776592,123.836496,119.073941,121.210602,271009200
2024-09-30,118.125420,121.310446,117.965674,121.250542,226553700
2024-10-01,121.580022,122.248982,115.609355,116.817467,302094500
2024-10-02,116.258345,119.193753,114.960370,118.664581,221845900
2024-10-03,120.731351,124.165987,120.152254,122.658340,277118000
2024-10-04,124.745086,124.844928,121.639937,124.725113,243678100
2024-10-07,124.794993,130.436179,124.755054,127.520737,346250200
2024-10-08,130.056776,133.271754,129.218091,132.682678,285722500
2024-10-09,133.900768,134.310132,131.175031,132.443039,246191600
2024-10-10,131.704201,134.789376,130.795617,134.599670,242311300
2024-10-11,133.800930,135.568173,133.451486,134.589706,170209500
2024-10-14,136.257104,139.382226,136.087371,137.854614,232347700
2024-10-15,137.654922,138.353843,128.539175,131.394714,377831000
2024-10-16,133.770964,136.406845,131.374715,135.508255,264879700
2024-10-17,139.122629,140.670214,136.656481,136.716385,306435900
2024-10-18,138.453651,138.683288,137.065821,137.784698,176090200
2024-10-21,137.914513,143.485809,137.784711,143.485809,264554500
2024-10-22,142.687050,144.194689,141.558808,143.365982,226311600
2024-10-23,141.808433,142.207803,137.245570,139.342285,285930000
2024-10-24,140.600312,141.129484,138.243994,140.190948,172354900
2024-10-25,140.710134,143.905154,140.580348,141.319183,205122100
2024-10-28,142.776892,142.916673,139.831498,140.300766,173586700
2024-10-29,140.071124,142.038051,138.683293,141.029633,157593600
2024-10-30,139.322289,140.111065,136.596553,139.122604,179418100
2024-10-31,137.385332,137.395311,131.903892,132.552872,270039600
2024-11-01,134.489862,137.095790,134.360075,135.188766,207127800
2024-11-04,136.995947,138.743217,135.358506,135.837753,187528200
2024-11-05,137.235543,140.150985,137.115735,139.691711,160537400
2024-11-06,142.736968,146.261460,141.738528,145.382828,242043900
2024-11-07,146.161630,148.697661,145.941972,148.647751,207323300
2024-11-08,148.537894,149.536334,146.031801,147.399673,175665800
2024-11-11,148.448034,148.617782,143.346020,145.033371,182325600
2024-11-12,146.551001,149.416518,145.782198,148.058640,198634700
2024-11-13,148.837413,149.097002,145.672346,146.041779,191903300
2024-11-14,147.409668,148.767547,145.322933,146.531036,194463300
2024-11-15,144.643990,145.013423,139.861469,141.758499,250132900
2024-11-18,139.282356,141.329160,136.936016,139.931335,221205300
2024-11-19,141.099530,146.900463,140.770043,146.780640,227834900
2024-11-20,147.180032,147.329792,142.507325,145.662399,309871700
2024-11-21,149.117004,152.651475,140.480490,146.441177,400946600
2024-11-22,145.702317,146.930409,140.879866,141.728531,236406200
2024-11-25,141.768472,141.828376,135.608100,135.807785,344941900
2024-11-26,137.485188,139.082698,135.458356,136.706406,190287700
2024-11-27,134.799373,137.005932,131.594390,135.128860,226370900
2024-11-29,136.566609,139.132607,135.837752,138.034317,141863200
2024-12-02,138.613412,140.230879,137.604993,138.413727,171682800
2024-12-03,138.044319,140.320761,137.734805,140.041199,164414000
2024-12-04,141.778458,145.562539,140.071120,144.913559,231224300
2024-12-05,144.893617,146.321478,143.735344,144.843689,172621200
2024-12-06,144.384367,145.482718,141.099265,142.227585,188505600
2024-12-09,138.762731,139.741265,136.925479,138.602966,189308600
2024-12-10,138.802703,141.608526,133.590486,134.868591,210020900
2024-12-11,137.155145,139.960952,135.008358,139.102234,184905200
2024-12-12,136.875586,138.233559,135.597496,137.135193,159211400
2024-12-13,138.732798,139.391817,132.342333,134.049789,231514900
2024-12-16,133.979872,134.199546,130.225486,131.803131,237951100
2024-12-17,128.897477,131.393749,126.670807,130.195541,259410300
2024-12-18,133.660373,136.496134,128.088693,128.717758,277444500
2024-12-19,131.563499,133.830118,129.356803,130.485107,209719200
2024-12-20,129.616408,135.078252,128.028783,134.499115,306528600
2024-12-23,136.076757,139.581517,134.918483,139.461700,176053500
2024-12-24,139.791222,141.688382,138.443229,140.010895,105157000
2024-12-26,139.491661,140.639955,137.524597,139.721313,116205600
2024-12-27,138.343391,138.812692,134.509121,136.805679,170582600
2024-12-30,134.628921,140.060811,133.820132,137.284958,167734700
