Date,Open,High,Low,Close,Volume
2015-01-02,170.472512,170.885518,168.655274,169.687790,121465900
2015-01-05,168.647066,168.812266,166.317716,166.623337,169632600
2015-01-06,166.928919,167.449311,164.260901,165.053879,209151400
2015-01-07,166.375567,167.449386,165.929525,167.110718,125346700
2015-01-08,168.514901,170.290837,168.498390,170.076065,147217800
2015-01-09,170.489057,170.505581,168.101881,168.713135,158567300
2015-01-12,168.845316,169.002261,166.788539,167.391525,144396100
2015-01-13,168.605761,169.729139,165.623854,166.920700,214553300
2015-01-14,164.913483,166.111212,164.021400,165.912964,192991100
2015-01-15,166.548976,166.862852,164.277440,164.393082,176613900
2015-01-16,164.186644,166.705986,164.004920,166.549042,211879600
2015-01-20,167.184986,167.449316,165.342981,166.904144,130991100
2015-01-21,166.441648,168.225839,165.979082,167.746750,122942700
2015-01-22,168.498399,170.373440,167.127215,170.241287,174356000
2015-01-23,169.985185,170.241260,169.175696,169.307861,117516800
2015-01-26,169.093074,169.795177,168.382702,169.704315,92009700
2015-01-27,167.655815,168.605725,166.639823,167.465836,134044600
2015-01-28,168.647037,168.746155,165.128227,165.318207,168514300
2015-01-29,165.516478,167.102421,164.112246,166.846359,173585400
2015-01-30,165.673449,166.995063,164.483989,164.748306,197729700
2015-02-02,165.243903,166.879406,163.434933,166.788544,163107000
2015-02-03,167.680609,169.208738,167.308906,169.200470,124212900
2015-02-04,168.440557,169.646541,168.101888,168.556198,134306700
2015-02-05,169.216995,170.406456,169.142657,170.257767,97953200
2015-02-06,170.621225,171.182921,169.266565,169.786957,125672000
2015-02-09,169.142741,169.861368,168.622349,169.027100,87219000
2015-02-10,170.059573,171.083821,169.068347,170.827759,96164200
2015-02-11,170.662532,171.356380,170.018243,170.926849,91087800
2015-02-12,171.719810,172.628429,170.959880,172.570602,97545900
2015-02-13,172.694559,173.330580,172.438484,173.281021,93670400
2015-02-17,172.967145,173.727088,172.719351,173.553619,76968200
2015-02-18,173.181857,173.644422,172.917526,173.570084,80652900
2015-02-19,172.975316,173.809584,172.834895,173.446136,91462500
2015-02-20,173.033224,174.561353,172.413714,174.487015,140896400
2015-02-23,174.239146,174.462173,173.859175,174.462173,74411100
2015-02-24,174.387858,175.156057,174.090493,174.957809,72472300
2015-02-25,174.833922,175.313012,174.470475,174.809143,73061700
2015-02-26,174.718241,174.875186,173.999602,174.602600,72697900
2015-02-27,174.503458,174.767789,173.958300,174.007858,108076000
2015-03-02,174.107010,175.164305,174.057451,175.106491,87491400
2015-03-03,174.676988,175.156077,173.528830,174.387878,110325800
2015-03-04,173.793131,173.867481,172.686276,173.652710,114497200
2015-03-05,173.974789,174.123477,173.338768,173.842636,76873000
2015-03-06,172.983633,173.413163,171.067290,171.397690,188128000
2015-03-09,171.595939,172.463242,171.438994,172.108063,89818900
2015-03-10,170.745128,170.827721,169.274813,169.316116,157121300
2015-03-11,169.572177,169.745645,168.837026,168.919632,110145700
2015-03-12,169.547403,171.133346,169.497844,171.067276,93993500
2015-03-13,170.794688,171.752854,168.985718,170.018234,162410900
2015-03-16,170.745155,172.380657,170.043039,172.289795,136099200
2015-03-17,171.554698,172.157684,170.968223,171.777725,94510400
2015-03-18,171.306771,174.511704,170.670738,173.842636,228808500
2015-03-19,173.429654,173.850916,172.661456,173.049683,117917300
2015-03-20,173.996437,175.083342,173.813902,174.577225,177715100
2015-03-23,174.585487,175.157982,174.237015,174.237015,71784500
2015-03-24,174.112586,174.568911,173.191618,173.257996,77805300
2015-03-25,173.465450,173.697765,170.677657,170.719131,159521700
2015-03-26,170.055371,171.225239,169.358413,170.312576,153067200
2015-03-27,170.196351,170.876699,170.005511,170.702469,118939000
2015-03-30,171.731312,173.083727,171.714727,172.785034,96180400
2015-03-31,171.963647,172.660604,171.216921,171.274994,126768700
2015-04-01,171.241791,171.266681,169.681951,170.669296,137303600
2015-04-02,170.602950,171.731342,170.420415,171.283310,86900900
2015-04-06,170.395486,172.950964,170.262744,172.436554,114368200
2015-04-07,172.461498,173.208223,171.947088,171.980270,81236300
2015-04-08,172.204270,173.000775,171.814310,172.561035,89351900
2015-04-09,172.395111,173.556686,171.905591,173.324371,85548900
2015-04-10,173.573318,174.311751,173.374198,174.270264,72722900
2015-04-13,174.129129,174.759709,173.432184,173.481964,74436600
2015-04-14,173.282896,173.996439,172.660621,173.813904,75099900
2015-04-15,174.278503,175.099898,174.195528,174.593781,99529300
2015-04-16,174.261927,175.050139,174.062794,174.544022,68934900
2015-04-17,173.357525,173.598133,171.756198,172.536118,191113200
2015-04-20,173.457124,174.444470,173.374162,174.112595,92189500
2015-04-21,174.792893,174.950538,173.606428,173.905121,72559800
2015-04-22,174.245312,174.942270,173.324345,174.759735,78264600
2015-04-23,174.361503,175.846674,174.245346,175.199509,102585900
2015-04-24,175.614323,175.871528,175.157986,175.606018,61327400
2015-04-27,176.170246,176.294696,174.685075,174.875916,79358100
2015-04-28,174.851036,175.481604,173.681156,175.431824,86863500
2015-04-29,174.543950,175.307272,173.905090,174.709900,125684900
2015-04-30,174.137462,174.527422,172.262332,172.959290,161304900
2015-05-01,173.739201,174.875899,173.639641,174.834412,103399700
2015-05-04,175.257577,175.913048,175.149725,175.332260,70927200
2015-05-05,175.091637,175.448415,173.183324,173.324371,113326200
2015-05-06,173.871988,174.178973,171.548825,172.610840,135060200
2015-05-07,172.511241,173.722609,172.179366,173.299454,88244900
2015-05-08,174.967161,175.780264,174.884186,175.581131,155877300
2015-05-11,175.539667,175.805164,174.668479,174.743149,75708100
2015-05-12,173.913383,174.759680,173.091975,174.220367,119727600
2015-05-13,174.627025,175.249300,174.021347,174.253662,94667900
2015-05-14,175.265869,176.161946,174.992066,176.070679,95934000
2015-05-15,176.261505,176.402553,175.780278,176.261505,76510100
2015-05-18,176.095509,177.057951,176.029132,176.809052,74549700
2015-05-19,176.925250,177.199052,176.468912,176.751007,72114600
2015-05-20,176.850597,177.373312,176.311297,176.626587,76857500
2015-05-21,176.485534,177.348416,176.319583,177.140991,64764600
2015-05-22,176.759325,177.174175,176.651472,176.717850,57433500
2015-05-26,176.228313,176.651468,174.402975,174.817825,124308600
2015-05-27,175.274126,176.709503,174.867568,176.477188,93214000
2015-05-28,176.170211,176.385929,175.589424,176.278076,74974600
2015-05-29,176.211740,176.253215,174.917410,175.182907,124919600
2015-06-01,175.846627,176.178502,174.751417,175.539642,93338800
2015-06-02,175.083338,176.054085,174.461063,175.365433,91531000
2015-06-03,175.896456,176.452353,175.340558,175.830078,87820900
2015-06-04,175.124784,175.780241,174.029574,174.344864,151882800
2015-06-05,174.195559,174.718274,173.390749,174.046219,121704700
2015-06-08,173.938346,174.087699,172.901221,172.975891,89063300
2015-06-09,172.950928,173.490240,172.320360,172.950928,105034700
2015-06-10,173.714325,175.406921,173.656253,175.025253,134551300
2015-06-11,175.465000,175.971117,175.232685,175.589462,73876400
2015-06-12,174.768061,175.465006,173.971543,174.245346,135382400
2015-06-15,173.108606,173.780661,172.403356,173.498566,124384200
2015-06-16,173.349217,174.527403,173.174987,174.444427,85308200
2015-06-17,174.726562,175.332253,173.706035,174.726562,126708600
2015-06-18,175.323949,177.008240,174.759759,176.543610,165867900
2015-06-19,176.301839,176.376872,175.384724,175.759903,130478700
2015-06-22,176.676987,177.243921,176.451875,176.660309,70696000
2015-06-23,176.868733,177.118857,176.393510,176.785355,68476800
2015-06-24,176.518609,176.893787,175.476439,175.501450,92307300
2015-06-25,176.001672,176.126727,174.892801,174.967834,97107400
2015-06-26,175.326308,175.568098,174.384195,174.934464,104174800
2015-06-29,173.458798,174.942847,171.191034,171.266068,202621300
2015-06-30,172.800100,172.850135,171.149307,171.624542,182925100
2015-07-01,173.191985,173.442108,172.216515,173.000229,135979900
2015-07-02,173.475429,173.642174,172.424914,172.841782,104373700
2015-07-06,171.557837,173.125252,171.357736,172.349884,117975400
2015-07-07,172.549988,173.558802,170.173836,173.433746,173820200
2015-07-08,172.099793,172.383260,170.290588,170.524033,164020100
2015-07-09,172.616683,172.875152,170.724112,170.832489,144113100
2015-07-10,172.825109,173.400388,170.874170,172.983521,129456900
2015-07-13,174.242524,175.001215,174.200835,174.892838,106069400
2015-07-14,174.851140,175.960011,174.792773,175.651520,81709600
2015-07-15,175.693184,176.151741,175.117904,175.593140,97914100
2015-07-16,176.643608,177.002121,176.401830,177.002121,106683300
2015-07-17,176.993825,177.210605,176.585303,177.152237,89030000
2015-07-20,177.377374,177.735874,176.927162,177.243973,70446800
2015-07-21,177.110529,177.368998,176.243449,176.543594,77965000
2015-07-22,175.859915,176.560263,175.826571,176.226761,88667900
2015-07-23,176.360183,176.460227,174.876134,175.234634,90509100
2015-07-24,175.334694,175.393049,173.083610,173.417099,117755000
2015-07-27,172.533378,173.041958,171.966431,172.408310,132361100
2015-07-28,173.241980,174.667674,172.416589,174.525940,123544800
2015-07-29,174.651036,175.951662,174.509302,175.726562,105791300
2015-07-30,175.217950,175.934964,174.600981,175.768219,91304400
2015-07-31,176.268485,176.293496,175.217982,175.501450,103266900
2015-08-03,175.468099,175.526454,173.959026,174.909485,113965700
2015-08-04,174.834431,175.292988,174.084074,174.567642,81820800
2015-08-05,175.459710,176.176723,174.859419,175.142899,85786800
2015-08-06,175.326376,175.434766,173.125313,173.708939,116030800
2015-08-07,173.550456,173.700523,172.474930,173.375366,117858000
2015-08-10,174.484197,175.643089,174.484197,175.559723,80270700
2015-08-11,174.225770,174.642638,173.216944,173.975647,126081400
2015-08-12,172.675022,174.367505,171.215985,174.184082,172123700
2015-08-13,174.025671,174.709340,173.425380,173.967316,89383300
2015-08-14,173.775610,174.676046,173.633876,174.601013,72786500
2015-08-17,174.009047,175.576462,173.550489,175.576462,79072600
2015-08-18,175.301316,175.651484,174.834426,175.067871,71692700
2015-08-19,174.325821,175.092856,172.875128,173.683853,172946000
2015-08-20,172.174782,173.658831,169.998731,170.057098,194327900
2015-08-21,168.189522,170.032084,164.679502,164.937958,346588500
2015-08-24,156.317116,164.646127,152.073391,157.992920,507244300
2015-08-25,162.937051,162.953729,155.841961,156.133774,369833100
2015-08-26,160.144000,162.403418,157.050834,162.128296,339257000
2015-08-27,164.262644,166.263605,162.753584,166.138550,274143900
2015-08-28,165.496553,166.613756,165.012985,166.146866,160414400
2015-08-31,165.171442,166.021856,164.254327,164.804596,163298800
2015-09-01,161.011034,162.386705,159.018406,159.885498,256000400
2015-09-02,162.261706,162.962054,160.427489,162.920364,160269300
2015-09-03,163.629024,165.121419,162.545178,163.037079,152087800
2015-09-04,160.785993,161.628062,159.752156,160.569214,207081000
2015-09-08,163.362219,164.754556,162.720238,164.604477,116025700
2015-09-09,166.180278,166.305334,162.036609,162.403442,149347700
2015-09-10,162.211690,164.429431,161.953233,163.287216,158611100
2015-09-11,162.895339,164.095921,162.186658,164.029221,119691200
2015-09-14,164.204261,164.254283,162.936979,163.420547,79452000
2015-09-15,163.920810,165.905105,163.378887,165.463226,113806200
2015-09-16,165.763394,167.089031,165.421559,166.897263,99581600
2015-09-17,166.763824,169.156642,166.146855,166.522034,276046600
2015-09-18,164.018749,166.507806,163.390196,163.800842,223657500
2015-09-21,164.630589,165.669788,163.599766,164.647354,105726200
2015-09-22,162.485082,162.971165,161.378823,162.510223,153890900
2015-09-23,162.677839,163.147156,161.672157,162.250427,92790600
2015-09-24,161.035250,162.124744,159.702721,161.663803,159378800
2015-09-25,163.122028,163.423734,160.750287,161.621887,155054800
2015-09-28,160.725142,160.834095,157.255531,157.565613,178515900
2015-09-29,157.783509,159.015474,156.660485,157.657791,159045600
2015-09-30,159.543510,160.767099,158.764110,160.599487,163452000
2015-10-01,160.976527,161.320138,159.082492,161.018433,131079000
2015-10-02,159.040647,163.448893,158.495893,163.423752,211003300
2015-10-05,164.647331,166.558131,164.538378,166.331848,126320800
2015-10-06,166.197748,166.759254,165.099878,165.761948,110274500
2015-10-07,166.692190,167.471602,165.502131,167.119614,124307300
2015-10-08,166.734081,168.913069,166.432375,168.628128,153055200
2015-10-09,168.770620,169.206407,168.100161,168.728714,107069200
2015-10-12,168.804143,169.089083,168.376731,168.887955,56395600
2015-10-13,168.158847,169.424341,167.656012,167.823624,88038700
2015-10-14,167.764925,168.343196,166.725726,167.019043,99106200
2015-10-15,167.681179,169.591979,167.312426,169.583603,134142200
2015-10-16,169.985861,170.371366,169.223214,170.354614,114580100
2015-10-19,169.709268,170.438385,169.399186,170.438385,76523900
2015-10-20,170.002565,170.832247,169.751142,170.220459,78448500
2015-10-21,170.639520,170.790366,168.996896,169.164520,102038000
2015-10-22,170.111539,172.231856,169.164528,172.022339,174911700
2015-10-23,173.690081,174.276727,172.893916,173.907974,144442300
2015-10-26,173.731984,173.790642,173.111807,173.480560,69033000
2015-10-27,172.810165,173.480624,172.466553,173.145401,77905800
2015-10-28,173.480618,175.139994,172.818548,175.114853,135906700
2015-10-29,174.611951,175.382974,174.494622,175.014221,90525500
2015-10-30,175.207034,175.525505,174.100787,174.260010,131076900
2015-11-02,174.586811,176.514362,174.461092,176.321609,86270800
2015-11-03,175.969644,177.385985,175.743361,176.832855,95246100
2015-11-04,177.126234,177.251939,175.760175,176.296539,96224500
2015-11-05,176.355188,176.816129,175.232176,176.120529,78408700
2015-11-06,175.776925,176.263007,174.704195,176.028336,110471500
2015-11-09,175.416519,175.567379,173.438673,174.385696,131008700
2015-11-10,173.907957,174.821463,173.639781,174.787933,75874600
2015-11-11,175.056200,175.106482,174.033752,174.100800,67846000
2015-11-12,173.061518,173.530836,171.653566,171.670319,121315200
2015-11-13,171.259716,171.527892,169.658998,169.742798,153577100
2015-11-16,169.558413,172.382707,169.441071,172.324036,117645200
2015-11-17,172.634165,173.514128,171.703906,172.198364,121123700
2015-11-18,172.676009,175.072890,172.634115,174.930420,121342500
2015-11-19,174.813089,175.198607,174.486242,174.779572,88220500
2015-11-20,175.533849,176.095354,175.039390,175.416519,94011500
2015-11-23,175.475193,175.978027,174.754452,175.215393,64931200
2015-11-24,174.209704,175.852328,173.824199,175.450058,98874400
2015-11-25,175.575758,175.776900,175.165099,175.424911,51980100
2015-11-27,175.517084,175.827179,175.039391,175.626038,37317800
2015-11-30,175.785280,175.902609,174.787974,174.896927,112822700
2015-12-01,175.525498,176.682039,175.248933,176.564697,97858400
2015-12-02,176.514428,176.832899,174.511439,174.762863,108441300
2015-12-03,175.014262,175.282438,171.594933,172.315674,166224200
2015-12-04,172.315658,175.969645,172.315658,175.676315,192913900
2015-12-07,175.349493,175.768528,173.648211,174.612000,102027100
2015-12-08,173.053154,174.561671,172.458119,173.438660,103372400
2015-12-09,172.801736,174.888523,171.117206,172.089371,162401500
2015-12-10,172.156425,173.840942,171.921766,172.533554,116128900
2015-12-11,170.421585,171.083655,168.879526,169.189621,211173300
2015-12-14,169.348907,170.170213,167.572189,170.044495,182385200
2015-12-15,171.553040,172.734723,170.019370,171.829605,154069600
2015-12-16,172.952626,174.645532,171.636862,174.343826,197017000
2015-12-17,174.653929,174.720976,171.670399,171.687164,173092500
2015-12-18,170.946920,171.081799,168.468326,168.628510,251393500
2015-12-21,169.800386,170.196625,168.687543,170.019577,99094300
2015-12-22,170.904717,171.857377,169.918341,171.562302,111026200
2015-12-23,172.565545,173.728969,172.472808,173.686813,110987200
2015-12-24,173.433952,173.948218,173.181032,173.400223,48539600
2015-12-28,172.708892,173.046110,171.933280,173.003967,65899900
2015-12-29,174.099899,175.179012,174.066182,174.850220,92640700
2015-12-30,174.605823,174.690134,173.467689,173.611008,63317700
2015-12-31,172.936544,173.577264,171.874283,171.874283,114877900
2016-01-04,169.024738,169.479984,167.422920,169.471558,222353500
2016-01-05,169.791865,170.213394,168.653744,169.758148,110845800
2016-01-06,167.212129,168.662190,166.588274,167.616806,152112600
2016-01-07,164.674511,166.453364,163.207586,163.595398,213436100
2016-01-08,164.556594,165.113016,161.513153,161.799789,209817200
2016-01-11,162.718662,163.055893,160.029317,161.959915,187941300
2016-01-12,163.401494,164.016923,161.142092,163.266602,172330500
2016-01-13,163.932623,164.278280,158.815268,159.194641,221168900
2016-01-14,159.801666,162.929405,158.208287,161.808136,240795600
2016-01-15,157.457973,159.135650,156.404150,158.334747,324846400
2016-01-19,160.147320,160.273773,156.977413,158.545502,195244400
2016-01-20,155.991056,158.073411,152.610397,156.513748,286547800
2016-01-21,156.985854,159.228379,155.662247,157.390518,195772900
2016-01-22,159.995563,160.821756,159.236816,160.619431,168319600
2016-01-25,160.113578,160.307477,157.997507,158.191406,130371700
2016-01-26,158.848982,160.627835,158.511764,160.349625,141036800
2016-01-27,159.827031,161.496283,157.702520,158.604599,185681700
2016-01-28,160.147360,160.349686,157.786795,159.430756,143798800
2016-01-29,160.197918,163.452123,160.079890,163.317230,210529300
2016-02-01,162.314003,164.042275,161.732291,163.258224,136061600
2016-02-02,161.833456,161.841882,159.793244,160.315948,182564900
2016-02-03,161.369760,161.681688,157.736182,161.277023,205054900
2016-02-04,160.779647,162.499480,160.147353,161.529968,139531800
2016-02-05,161.015693,161.588967,157.820496,158.452789,180788300
2016-02-08,156.614930,156.909993,154.111046,156.319855,191526700
2016-02-09,154.583124,157.601273,154.448231,156.328247,184513100
2016-02-10,157.154460,158.781556,156.066908,156.193375,148214100
2016-02-11,153.723242,155.207033,152.669420,154.161636,219058900
2016-02-12,155.932015,157.356772,155.088957,157.339920,127632400
2016-02-16,159.144121,160.020896,158.183035,159.995605,120250700
2016-02-17,161.158978,162.979987,161.032512,162.609039,136009500
2016-02-18,162.878880,162.937900,161.631157,161.943085,102343000
2016-02-19,161.167432,162.018917,160.560429,161.867172,114793000
2016-02-22,163.443660,164.354164,163.376214,164.210846,103640300
2016-02-23,163.553279,163.823064,162.018907,162.136948,111455300
2016-02-24,160.712192,163.157056,159.607788,162.878845,150812200
2016-02-25,163.325645,164.860017,162.566897,164.851578,110728300
2016-02-26,165.719934,165.812658,164.312015,164.472198,129833700
2016-02-29,164.489101,165.433322,162.988458,163.182358,125918100
2016-03-01,164.404779,167.102576,163.932669,167.018265,141799700
2016-03-02,166.706291,167.819121,166.293188,167.768539,102415000
2016-03-03,167.591515,168.443012,167.018242,168.426147,95172200
2016-03-04,168.620038,169.749746,167.793845,168.974121,129293600
2016-03-07,168.055201,169.513701,167.979329,169.109024,100219000
2016-03-08,168.038397,168.544224,167.102601,167.262772,123974900
2016-03-09,168.072048,168.434557,167.287998,168.088913,94801200
2016-03-10,168.577927,169.513722,166.402835,168.223831,156838700
2016-03-11,169.673859,170.980602,168.206946,170.938446,137964500
2016-03-14,170.432586,171.174469,170.103794,170.719223,73612000
2016-03-15,169.758195,170.744572,169.496850,170.441071,93169100
2016-03-16,169.960471,171.832060,169.918316,171.427383,129303200
2016-03-17,171.343164,173.020842,170.946926,172.515015,134278500
2016-03-18,173.014971,173.531890,172.701435,173.192932,138372400
2016-03-21,172.930224,173.667463,172.701420,173.438660,72926700
2016-03-22,172.667501,173.913189,172.506505,173.345428,97471900
2016-03-23,172.964138,173.150568,172.031985,172.201477,81052500
2016-03-24,171.176077,172.159071,170.955756,172.125168,84360900
2016-03-28,172.540419,172.752271,171.777759,172.226883,62408200
2016-03-29,171.820082,173.930128,171.515016,173.819962,92922900
2016-03-30,174.819914,175.302929,174.218250,174.582642,86365300
2016-03-31,174.489469,174.913173,173.997972,174.158981,94584100
2016-04-01,173.167509,175.531767,172.853960,175.345337,114423500
2016-04-04,175.269055,175.472437,174.472491,174.777557,63497000
2016-04-05,173.438658,174.786031,172.777682,173.031906,99662200
2016-04-06,173.031918,174.980956,172.853957,174.921631,91839800
2016-04-07,173.836968,174.192877,172.099782,172.828552,113859000
2016-04-08,174.006404,174.438590,172.760716,173.294586,95040600
2016-04-11,173.930185,174.625064,172.794663,172.887878,83757500
2016-04-12,173.057352,174.777586,172.616697,174.497940,115350600
2016-04-13,175.413122,176.345274,175.277534,176.260529,96336400
2016-04-14,176.319868,176.768992,175.921586,176.269012,65212900
2016-04-15,176.268966,176.404554,175.752048,176.074066,75761600
2016-04-18,176.074076,177.345185,175.413100,177.311295,82531000
2016-04-19,177.735076,178.124876,177.057148,177.870651,88316100
2016-04-20,177.912966,178.734951,177.438421,178.040085,81100300
2016-04-21,178.057047,178.167214,176.811359,177.082535,85695000
2016-04-22,176.726626,177.353698,176.184286,177.082535,99251700
2016-04-25,176.480838,176.819808,175.870704,176.777435,66166500
2016-04-26,177.141769,177.548534,176.565539,177.040085,75864200
2016-04-27,176.658834,177.794356,176.302925,177.404556,77329400
2016-04-28,176.650338,177.751955,175.379228,175.794449,97216200
2016-04-29,175.175855,175.523295,173.743737,174.845367,142424100
2016-05-02,175.345313,176.413040,174.913140,176.235092,62188000
2016-05-03,175.006345,175.243618,173.955557,174.701279,106422100
2016-05-04,173.709853,174.438623,173.226825,173.726791,92243800
2016-05-05,174.192868,174.548777,173.269198,173.692902,67619200
2016-05-06,172.921733,174.370803,172.769206,174.328430,89315000
2016-05-09,174.201340,174.904676,174.023379,174.472504,74374900
2016-05-10,175.175821,176.658782,175.108027,176.641830,77472200
2016-05-11,176.184303,176.718160,174.989456,174.989456,81727000
2016-05-12,175.658840,175.828332,174.031822,175.040237,89586300
2016-05-13,174.743673,175.294482,173.192917,173.514923,96474600
2016-05-16,173.684412,175.701230,173.625087,175.226685,77486800
2016-05-17,174.955542,175.243657,173.065816,173.591217,114924900
2016-05-18,173.243732,174.819908,172.557335,173.642014,120062100
2016-05-19,172.921738,173.328490,171.837059,173.040375,115430500
2016-05-20,173.650517,174.650463,173.599675,174.133545,104990400
2016-05-23,174.150467,174.430113,173.709825,173.896255,58682600
2016-05-24,174.709757,176.463894,174.684336,176.150345,93537800
2016-05-25,176.828266,177.760418,176.150338,177.345184,76621400
2016-05-26,177.480818,177.709622,177.082536,177.396072,55280700
2016-05-27,177.557042,178.167176,177.506200,178.158707,64211200
2016-05-31,178.429836,178.540003,177.260411,177.819702,109879400
2016-06-01,177.209663,178.362137,177.014764,178.184189,69936200
2016-06-02,177.785819,178.743379,177.311274,178.726440,63044700
2016-06-03,178.167206,178.540067,176.989311,178.192627,101757100
2016-06-06,178.548558,179.455290,178.387549,179.099380,64887000
2016-06-07,179.251862,179.938259,179.226440,179.378967,60974800
2016-06-08,179.514545,180.090788,179.387439,179.963669,66170900
2016-06-09,179.234974,179.836639,178.963811,179.718002,73786900
2016-06-10,178.345136,178.684094,177.472296,178.014648,113829200
2016-06-13,177.412973,178.268849,176.557098,176.641830,117751200
2016-06-14,176.260543,176.887628,175.345342,176.294434,125059300
2016-06-15,176.294402,177.412985,175.862230,176.048660,109124500
2016-06-16,176.048678,176.743558,174.218277,176.574066,149533100
2016-06-17,176.470147,176.495700,175.260574,175.916473,117055700
2016-06-20,177.875607,178.548533,176.964160,177.049347,82789600
2016-06-21,177.432688,177.960808,176.989741,177.551941,72461700
2016-06-22,177.730816,178.454862,177.117509,177.262329,95560500
2016-06-23,178.718957,179.621877,178.258983,179.570770,102731400
2016-06-24,173.454765,179.604859,172.679612,173.122559,333444400
2016-06-27,171.716996,171.725523,169.212664,170.021896,230775800
2016-06-28,171.623335,173.114009,171.316682,173.088455,159382400
2016-06-29,174.485445,176.265732,174.383231,176.035751,137328600
2016-06-30,176.504214,178.488927,175.950528,178.437820,165021900
2016-07-01,178.437853,179.298192,178.276006,178.812653,106055300
2016-07-05,177.986371,178.097111,176.930131,177.526398,109803700
2016-07-06,177.032351,178.710425,176.376452,178.591171,96021500
2016-07-07,178.770052,179.434465,177.713811,178.480438,85593800
2016-07-08,179.775183,181.385110,179.545190,181.138077,133971000
2016-07-11,181.598028,182.347627,181.393588,181.776901,73633900
2016-07-12,182.739530,183.395430,181.802530,183.097290,101275600
2016-07-13,183.514617,183.523130,182.586144,183.071671,87324100
2016-07-14,184.332379,184.562372,183.702045,184.093872,91230900
2016-07-15,184.656067,184.851981,183.403901,183.846848,107155400
2016-07-18,183.966066,184.502713,183.710520,184.340866,58725900
2016-07-19,183.923510,184.187570,183.676490,184.153503,54345700
2016-07-20,184.153494,185.158627,184.153494,184.920120,58159500
2016-07-21,184.809418,185.030884,183.778718,184.221664,67777300
2016-07-22,184.340906,185.099019,184.076846,185.047913,62787500
2016-07-25,184.843458,184.894565,183.966092,184.545319,55873100
2016-07-26,184.443124,184.988284,183.787224,184.630524,70080500
2016-07-27,185.005329,185.073476,183.667976,184.434616,84083900
2016-07-28,184.238703,184.937196,183.778730,184.647583,65035700
2016-07-29,184.383461,185.303408,184.102362,184.945648,79519400
2016-08-01,185.005342,185.397169,184.340929,184.792389,73311400
2016-08-02,184.545309,184.698642,182.773549,183.608322,92295500
2016-08-03,183.548677,184.204576,183.250550,184.144943,53993600
2016-08-04,184.255680,184.656033,182.500947,184.340866,46585500
2016-08-05,184.340963,185.891257,184.340963,185.848663,71892200
2016-08-08,186.035996,186.138223,185.473809,185.737869,39906500
2016-08-09,185.806083,186.342717,185.524983,185.848663,51251700
2016-08-10,185.959401,186.036061,185.039440,185.388687,57941100
2016-08-11,185.916725,186.495965,185.652665,186.248932,72504300
2016-08-12,185.942338,186.300112,185.686805,186.087158,61313500
2016-08-15,186.453373,186.972980,186.444860,186.623734,49813500
2016-08-16,186.206415,186.274549,185.661255,185.661255,53213600
2016-08-17,185.695286,186.146746,184.860512,186.010452,75134300
2016-08-18,185.984925,186.461939,185.874198,186.427872,52989300
2016-08-19,185.959375,186.334175,185.473848,186.155289,75443000
2016-08-22,185.916751,186.376737,185.550477,186.146744,61368800
2016-08-23,186.760052,187.058192,186.461912,186.521545,53399200
2016-08-24,186.376755,186.470455,185.150142,185.567535,71728900
2016-08-25,185.184151,185.857090,185.030831,185.439697,69224800
2016-08-26,185.627131,186.649304,184.204605,185.090485,122506300
2016-08-29,185.218271,186.265998,185.184191,186.001938,70502200
2016-08-30,185.916733,186.197833,185.141593,185.695267,58114500
2016-08-31,185.363073,185.482327,184.392007,185.167160,85269500
2016-09-01,185.158635,185.465288,184.017208,185.175674,97844200
2016-09-02,186.027492,186.436359,185.439739,186.010452,79293900
2016-09-06,186.291547,186.649307,185.576027,186.572647,56702100
2016-09-07,186.410781,186.734474,185.950808,186.555588,76554900
2016-09-08,186.223400,186.495986,185.823046,186.129700,74102900
2016-09-09,184.817983,184.869090,181.649236,181.674789,221589100
2016-09-12,180.916621,184.681634,180.848474,184.281281,168110900
2016-09-13,183.003530,183.267590,181.010291,181.632111,182828800
2016-09-14,181.683249,182.884309,181.010322,181.563995,134185500
2016-09-15,181.402142,183.761655,181.223255,183.378342,134427900
2016-09-16,182.763683,182.943473,181.984627,182.669510,155236400
2016-09-19,183.320125,183.962212,182.378392,182.703720,80250500
2016-09-20,183.559855,183.713950,182.678057,182.712296,69665300
2016-09-21,183.414333,184.946775,182.729438,184.766998,110284400
2016-09-22,185.777210,186.230951,185.528942,185.931305,76678700
2016-09-23,185.537482,185.674464,184.818348,184.912521,73630900
2016-09-26,184.082076,184.261853,183.217391,183.414307,89827300
2016-09-27,183.251663,184.647123,182.883526,184.552963,78494800
2016-09-28,184.775557,185.623117,183.816711,185.469009,87411000
2016-09-29,185.263490,185.665866,183.243056,183.790970,128070600
2016-09-30,184.621389,185.879880,184.373121,185.177872,117202900
2016-10-03,184.766948,184.955282,184.099166,184.732697,83512100
2016-10-04,184.844002,185.066587,183.200261,183.790970,119948100
2016-10-05,184.415963,185.032367,184.347472,184.604309,72816000
2016-10-06,184.381686,184.955282,183.842342,184.732697,62927400
2016-10-07,185.006676,185.177897,183.371491,184.099182,89788300
2016-10-10,185.058029,185.520326,184.912491,185.058029,51855000
2016-10-11,184.629973,184.698464,181.993134,182.720825,130367400
2016-10-12,182.857798,183.482772,182.361249,182.960541,73866100
2016-10-13,181.633592,182.857831,180.820284,182.361282,101357000
2016-10-14,183.337197,183.799507,182.378351,182.455399,93346200
2016-10-17,182.429780,182.686618,181.642155,181.821945,58275700
2016-10-18,183.414281,183.474202,182.583848,182.960541,76869700
2016-10-19,183.225962,183.756750,182.866395,183.448547,66519200
2016-10-20,183.097540,183.662580,182.446897,183.106110,73639800
2016-10-21,183.106092,183.277313,182.147234,183.191696,89089100
2016-10-24,184.064983,184.338947,183.619799,183.970810,60146600
2016-10-25,183.790985,184.047822,183.191706,183.354370,66542300
2016-10-26,182.532511,183.568404,182.292787,182.986252,75705500
2016-10-27,183.705403,183.739642,182.421228,182.498276,77220200
2016-10-28,182.472568,183.148894,181.248328,181.958893,140623200
2016-10-31,182.292814,182.515413,181.804835,181.967499,61272500
2016-11-01,182.292774,182.344152,179.441919,180.649033,122781800
2016-11-02,180.340839,180.726101,179.125155,179.561783,103330800
2016-11-03,179.775789,179.989818,178.465933,178.739883,88939300
2016-11-04,178.851186,179.690176,178.397446,178.542984,109122100
2016-11-07,178.543029,182.515407,178.543029,182.481155,109794900
2016-11-08,182.087311,183.868033,181.821917,183.302994,106772100
2016-11-09,181.813380,185.862819,181.787698,185.246414,258429000
2016-11-10,186.034038,186.898711,184.253315,185.708710,172113300
2016-11-11,184.989579,185.520366,184.338935,185.280655,100552700
2016-11-14,185.802886,186.008359,184.681376,185.426193,94580000
2016-11-15,185.811428,186.873016,185.605968,186.873016,91652600
2016-11-16,186.256609,186.753158,186.136754,186.522003,65617700
2016-11-17,186.676160,187.540833,186.564861,187.480911,69797200
2016-11-18,187.549363,187.720584,186.881581,187.061371,86265800
2016-11-21,187.634948,188.499620,187.489410,188.473938,72402600
2016-11-22,188.782168,189.021879,188.114398,188.842102,67429000
2016-11-23,188.328435,188.996204,188.131532,188.944839,56620200
2016-11-25,189.287283,189.681089,189.210223,189.646851,37872300
2016-11-28,189.338651,189.612601,188.653755,188.756485,76572500
2016-11-29,188.790719,189.578344,188.491073,189.124603,69886700
2016-11-30,189.740998,189.903662,188.610918,188.670853,113291800
2016-12-01,188.970502,188.970502,187.617837,187.977417,79040500
2016-12-02,188.063038,188.559587,187.712027,188.071594,74840300
2016-12-05,188.902030,189.544117,188.705126,189.201675,67837800
2016-12-06,189.390047,189.835232,188.910624,189.800980,59877400
2016-12-07,189.646837,192.343597,189.526981,192.283676,110738100
2016-12-08,192.257966,193.225368,191.992559,192.754501,99714400
2016-12-09,192.977119,193.935964,192.942867,193.918839,88005800
2016-12-12,193.824686,194.304122,193.276772,193.696274,102016100
2016-12-13,194.355481,195.485547,194.338355,194.988998,110477500
2016-12-14,194.689358,195.391366,192.942874,193.379501,142501800
2016-12-15,193.619189,195.031775,193.388034,194.175659,124972600
2016-12-16,194.631273,194.691560,193.477318,193.795944,156420200
2016-12-19,193.976741,194.639839,193.830345,194.217865,90341100
2016-12-20,194.751796,195.113496,194.519292,194.967087,89838800
2016-12-21,194.837945,195.010175,194.424591,194.424591,67909000
2016-12-22,194.278202,194.398764,193.692605,194.088745,56219100
2016-12-23,194.131726,194.381471,193.942283,194.372864,36697800
2016-12-27,194.639873,195.251291,194.622646,194.855164,42672500
2016-12-28,195.113500,195.130713,193.132824,193.244766,64095000
2016-12-29,193.313648,193.666728,192.762505,193.201706,48696100
2016-12-30,193.528936,193.615058,191.806612,192.495544,108998300
2017-01-03,193.795866,194.476191,192.796928,193.968109,91366500
2017-01-04,194.295395,195.268512,194.286788,195.122116,78744400
2017-01-05,194.855145,195.122103,194.174819,194.967087,78379000
2017-01-06,195.079045,196.129664,194.536509,195.664642,71559900
2017-01-09,195.406334,195.544124,194.984360,195.018814,46939700
2017-01-10,195.036028,195.871356,194.631281,195.018814,63771900
2017-01-11,194.932666,195.569931,194.269568,195.569931,74650000
2017-01-12,195.053237,195.268528,193.727053,195.079071,72113200
2017-01-13,195.251262,195.828239,195.216821,195.526840,62717900
2017-01-17,194.889574,195.294321,194.450386,194.837906,61240800
2017-01-18,195.087629,195.311539,194.536485,195.268478,54793300
2017-01-19,195.345979,195.483768,194.114524,194.545105,66608800
2017-01-20,195.225480,195.750789,194.596835,195.259933,129168600
2017-01-23,195.259896,195.320171,193.993987,194.751801,75061600
2017-01-24,194.967098,196.413858,194.855156,196.000504,95555300
2017-01-25,196.947786,197.697006,196.784163,197.697006,84437700
2017-01-26,197.550600,197.817572,197.214748,197.490326,59970700
2017-01-27,197.567788,197.714184,196.999418,197.180267,59711100
2017-01-30,196.491344,196.517178,194.975704,195.957428,79737300
2017-01-31,195.466559,196.000488,194.898202,195.940201,75880800
2017-02-01,195.940199,196.853028,195.432116,196.017700,79117700
2017-02-02,196.017699,196.431066,195.328780,196.146881,69657600
2017-02-03,197.051137,197.679782,196.741118,197.498932,80563200
2017-02-06,197.094176,197.490316,196.809991,197.145844,57790100
2017-02-07,197.533348,197.774472,196.964978,197.154434,57931200
2017-02-08,197.154430,197.541950,196.611893,197.412781,51566200
2017-02-09,197.412758,198.885337,197.412758,198.583939,65955200
2017-02-10,198.928427,199.591525,198.601181,199.367615,66015900
2017-02-13,199.858555,200.711110,199.832721,200.452759,55182100
2017-02-14,200.271862,201.262206,199.927402,201.253586,71109000
2017-02-15,201.038260,202.493625,200.986592,202.304169,86785800
2017-02-16,202.329991,202.510841,201.382721,202.131927,84722400
2017-02-17,201.468868,202.450592,201.451641,202.450592,77204100
2017-02-21,202.820906,203.828465,202.812286,203.656235,88946100
2017-02-22,203.251460,203.699254,203.087837,203.475357,62115200
2017-02-23,203.992057,204.009271,202.855317,203.613144,74615900
2017-02-24,202.769204,203.914538,202.726143,203.871490,82381600
2017-02-27,203.785347,204.362324,203.535616,204.190094,56515400
2017-02-28,203.811222,204.052346,203.251472,203.638992,96961900
2017-03-01,205.292441,206.954491,205.275214,206.489456,149158200
2017-03-02,206.299996,206.308616,205.137435,205.189102,70246000
2017-03-03,205.102962,205.481875,204.724049,205.318253,81974300
2017-03-06,204.525968,205.059884,204.103994,204.706818,55391500
2017-03-07,204.405478,204.758558,203.888775,204.095459,65103700
2017-03-08,204.388197,204.646548,203.578703,203.716492,78168800
2017-03-09,203.837019,204.302053,203.010311,203.974808,90683900
2017-03-10,204.930699,204.973760,203.742292,204.689575,81991700
2017-03-13,204.629300,204.835984,204.302067,204.792923,57256800
2017-03-14,204.250447,204.302128,203.397905,204.009323,59880800
2017-03-15,204.577674,206.196663,204.345156,205.774689,96081800
2017-03-16,205.912470,205.989972,205.042701,205.369934,78344000
2017-03-17,205.631982,205.822263,205.009247,205.009247,89002100
2017-03-20,205.009311,205.294732,204.395233,204.784439,52537000
2017-03-21,205.389822,205.510909,202.025329,202.155060,131809300
2017-03-22,202.189654,202.916174,201.566919,202.630753,97569200
2017-03-23,202.630747,203.547548,202.042616,202.414520,100410300
2017-03-24,202.717227,203.288057,201.489059,202.267471,112504900
2017-03-27,200.598239,202.319412,200.321475,202.059937,87454500
2017-03-28,201.757269,203.954131,201.644827,203.530334,93483900
2017-03-29,203.244861,203.954080,203.019977,203.720551,61950400
2017-03-30,203.659999,204.568155,203.487020,204.369217,56737900
2017-03-31,204.031915,204.559509,203.841634,203.893539,73733100
2017-04-03,203.945433,204.144359,202.310757,203.538925,85546500
2017-04-04,203.253503,203.755152,202.872941,203.668655,56466200
2017-04-05,204.343309,205.320660,202.855665,203.063248,108800600
2017-04-06,203.201625,204.153016,202.760513,203.634079,69135800
2017-04-07,203.383205,204.118382,202.942106,203.426453,74412300
2017-04-10,203.564879,204.343291,203.019982,203.547577,67615300
2017-04-11,203.166986,203.409159,201.817731,203.305374,88045300
2017-04-12,203.028611,203.218892,202.189649,202.414520,81864400
2017-04-13,202.077235,202.812412,201.099884,201.099884,92880400
2017-04-17,201.618804,202.881577,201.419879,202.881577,68405400
2017-04-18,202.146407,202.812391,201.592866,202.276138,83225800
2017-04-19,202.838369,203.210274,201.679382,201.904266,68699900
2017-04-20,202.518334,203.988689,202.198322,203.547577,92572200
2017-04-21,203.469738,203.521630,202.501045,202.898895,110389800
2017-04-24,205.139000,205.337939,202.872944,205.130356,119209900
2017-04-25,205.770388,206.669887,205.683892,206.323929,76698300
2017-04-26,206.289309,207.171519,206.150933,206.194168,84702500
2017-04-27,206.514190,206.669867,205.830905,206.367157,57410300
2017-04-28,206.626622,206.652568,205.787660,205.917404,63532800
2017-05-01,206.436340,206.860150,206.021188,206.436340,66882500
2017-05-02,206.574773,206.695860,206.107728,206.514236,57375700
2017-05-03,206.514213,206.609353,205.588754,206.263382,73137700
2017-05-04,206.566104,206.643943,205.657948,206.505554,61462700
2017-05-05,206.877490,207.335890,206.436378,207.318588,62001300
2017-05-08,207.361774,207.508807,206.860126,207.283936,48385700
2017-05-09,207.543476,207.742401,206.747748,207.093719,51363200
2017-05-10,207.050439,207.465591,206.842856,207.465591,54293800
2017-05-11,207.015817,207.206098,205.960628,207.041763,62358300
2017-05-12,206.790926,207.084992,206.427666,206.695786,53912700
2017-05-15,207.119618,207.958581,207.102316,207.837494,61918900
2017-05-16,208.131594,208.157540,207.258041,207.647247,51241800
2017-05-17,207.647259,207.647259,203.902203,203.962753,172174100
2017-05-18,203.884927,205.632046,203.625451,204.784439,107047700
2017-05-19,205.268772,206.782362,205.216880,206.116379,115011400
2017-05-22,206.626620,207.327207,206.557439,207.162872,61010600
2017-05-23,207.534826,207.785657,207.154265,207.621323,48341700
2017-05-24,207.854788,208.209391,207.517462,208.105606,46927700
2017-05-25,208.615949,209.377073,208.408380,209.100296,64071700
2017-05-26,208.909976,209.221344,208.832137,209.057022,46629900
2017-05-30,208.736993,209.126199,208.581316,208.875381,35201900
2017-05-31,209.169460,209.204063,208.131572,208.823502,91796000
2017-06-01,209.281893,210.501417,208.996472,210.484116,68962000
2017-06-02,210.536026,211.340398,210.241961,211.184708,88666100
2017-06-05,211.011751,211.297172,210.830114,211.029053,44698800
2017-06-06,210.466845,211.020386,210.276564,210.354416,50375400
2017-06-07,210.691745,210.968509,210.025761,210.743637,54144300
2017-06-08,210.838737,211.323084,210.319787,210.847382,65950700
2017-06-09,211.115506,211.911220,209.264602,210.527374,132256400
2017-06-12,210.285190,210.536008,209.636509,210.484116,86108100
2017-06-13,211.020378,211.565274,210.674420,211.513382,60067000
2017-06-14,211.781494,211.790138,210.423581,211.245255,78602300
2017-06-15,209.896000,210.959847,209.619236,210.838760,66464900
2017-06-16,210.997787,211.049932,210.006983,210.884796,84553100
2017-06-19,211.710501,212.701304,211.614896,212.640472,65123800
2017-06-20,212.284127,212.292814,211.189033,211.206406,56906400
2017-06-21,211.597514,211.710491,210.684929,211.154251,55977600
2017-06-22,211.162928,211.658324,210.884802,211.058624,44148100
2017-06-23,211.119445,211.640913,210.737027,211.310654,66986800
2017-06-26,211.979905,212.397095,211.241156,211.449738,56700500
2017-06-27,211.232460,211.527973,209.728875,209.746262,82247700
2017-06-28,210.763141,211.823476,210.528473,211.623581,70042600
2017-06-29,211.771336,211.823482,208.555571,209.763657,106949700
2017-06-30,210.571901,210.945632,209.963515,210.154724,86820700
2017-07-03,211.093376,211.527939,210.511063,210.511063,39153800
2017-07-05,210.876171,211.206430,210.067877,210.997849,54427600
2017-07-06,210.232924,210.354601,208.885776,209.068298,65400800
2017-07-07,209.641940,210.571898,209.077000,210.424149,57972300
2017-07-10,210.424224,211.023924,210.120025,210.650192,36663300
2017-07-11,210.650150,210.806599,209.329087,210.493713,50354600
2017-07-12,211.458459,212.240667,211.458459,212.075531,59610400
2017-07-13,212.084224,212.544860,211.858243,212.431870,39471600
2017-07-14,212.431865,213.779013,212.336260,213.422668,60262700
2017-07-17,213.344415,213.726833,213.222738,213.396561,33531900
2017-07-18,212.988101,213.561728,212.649143,213.509583,42742500
2017-07-19,213.822413,214.674153,213.813713,214.665466,51034300
2017-07-20,214.917545,215.039222,214.213555,214.761108,47135200
2017-07-21,214.187498,214.595989,213.961517,214.569916,82340800
2017-07-24,214.491721,214.656857,214.048471,214.517807,46622300
2017-07-25,215.265198,215.369503,214.813262,215.039230,54915600
2017-07-26,215.326070,215.360829,214.787216,215.047943,47575400
2017-07-27,215.508567,215.543326,213.526947,214.848022,70766600
2017-07-28,214.369996,214.726341,213.918060,214.595978,50088400
2017-07-31,214.995757,215.091361,214.265694,214.474289,65838700
2017-08-01,215.074024,215.108783,214.430866,214.952347,55050400
2017-08-02,215.082698,215.195689,214.126654,215.056625,47211200
2017-08-03,214.943636,214.969709,214.361323,214.639450,40856000
2017-08-04,215.126122,215.360777,214.648100,215.030518,60191800
2017-08-07,215.100085,215.430344,214.995780,215.430344,31995000
2017-08-08,215.117474,216.334259,214.526474,214.900192,61719400
2017-08-09,214.213547,214.943610,213.857202,214.891464,62632600
2017-08-10,214.057150,214.187527,211.806116,211.858261,120479500
2017-08-11,212.084223,212.762140,211.849555,212.171127,74869900
2017-08-14,213.448731,214.491680,213.413972,214.274399,73291900
2017-08-15,214.656797,214.674183,213.944120,214.248306,55242700
2017-08-16,214.769790,215.169594,214.196163,214.622040,56715500
2017-08-17,214.013696,214.326582,211.275940,211.275940,128490400
2017-08-18,211.110771,212.231951,210.502385,210.945648,136748000
2017-08-21,210.884811,211.371519,210.180821,211.110779,65469700
2017-08-22,211.693158,213.474857,211.675772,213.318420,63140100
2017-08-23,212.353632,212.979404,212.205883,212.553528,50203800
2017-08-24,212.935949,213.092385,211.849541,212.058136,50741700
2017-08-25,212.849028,213.466113,212.405778,212.553528,64445900
2017-08-28,213.083678,213.109751,212.145020,212.562210,40565600
2017-08-29,211.249844,213.066315,211.136854,212.805588,51135700
2017-08-30,212.788189,214.083192,212.605666,213.813751,62030800
2017-08-31,214.430882,215.343467,213.848569,215.100113,103803900
2017-09-01,215.473783,215.830128,215.256501,215.404251,62007000
2017-09-05,214.900142,215.126123,212.892462,213.857193,91398800
2017-09-06,214.535150,214.917568,214.004982,214.587296,57916900
2017-09-07,214.891475,214.908861,214.152713,214.561203,58034700
2017-09-08,214.274386,214.769794,214.065804,214.309158,63832800
2017-09-11,215.578112,216.673219,215.560739,216.595001,71364800
2017-09-12,216.960057,217.359848,216.777535,217.325089,56896000
2017-09-13,217.038171,217.464048,216.925181,217.429276,59228000
2017-09-14,217.107777,217.559726,216.933954,217.359818,95446300
2017-09-15,217.215715,217.739771,217.110907,217.652435,95432400
2017-09-18,218.019247,218.464696,217.731010,218.115326,46235200
2017-09-19,218.359881,218.421028,218.010511,218.333679,47108100
2017-09-20,218.421035,218.525844,217.416572,218.412292,59574100
2017-09-21,218.255139,218.342475,217.652463,217.827148,48211400
2017-09-22,217.530132,218.036729,217.503930,217.870773,51214000
2017-09-25,217.617466,217.966850,216.682893,217.425308,57064400
2017-09-26,217.853332,218.097894,217.320534,217.556366,54082000
2017-09-27,218.255127,218.787926,217.372944,218.403610,81001400
2017-09-28,218.124108,218.744256,218.036772,218.665649,44778800
2017-09-29,218.656859,219.512839,218.473444,219.434219,85578000
2017-10-02,219.661320,220.386276,219.486621,220.386276,59023000
2017-10-03,220.386274,220.884128,220.307654,220.857925,66810200
2017-10-04,220.709401,221.364481,220.595850,221.119919,55953600
2017-10-05,221.451884,222.447604,221.154918,222.430145,63522800
2017-10-06,221.984646,222.465040,221.722625,222.176804,80646000
2017-10-09,222.403943,222.465077,221.547963,221.809998,35803100
2017-10-10,222.377743,222.770789,221.836202,222.395203,43057400
2017-10-11,222.299029,222.744492,222.133087,222.744492,47674300
2017-10-12,222.430116,222.779486,222.176811,222.412643,47065100
2017-10-13,222.849366,222.962918,222.412647,222.683411,54800400
2017-10-16,222.910483,223.172504,222.569842,222.980347,38221700
2017-10-17,222.927958,223.181263,222.709598,223.137589,31561000
2017-10-18,223.513200,223.556875,223.163830,223.355988,40888300
2017-10-19,222.578589,223.452029,222.159342,223.417084,61903800
2017-10-20,224.211951,224.596267,223.399645,224.570038,89176400
2017-10-23,224.893244,224.919446,223.618003,223.696609,63915300
2017-10-24,224.124606,224.325480,223.731547,224.089661,66935900
2017-10-25,223.757707,223.871259,221.853616,222.980347,103715300
2017-10-26,223.591782,223.862533,223.146319,223.268600,69798000
2017-10-27,224.011075,225.251371,223.277389,225.094131,85562500
2017-10-30,224.011084,224.998075,223.958679,224.255646,54285700
2017-10-31,224.631137,224.858240,224.307968,224.604935,60304800
2017-11-01,225.382355,225.722982,224.535117,224.901947,54202700
2017-11-02,224.832076,225.129042,223.766478,224.989288,56449500
2017-11-03,225.146519,225.784140,224.736002,225.740479,59589700
2017-11-06,225.609451,226.220870,225.539588,226.089859,49652600
2017-11-07,226.194669,226.526580,225.426038,225.932648,57502200
2017-11-08,225.757892,226.412971,225.478385,226.316879,50469600
2017-11-09,225.111580,225.688053,223.914945,225.495895,95085500
2017-11-10,225.111615,225.600739,224.797163,225.426041,59984700
2017-11-13,224.744752,225.862753,224.709807,225.635651,50228600
2017-11-14,224.832111,225.216427,224.054737,225.111618,61315200
2017-11-15,224.142061,224.666130,223.277364,223.984848,80811500
2017-11-16,224.928097,226.255742,224.884436,225.888885,67777000
2017-11-17,225.539641,225.862810,225.146583,225.225189,75756800
2017-11-20,225.469709,225.801594,225.225120,225.609436,48075500
2017-11-21,226.378087,227.269013,225.574538,227.085571,69176800
2017-11-22,227.094199,227.225210,226.718627,226.884583,45033400
2017-11-24,227.373773,227.513527,227.234020,227.408691,27856500
2017-11-27,227.452440,227.749406,227.094326,227.295227,52274900
2017-11-28,227.758129,229.627276,227.662037,229.601074,98971700
2017-11-29,229.732053,230.264865,229.015852,229.461288,77512100
2017-11-30,230.378491,232.378649,230.299885,231.470291,127894400
2017-12-01,231.251855,231.732236,227.758097,230.989807,164390900
2017-12-04,232.605753,233.033730,230.657973,230.710403,94040600
2017-12-05,229.880615,231.592550,229.749605,229.880615,77994500
2017-12-06,229.976629,230.352228,229.461303,229.924225,75898600
2017-12-07,230.649185,230.963611,229.662194,230.649185,77218600
2017-12-08,231.601258,231.915683,230.614267,231.906967,76563900
2017-12-11,232.605759,232.666906,231.880815,232.605759,83077500
2017-12-12,233.391823,233.487916,232.640678,233.016251,85195800
2017-12-13,233.260770,233.697489,232.902656,232.990005,102905400
2017-12-14,233.286976,233.400527,231.985560,232.037964,100666700
2017-12-15,233.039608,234.435472,232.986936,233.970184,144610300
2017-12-18,235.366062,235.805014,235.260717,235.453857,83653600
2017-12-19,235.699735,235.743619,234.479435,234.549683,82382900
2017-12-20,235.515289,235.567961,234.128213,234.426697,76751500
2017-12-21,235.050060,235.620719,234.663780,234.909592,67032300
2017-12-22,234.927168,234.962292,234.312624,234.848160,78720900
2017-12-26,234.444296,234.786691,234.303854,234.567215,45244400
2017-12-27,234.734008,235.041279,234.409187,234.681335,57751000
2017-12-28,235.181775,235.208111,234.795495,235.164200,45116100
2017-12-29,235.743562,235.761110,234.084337,234.277451,96007400
2018-01-02,235.137886,235.989454,234.751606,235.954330,86655700
2018-01-03,236.121042,237.595941,236.121042,237.446686,90070400
2018-01-04,238.087593,238.930373,237.508173,238.447510,80636400
2018-01-05,239.237694,240.159483,238.746070,240.036591,83524000
2018-01-08,239.939989,240.633541,239.650293,240.475525,57319200
2018-01-09,240.896841,241.643064,240.615905,241.019760,57254000
2018-01-10,240.264828,240.914495,239.597639,240.651108,69574300
2018-01-11,241.204166,242.406891,241.037363,242.406891,62361500
2018-01-12,242.670265,244.153899,242.371754,243.987122,90816100
2018-01-16,245.242569,245.892210,242.459601,243.153152,106555100
2018-01-17,244.083718,245.857075,243.153141,245.470795,113258800
2018-01-18,245.356681,245.778058,244.566546,245.058197,100728000
2018-01-19,245.637560,246.173096,245.058167,246.173096,140920100
2018-01-22,245.962541,248.174850,245.909842,248.174850,91322400
2018-01-23,248.218598,248.991158,247.893778,248.701462,97084700
2018-01-24,249.342279,249.939274,247.428455,248.604843,134816100
2018-01-25,249.465247,249.561804,247.920127,248.710236,84587300
2018-01-26,249.544293,251.633709,249.289693,251.589798,107743100
2018-01-29,251.019102,251.458055,249.763706,249.921722,90118300
2018-01-30,248.095651,249.974352,246.884140,247.358215,131796400
2018-01-31,248.209831,248.710216,246.410111,247.481155,108364800
2018-02-01,246.752452,248.499472,246.410057,247.200165,90102500
2018-02-02,245.883338,246.015045,241.783541,241.818665,173174800
2018-02-05,240.062879,242.169844,231.160919,231.705215,294681800
2018-02-06,228.202355,236.770706,227.113762,236.270294,355026800
2018-02-07,235.717327,239.106025,234.909643,234.988678,167376100
2018-02-08,235.287103,235.427571,226.139330,226.174454,246449500
2018-02-09,228.957417,231.424326,222.039540,229.571960,283565300
2018-02-12,231.617411,234.409166,229.712374,232.943054,143736000
2018-02-13,231.740332,234.066772,231.160912,233.522476,81223600
2018-02-14,232.038891,237.034169,232.030103,236.674225,120735700
2018-02-15,238.412466,239.702986,235.954318,239.694199,111200300
2018-02-16,239.070834,241.704546,239.026922,239.764359,160420100
2018-02-20,238.816268,240.256043,237.473075,238.263184,86369700
2018-02-21,238.702116,241.177812,236.981431,237.077988,98883700
2018-02-22,237.999859,239.711756,236.718126,237.385315,110511300
2018-02-23,238.605572,241.169037,238.131496,241.169037,92766400
2018-02-26,242.240011,244.066066,241.651830,243.969482,86491400
2018-02-27,244.153852,244.864979,240.861712,240.923172,99099200
2018-02-28,242.020619,242.468359,238.166633,238.482666,121907800
2018-03-01,238.272001,239.817122,233.522536,235.014984,176855100
2018-03-02,233.346901,236.788297,232.486572,236.226425,139083200
2018-03-05,235.041311,239.571300,234.935940,238.956757,97307400
2018-03-06,239.931220,240.010255,238.070067,239.562515,79213200
2018-03-07,237.402830,239.825827,237.209690,239.474670,87063500
2018-03-08,240.150697,240.756453,239.158687,240.633560,66901200
2018-03-09,242.038165,244.821106,241.722106,244.821106,113625300
2018-03-12,245.110835,245.734139,244.127560,244.513840,71924800
2018-03-13,245.672696,246.173108,242.327884,242.933640,91968900
2018-03-14,243.890544,244.074897,241.133939,241.686996,105895100
2018-03-15,242.196190,242.837043,240.923218,241.423630,83433000
2018-03-16,241.949855,242.734332,241.632557,241.685440,100343700
2018-03-19,240.936158,241.861639,236.767032,238.415283,109208400
2018-03-20,238.811947,239.455394,238.142060,238.820770,59757300
2018-03-21,238.776726,240.865687,238.150925,238.362457,78709600
2018-03-22,236.141343,236.987499,232.130864,232.404129,148785900
2018-03-23,232.844815,233.170937,227.256587,227.450500,183534800
2018-03-26,231.046709,233.955386,228.649245,233.673325,141956100
2018-03-27,234.607622,235.136452,228.146797,229.698105,129941400
2018-03-28,229.830328,231.496225,227.917634,229.019409,146452300
2018-03-29,230.156458,233.805551,229.028241,231.945740,111601600
2018-04-02,231.416873,231.928112,224.471291,226.939270,186286300
2018-04-03,228.173268,230.323936,226.383986,229.847961,119956900
2018-04-04,226.304629,233.012224,226.172422,232.307098,123715300
2018-04-05,234.061151,235.021923,232.977022,234.140503,82652600
2018-04-06,232.183705,233.673280,227.406396,228.922440,179521200
2018-04-09,230.376826,233.435356,229.116402,230.050705,105442900
2018-04-10,232.932857,234.492988,231.795845,233.708511,103529000
2018-04-11,232.227749,234.140442,232.157247,232.483368,91140200
2018-04-12,233.805505,235.339168,233.629211,234.396042,68890500
2018-04-13,235.700529,235.815118,232.703707,233.708511,85079200
2018-04-16,235.339209,236.396924,234.519495,235.630066,63405300
2018-04-17,237.392935,238.750330,236.881723,238.150970,64682000
2018-04-18,238.591625,239.129278,237.868854,238.327209,57303900
2018-04-19,237.674973,237.877709,235.973838,237.005112,77655900
2018-04-20,236.934558,237.154913,234.114002,234.995422,99953100
2018-04-23,235.568357,236.123656,233.884841,234.960175,65558000
2018-04-24,235.982676,236.203031,230.297504,231.795929,112885500
2018-04-25,231.734257,232.809591,229.918533,232.368881,103840900
2018-04-26,233.391284,235.559571,232.950574,234.731033,67731900
2018-04-27,235.339182,235.638862,234.017052,234.951355,57053600
2018-04-30,235.568360,236.123659,233.073926,233.144455,82182300
2018-05-01,232.580386,233.664543,231.029078,233.558777,74203400
2018-05-02,233.364836,234.175727,231.601995,231.989822,86368900
2018-05-03,231.161233,232.130773,228.331855,231.478531,136311500
2018-05-04,230.509012,235.154114,230.182891,234.475403,91222100
2018-05-07,235.242266,236.238248,234.554732,235.268707,55304900
2018-05-08,234.898499,235.630066,233.708576,235.268707,67499200
2018-05-09,235.938594,237.868907,235.418559,237.542786,59666100
2018-05-10,238.283091,240.090018,238.177325,239.763870,72063900
2018-05-11,239.887332,240.759929,239.376093,240.495514,59871500
2018-05-14,240.927421,241.579663,240.063620,240.610123,54790600
2018-05-15,239.384875,239.402494,238.009862,238.952988,87036100
2018-05-16,238.988314,240.416211,238.961846,239.957855,53942600
2018-05-17,239.693452,240.830491,238.979503,239.755157,56536400
2018-05-18,239.411396,239.772782,238.803214,239.155777,64368000
2018-05-21,240.636605,241.491584,240.248778,240.953903,58025900
2018-05-22,241.473873,241.729493,239.957830,240.283951,52966400
2018-05-23,239.014737,240.971491,238.856061,240.945023,64694200
2018-05-24,240.548325,240.821563,238.670896,240.451355,76043800
2018-05-25,239.878494,240.504295,239.376078,239.878494,56374800
2018-05-29,238.256730,239.014765,236.009119,237.119690,115908600
2018-05-30,238.424167,240.724661,238.353665,240.283951,69678400
2018-05-31,239.878477,240.178156,238.212607,238.811966,93519900
2018-06-01,240.107709,241.456281,240.037180,241.156601,71258400
2018-06-04,241.976308,242.558049,241.738334,242.302429,45385200
2018-06-05,242.434581,242.857672,241.667750,242.478668,51135000
2018-06-06,243.086968,244.611809,242.469963,244.506042,62732200
2018-06-07,244.990807,245.281664,243.571707,244.479568,72969400
2018-06-08,244.021140,245.255123,243.853668,245.202240,72139700
2018-06-11,245.422676,246.242391,245.308087,245.528442,58892500
2018-06-12,245.942662,246.207077,245.202272,245.845718,72329000
2018-06-13,246.083684,246.339303,244.858497,245.061234,79070600
2018-06-14,245.925050,246.207084,245.087690,245.678253,77097600
2018-06-15,244.895634,245.701331,243.788911,245.364883,120041600
2018-06-18,243.912807,244.984134,243.434723,244.860168,52917600
2018-06-19,242.593625,244.143036,242.177496,243.921692,97531500
2018-06-20,244.603356,245.001787,244.001305,244.337753,53785500
2018-06-21,244.328912,244.346637,242.310251,242.806061,71061400
2018-06-22,244.063324,244.178427,243.027420,243.248764,54898500
2018-06-25,242.097825,242.257187,238.255287,239.937500,137854200
2018-06-26,240.504096,241.318629,239.751520,240.468674,68547400
2018-06-27,241.053062,242.478508,238.326082,238.476608,105110700
2018-06-28,238.423478,240.601500,237.715159,239.840088,76650500
2018-06-29,240.929048,242.292537,240.070230,240.185333,97592500
2018-07-02,238.618296,240.858302,238.379227,240.698914,63554800
2018-07-03,241.593165,241.690570,239.424004,239.848969,42187100
2018-07-05,240.973357,241.867571,239.902030,241.805588,56925900
2018-07-06,241.832245,244.222750,241.451512,243.850906,66493700
2018-07-09,244.851365,246.099751,244.807107,246.046631,50550400
2018-07-10,246.498165,247.029397,246.205975,246.931992,51966800
2018-07-11,245.382530,246.170530,244.824738,245.125763,77054700
2018-07-12,246.383025,247.401204,245.780974,247.348083,60124700
2018-07-13,247.171110,247.843979,246.719558,247.542953,48216000
2018-07-16,247.587178,247.728815,246.878859,247.321548,48201000
2018-07-17,246.551265,248.711590,246.498145,248.322021,52315500
2018-07-18,248.401641,248.950571,247.958952,248.844330,44593500
2018-07-19,248.180349,248.561055,247.427772,247.905884,61412100
2018-07-20,247.702194,248.330831,247.463151,247.622513,82337700
2018-07-23,247.418928,248.286582,247.073618,248.082962,47047600
2018-07-24,249.490748,250.172480,248.463706,249.331360,68026900
2018-07-25,249.083449,251.775007,249.039191,251.456284,78882900
2018-07-26,250.739022,251.544692,250.641616,250.862961,57919500
2018-07-27,251.190597,251.288003,248.242300,249.163101,76768700
2018-07-30,249.242806,249.402167,247.339221,247.861618,63742500
2018-07-31,248.623002,249.694302,248.242296,249.083389,68570500
2018-08-01,249.287042,249.791714,248.020958,248.667267,53853300
2018-08-02,247.365898,250.190231,247.162252,250.022034,63426400
2018-08-03,250.145870,251.146352,249.968784,251.093231,53935400
2018-08-06,251.128584,252.323822,250.739016,252.013962,39400900
2018-08-07,252.678086,253.227016,252.545258,252.846283,43196600
2018-08-08,252.678126,253.138513,252.279695,252.740082,42114600
2018-08-09,252.801996,253.191564,252.261928,252.394730,35717000
2018-08-10,250.960411,251.500479,249.995325,250.703644,77076000
2018-08-13,250.978131,251.589044,249.472977,249.765167,65732900
2018-08-14,250.491142,251.597865,250.101574,251.358795,43842000
2018-08-15,250.013044,250.154707,248.047503,249.481812,102925400
2018-08-16,250.916120,252.368153,250.880698,251.500473,69967900
2018-08-17,251.296809,252.828523,250.889543,252.385834,65618500
2018-08-20,252.837436,253.191582,252.385885,252.925980,39807500
2018-08-21,253.439591,254.378090,252.961479,253.519272,67272000
2018-08-22,253.111900,253.891037,252.846271,253.368668,44993300
2018-08-23,253.191512,254.050329,252.713400,253.032150,49204900
2018-08-24,253.607617,254.696641,253.554496,254.554977,57487400
2018-08-27,255.750381,256.671182,255.591020,256.564941,57072400
2018-08-28,257.025294,257.131562,256.228459,256.688873,46943500
2018-08-29,256.901302,258.300187,256.662259,258.070007,61485500
2018-08-30,257.591924,257.963767,256.432080,257.025269,61229500
2018-08-31,256.618020,257.476838,256.131073,257.034149,66140800
2018-09-04,256.618052,256.945638,255.591010,256.591492,57594400
2018-09-05,256.237373,256.441020,254.891607,255.900925,72452400
2018-09-06,256.007055,256.308080,254.103497,255.130539,65909900
2018-09-07,254.085912,255.608764,253.846842,254.634842,73524800
2018-09-10,255.644127,255.909757,254.882715,255.077499,50210900
2018-09-11,254.431150,256.361268,254.085867,255.918579,50530500
2018-09-12,255.927379,256.582550,255.192527,255.980499,59810800
2018-09-13,257.042982,257.680456,256.759655,257.494507,51034200
2018-09-14,257.698180,257.884102,256.759681,257.538818,55079900
2018-09-17,257.485693,257.521089,255.900858,256.175323,68244000
2018-09-18,256.387861,258.158618,256.361301,257.565430,61930400
2018-09-19,257.618408,258.255881,257.494442,257.839752,49080600
2018-09-20,259.097060,260.248041,257.857509,259.929291,100360600
2018-09-21,260.670072,260.785696,259.531659,259.691742,105479700
2018-09-24,259.113712,259.256017,258.251006,258.829102,53409600
2018-09-25,259.282709,259.389431,258.348865,258.588989,44370000
2018-09-26,258.731344,259.914216,257.397264,257.815277,79739700
2018-09-27,258.286618,259.620697,258.010910,258.535645,59249500
2018-09-28,257.912964,259.060279,257.877408,258.562225,70091400
2018-10-01,259.798515,260.527818,258.793532,259.460571,62078900
2018-10-02,259.309418,260.020916,258.935891,259.309418,47258200
2018-10-03,260.358947,260.776959,259.096033,259.451782,64694600
2018-10-04,258.971381,259.024742,255.840753,257.423859,111545900
2018-10-05,257.646195,258.162027,254.560025,255.983047,105951700
2018-10-08,255.298203,256.338796,253.919666,255.983047,87742200
2018-10-09,255.600606,256.907978,255.049164,255.609482,74339000
2018-10-10,255.102669,255.173835,247.142678,247.516205,214731000
2018-10-11,246.431117,248.049807,240.454441,242.064255,274840500
2018-10-12,246.155347,246.439957,242.242054,245.426071,183186500
2018-10-15,245.070274,246.395477,243.958541,244.047485,102263700
2018-10-16,246.004209,249.757419,245.532835,249.383865,118255800
2018-10-17,249.419381,250.050838,246.857945,249.428284,110626000
2018-10-18,248.494483,249.090384,244.554509,245.826324,134557500
2018-10-19,246.475581,248.405534,244.999197,245.692917,139901600
2018-10-22,246.360004,246.680170,244.056496,244.590134,82415800
2018-10-23,240.979182,244.465560,238.897994,243.344925,146352700
2018-10-24,243.095951,243.478408,235.420570,235.971985,177806700
2018-10-25,237.804087,241.744062,236.781299,240.205414,138061500
2018-10-26,236.505566,241.023636,233.277090,235.980804,201574600
2018-10-29,239.066970,240.356591,231.106981,234.673401,160749100
2018-10-30,234.504433,238.462185,234.015254,238.150894,157116000
2018-10-31,240.712373,243.007005,240.241000,240.694595,128296300
2018-11-01,241.557342,243.451739,240.472289,243.256073,99495000
2018-11-02,244.358770,244.785685,239.769536,241.815140,122634100
2018-11-05,242.304349,243.700692,241.334922,243.149277,65622500
2018-11-06,243.086982,244.847949,243.024719,244.687866,60085900
2018-11-07,246.857969,250.006403,246.431054,249.926361,102752100
2018-11-08,249.125935,250.113168,248.334396,249.472809,65584900
2018-11-09,248.165338,248.352101,245.630583,247.035828,98812600
2018-11-12,246.528896,246.769020,241.904078,242.419937,99673600
2018-11-13,242.882436,244.874652,241.245969,241.966370,98176600
2018-11-14,243.834080,244.234287,238.755693,240.312119,125335900
2018-11-15,239.049157,243.282643,237.474953,242.820145,135101400
2018-11-16,241.726204,244.358778,241.210345,243.451614,126668000
2018-11-19,242.846860,243.140373,238.417735,239.333801,103061700
2018-11-20,236.007447,237.466053,234.041912,234.904617,136021300
2018-11-21,236.452190,237.599505,235.696233,235.705109,75563700
2018-11-23,234.068642,235.527248,233.970822,234.130905,42807900
2018-11-26,236.380961,238.133052,235.989629,237.910706,79981400
2018-11-27,236.879109,238.711243,236.274333,238.711243,75502400
2018-11-28,239.778456,244.207581,238.648918,244.207581,127629600
2018-11-29,243.433860,245.070327,242.295447,243.674011,82346400
2018-11-30,243.522774,245.719558,243.202608,245.159241,98204200
2018-12-03,249.277126,249.383848,246.813536,248.405518,103176300
2018-12-04,247.578425,248.005340,240.045323,240.356613,177986000
2018-12-06,236.505490,240.107492,233.410417,239.991867,204185400
2018-12-07,239.653951,241.219279,233.579457,234.415482,161018900
2018-12-10,234.237603,235.829611,230.013019,234.860184,151445900
2018-12-11,238.053060,238.239823,233.446047,234.913528,121504400
2018-12-12,237.884110,239.244870,236.016394,236.096436,97976700
2018-12-13,237.039146,237.901851,234.904625,236.016357,96662700
2018-12-14,233.872964,234.824614,231.106986,231.658401,116961100
2018-12-17,230.706715,231.818447,225.486024,227.113602,165492300
2018-12-18,228.750117,229.417156,225.263711,226.864609,134515100
2018-12-19,226.944620,230.706719,221.768400,223.467117,214992800
2018-12-20,222.221979,223.787294,217.588272,219.829529,252053400
2018-12-21,220.728617,223.385520,214.681249,215.325348,255345600
2018-12-24,213.840325,215.450571,209.573190,209.635803,147311600
2018-12-26,211.093965,220.227615,209.116938,220.227615,218485400
2018-12-27,216.998222,222.115206,213.768789,221.918411,186267300
2018-12-28,223.269208,224.897336,220.469169,221.632126,153100200
2018-12-31,223.251330,223.814920,221.381662,223.573380,144299400
2019-01-02,220.048737,224.727399,220.021900,223.805969,126925200
2019-01-03,222.061502,222.365669,217.982221,218.465302,144140700
2019-01-04,221.489004,226.427088,221.113282,225.782990,142628800
2019-01-07,226.051360,228.967685,225.156780,227.563202,103139100
2019-01-08,229.745978,230.184314,227.223257,229.701233,102512600
2019-01-09,230.407984,231.615672,229.182414,230.774765,95006600
2019-01-10,229.245042,231.839318,228.565152,231.588837,96823900
2019-01-11,230.515283,231.705089,229.933812,231.678253,73858100
2019-01-14,229.781736,231.069933,229.379191,230.264816,70908200
2019-01-15,230.640538,233.216932,230.631584,232.903824,85208300
2019-01-16,233.333305,234.353140,233.127569,233.467514,77636700
2019-01-17,232.599729,236.097540,232.554984,235.238724,96118400
2019-01-18,237.045760,238.834919,235.274482,238.369720,127900300
2019-01-22,236.902627,237.117317,233.538998,235.149231,115531200
2019-01-23,236.178034,236.875806,233.181187,235.641281,86030300
2019-01-24,235.462387,236.348039,234.451507,235.766541,59204100
2019-01-25,237.609308,238.584424,235.864894,237.761398,96883400
2019-01-28,235.623371,236.016961,234.192038,235.954361,85613700
2019-01-29,236.097526,236.661088,234.809328,235.641281,66136300
2019-01-30,237.153103,240.212550,236.392704,239.371643,92473700
2019-01-31,239.309055,241.957003,239.094337,241.473923,104012100
2019-02-01,241.670734,242.610059,240.802991,241.590225,85782500
2019-02-04,241.634924,243.352529,240.963989,243.289902,60744800
2019-02-05,243.719251,244.613831,243.218289,244.309677,79552800
2019-02-06,244.032355,244.524363,243.254075,243.987610,58347800
2019-02-07,242.377411,242.923092,240.006781,241.661758,95482000
2019-02-08,240.418277,242.055346,239.595252,241.956955,75788900
2019-02-11,242.610073,242.869482,241.563403,242.091202,68021400
2019-02-12,243.701443,245.580039,243.629861,245.204330,72270200
2019-02-13,246.036310,246.841426,245.615856,246.000519,65277200
2019-02-14,244.918020,246.581952,244.103949,245.454773,83234400
2019-02-15,247.226089,248.165414,247.020353,248.129623,97088700
2019-02-19,247.333390,249.211986,247.324436,248.558960,59120800
2019-02-20,248.523183,249.516181,248.022221,249.059937,76610800
2019-02-21,248.424813,248.782639,247.217125,248.174332,64214700
2019-02-22,248.791524,249.909748,248.156380,249.712967,78114600
2019-02-25,251.135440,251.654284,249.972470,250.052979,69030700
2019-02-26,249.704036,250.750679,249.498273,249.874008,56844100
2019-02-27,249.158312,250.115519,248.227969,249.766647,56921600
2019-02-28,249.551888,249.990251,248.979371,249.301407,69268300
2019-03-01,250.875853,251.269470,249.426639,250.857971,78880500
2019-03-04,251.913766,252.155293,247.655556,249.945679,106494600
2019-03-05,250.070881,250.267690,249.060002,249.605682,59114600
2019-03-06,249.721907,249.730861,247.771730,248.093765,75039800
2019-03-07,247.646578,247.789714,245.177556,246.018463,94885100
2019-03-08,244.166601,245.696324,243.701429,245.526352,85795800
2019-03-11,246.241975,249.247749,246.215138,249.086731,65098900
2019-03-12,249.641460,250.544995,249.453606,250.026123,79667500
2019-03-13,250.911766,252.611462,250.750721,251.681091,80639200
2019-03-14,251.707950,252.128404,251.081760,251.520096,67518400
2019-03-15,252.070814,253.571327,251.882105,252.762665,81309000
2019-03-18,252.978263,253.975635,252.753633,253.679108,62199800
2019-03-19,254.739422,255.503142,252.852524,253.742050,90268100
2019-03-20,253.526398,254.730412,251.873125,252.978287,84609200
2019-03-21,252.160688,256.239950,252.115746,255.835632,79550400
2019-03-22,254.478869,254.999999,250.848840,250.911743,122659300
2019-03-25,250.570292,251.756346,249.465130,250.723053,85575200
2019-03-26,252.475229,253.544470,251.190351,252.592041,68125900
2019-03-27,252.582934,253.166994,249.725647,251.271103,72224700
2019-03-28,251.900118,252.672832,250.750013,252.223572,56238500
2019-03-29,253.733071,254.137388,252.609921,253.813934,82186800
2019-04-01,255.808700,257.120532,255.539128,256.824005,77617900
2019-04-02,257.012702,257.183423,256.159096,256.949799,40070400
2019-04-03,258.162789,258.558140,256.752105,257.354126,68243200
2019-04-04,257.677615,258.288602,256.985765,258.037018,48997500
2019-04-05,258.701856,259.339798,258.414323,259.285889,58621700
2019-04-08,258.863783,259.591583,258.207853,259.483765,53566300
2019-04-09,258.522205,258.845659,257.605724,258.153809,66142300
2019-04-10,258.567145,259.124251,258.153834,259.034393,52601500
2019-04-11,259.519541,259.528535,258.396391,258.962463,55093100
2019-04-12,260.570864,260.993169,259.007447,260.714630,69727800
2019-04-15,260.786475,260.885326,259.744188,260.543884,49596700
2019-04-16,261.424469,261.478378,260.121603,260.714630,52153200
2019-04-17,261.828789,261.855743,259.663352,260.076691,58268300
2019-04-18,260.660703,260.858379,259.366832,260.588806,68708500
2019-04-22,259.825096,260.966207,259.735238,260.813446,40160100
2019-04-23,261.181844,263.392224,260.948248,263.158600,52246600
2019-04-24,263.077662,263.410110,262.430727,262.574493,50392900
2019-04-25,262.475745,263.068771,261.226816,262.412842,57770900
2019-04-26,262.457707,263.706635,261.684965,263.634766,50916400
2019-04-29,263.724672,264.569283,263.634815,264.048126,57197700
2019-04-30,263.706616,264.470364,262.295961,264.182831,81111700
2019-05-01,264.811871,265.018541,262.188180,262.197174,71671900
2019-05-02,262.080333,262.996841,260.139526,261.631073,65030200
2019-05-03,263.104602,264.470342,261.738834,264.191803,56543700
2019-05-06,259.897012,263.545003,259.582524,263.104736,107198100
2019-05-07,260.705684,261.298711,256.806109,258.710968,144729900
2019-05-08,258.351471,260.058654,257.758444,258.351471,91568300
2019-05-09,256.284856,258.171726,254.550691,257.569733,103471100
2019-05-10,256.635247,259.618340,253.652155,258.863586,112429300
2019-05-13,253.760069,254.721465,251.522736,252.358353,127290500
2019-05-14,253.373693,256.168105,253.247914,254.640610,77003200
2019-05-15,253.014305,256.770113,252.807636,256.132172,73956400
2019-05-16,256.832980,259.860989,256.761111,258.504242,76749600
2019-05-17,256.204030,259.312901,256.186042,256.832977,100353000
2019-05-20,255.233620,256.940803,254.389009,255.134796,62877600
2019-05-21,256.824074,257.812452,256.572490,257.435089,46847100
2019-05-22,256.482652,257.596808,256.168164,256.644379,49482500
2019-05-23,254.424934,254.469849,252.097770,253.508453,98733800
2019-05-24,254.946052,255.359391,253.463500,254.083481,55268100
2019-05-28,254.362034,255.314463,251.702422,251.720383,70029400
2019-05-29,250.606240,251.010557,248.629485,250.031174,104972900
2019-05-30,250.785935,251.621580,249.617870,250.714066,62523800
2019-05-31,248.171200,248.997823,247.308602,247.335556,86862800
2019-06-03,247.371561,248.485717,245.376845,246.706665,96428000
2019-06-04,248.997932,252.196662,248.548672,252.061890,77231900
2019-06-05,253.679198,254.272224,251.873191,254.245270,71169700
2019-06-06,254.541782,256.572419,253.894847,255.898529,69430400
2019-06-07,256.913834,259.537525,256.743113,258.459290,74272200
2019-06-10,260.004697,261.307561,259.555437,259.645294,60799100
2019-06-11,261.460393,261.828790,258.935553,259.582489,58641300
2019-06-12,259.348928,259.906006,258.612135,259.124298,47096300
2019-06-13,260.031693,260.552850,259.330849,260.193420,48945200
2019-06-14,259.905884,260.507877,259.142136,259.905884,52324700
2019-06-17,260.139594,260.768570,259.834101,260.004822,39205700
2019-06-18,261.819747,263.778514,261.460317,262.727234,85434800
2019-06-19,262.862089,263.850467,261.891699,263.320343,78674400
2019-06-20,265.997875,266.240466,263.383178,265.836121,116570000
2019-06-21,265.567087,266.822090,265.233022,265.449707,83309500
2019-06-24,265.657427,265.973417,264.971222,265.124725,47582700
2019-06-25,265.178821,265.205907,262.415980,262.524323,82028700
2019-06-26,263.418272,263.923888,262.154231,262.262573,51584900
2019-06-27,263.020923,263.698091,262.641725,263.192474,40355200
2019-06-28,264.167771,265.043576,263.653144,264.546997,59350900
2019-07-01,267.869516,268.086229,265.747718,266.948578,78705600
2019-07-02,266.903331,267.697878,266.063650,267.643707,61504500
2019-07-03,268.320922,269.801675,268.176456,269.783600,40898900
2019-07-05,268.555685,269.639165,267.264559,269.476624,51677300
2019-07-08,268.167493,269.296106,267.454201,267.995941,45841800
2019-07-09,266.840071,268.627776,266.785900,268.329834,41101300
2019-07-10,269.395406,270.560143,268.862704,269.612091,58448500
2019-07-11,270.253087,270.487819,269.241854,270.244049,50826100
2019-07-12,270.731648,271.526196,270.424668,271.453949,40326000
2019-07-15,271.887384,271.887384,271.038665,271.544281,33900000
2019-07-16,271.453998,271.661673,270.361508,270.668488,36650100
2019-07-17,270.641418,270.803931,268.826599,268.826599,36036300
2019-07-18,268.330004,270.189956,267.887597,269.810730,51392600
2019-07-19,270.903149,270.930235,268.140308,268.311859,58678600
2019-07-22,268.709132,269.512717,268.194505,268.970978,43638100
2019-07-23,270.090577,270.894135,269.259906,270.894135,44564500
2019-07-24,270.135764,272.167267,270.045469,272.167267,47213200
2019-07-25,271.715754,271.769925,270.063449,270.867035,55394100
2019-07-26,271.553272,272.880522,271.426854,272.681885,45084100
2019-07-29,272.564437,272.681817,271.634462,272.185211,38126500
2019-07-30,270.785842,271.923493,270.406616,271.517181,45849000
2019-07-31,271.760856,271.950483,266.533143,268.546570,104245200
2019-08-01,268.700085,271.652525,265.413552,266.208099,142646600
2019-08-02,265.314239,265.558009,262.650702,264.203674,116749700
2019-08-05,260.113694,260.222036,254.362286,256.258362,178745400
2019-08-06,258.145358,260.068519,256.673643,259.851807,120711700
2019-08-07,256.781955,260.772742,254.651148,260.005280,140572300
2019-08-08,261.495098,265.106659,260.944348,265.106659,87713900
2019-08-09,264.167517,264.763428,261.522057,263.300751,93730000
2019-08-12,261.802121,263.291885,259.147621,260.095673,65527600
2019-08-13,259.797604,265.585133,259.454501,264.140503,94299800
2019-08-14,260.095569,260.700490,256.204115,256.330505,135622100
2019-08-15,257.215335,257.901540,254.967147,257.007660,99556600
2019-08-16,258.659990,261.233205,257.061857,260.799835,83018300
2019-08-19,263.815504,264.619062,263.138337,263.941895,53571800
2019-08-20,263.436252,263.968954,261.793013,261.919403,51596400
2019-08-21,264.077287,264.420362,263.391082,264.050201,49524700
2019-08-22,264.754593,265.386600,262.199397,263.969055,51666400
2019-08-23,262.668844,264.330159,255.942301,257.188293,149161500
2019-08-26,259.373259,260.032379,257.847373,260.032379,72423800
2019-08-27,261.422814,261.793002,258.253661,259.012085,66668900
2019-08-28,258.352990,260.998451,257.549404,260.835938,59696700
2019-08-29,263.391161,264.691325,262.388938,264.167633,57899400
2019-08-30,265.648307,265.666355,263.120226,264.050201,62901200
2019-09-03,262.352811,263.264711,261.179037,262.506287,69101400
2019-09-04,264.673305,265.503949,263.923891,265.485901,46887300
2019-09-05,267.968737,269.810612,265.449666,268.898712,83258100
2019-09-06,269.214815,269.747517,268.537648,269.106445,49584300
2019-09-09,270.090632,270.180899,268.302899,269.241913,51260300
2019-09-10,268.483376,269.241828,267.228374,269.178619,57947100
2019-09-11,269.485660,271.174061,268.835578,271.092804,68821100
2019-09-12,271.995645,273.088135,271.237221,272.031769,72908700
2019-09-13,272.474315,272.826456,271.481130,271.851318,62104800
2019-09-16,270.722543,271.896317,270.370430,271.011475,58191200
2019-09-17,270.812912,271.788021,270.641360,271.697754,41475500
2019-09-18,271.309483,271.968602,269.277980,271.860260,73375800
2019-09-19,272.248566,273.241751,271.508190,271.842255,76560500
2019-09-20,272.444473,272.725687,269.768663,270.557800,89565000
2019-09-23,269.895661,271.210909,269.641685,270.494324,43476800
2019-09-24,271.582826,271.972855,267.410345,268.371826,94869400
2019-09-25,268.453414,270.403587,266.974902,269.959137,71854000
2019-09-26,269.968211,270.176817,267.990827,269.396759,56179700
2019-09-27,270.149552,270.258423,266.394340,267.945404,84746600
2019-09-30,268.462534,269.895677,268.417193,269.188171,51662400
2019-10-01,270.067975,270.721059,265.768521,265.986206,88242400
2019-10-02,264.408009,264.417088,259.999710,261.287720,122539500
2019-10-03,261.060874,263.455525,258.348774,263.428314,85278800
2019-10-04,264.081388,267.247018,264.026939,266.993042,65091200
2019-10-07,266.194831,267.818476,265.559878,265.841064,59610500
2019-10-08,263.990718,264.725435,261.677699,261.713989,95708100
2019-10-09,263.727527,265.133458,263.101654,264.199188,62359400
2019-10-10,264.117665,266.866055,263.954401,265.986206,55296300
2019-10-11,268.734634,270.975073,268.616739,268.743713,98720400
2019-10-14,268.426299,269.097542,268.099771,268.444458,40394800
2019-10-15,269.487455,271.845816,269.369533,271.102020,46754500
2019-10-16,270.639385,271.355970,270.231225,270.666595,48928200
2019-10-17,271.827632,272.335583,270.775439,271.464813,45736600
2019-10-18,270.929726,271.573731,269.424003,270.276642,64304000
2019-10-21,271.591884,272.308441,271.156485,272.108887,39048600
2019-10-22,272.644003,272.934269,271.129229,271.219940,48594700
2019-10-23,270.965951,272.063485,270.757317,272.009064,34352200
2019-10-24,272.943372,273.088505,271.628124,272.453552,35453100
2019-10-25,271.882129,274.113516,271.827708,273.569275,45205400
2019-10-28,274.784586,275.610014,274.757376,275.111115,42147000
2019-10-29,274.839127,275.954821,274.712126,275.029602,44284900
2019-10-30,275.229137,276.245039,273.922968,275.873169,49643900
2019-10-31,275.864184,275.864184,273.687245,275.138519,69053800
2019-11-01,276.580672,277.732628,276.417381,277.687286,71141500
2019-11-04,279.238286,279.374339,278.430989,278.802887,60606900
2019-11-05,279.002550,279.301895,278.204333,278.494598,42933200
2019-11-06,278.494544,278.830151,277.614695,278.558044,46487100
2019-11-07,279.891395,280.871007,279.065967,279.537628,54272300
2019-11-08,279.193020,280.281503,278.494594,280.227081,49032100
2019-11-11,278.848366,279.864269,278.712285,279.691925,35797300
2019-11-12,280.054729,281.179475,279.510488,280.281494,46484600
2019-11-13,279.292728,280.771240,279.065963,280.372131,53917700
2019-11-14,280.091079,280.862086,279.456126,280.780426,51219900
2019-11-15,282.113741,282.857537,281.424394,282.812195,62023600
2019-11-18,282.576332,283.256627,282.122802,283.020782,49228000
2019-11-19,283.619443,283.628522,282.295143,282.939148,67804700
2019-11-20,282.349542,282.866572,280.335868,281.886932,79406200
2019-11-21,281.995872,282.104715,280.635282,281.433472,54664700
2019-11-22,282.177309,282.313363,281.052564,282.059387,44850200
2019-11-25,282.984502,284.245300,282.984502,284.245300,48647200
2019-11-26,284.281659,285.070797,283.964183,284.889374,37569000
2019-11-27,285.370106,286.159271,285.152420,286.159271,44444600
2019-11-29,285.596772,285.841696,284.871135,285.097900,36592700
2019-12-02,285.351988,285.415489,282.249859,282.676178,75767800
2019-12-03,279.964078,280.862086,278.585356,280.780426,73941700
2019-12-04,281.823410,283.111419,281.478723,282.512756,49080000
2019-12-05,283.211285,283.229416,281.714614,283.020782,40709000
2019-12-06,284.925632,286.005035,284.916552,285.605927,48927000
2019-12-09,285.215929,285.887144,284.635397,284.707977,34838500
2019-12-10,284.653466,285.315602,283.737327,284.390411,52649800
2019-12-11,284.844018,285.451760,284.308856,285.197784,53429100
2019-12-12,285.206811,288.435942,284.970994,287.655884,96389600
2019-12-13,287.420059,289.052783,286.649053,287.828247,81503900
2019-12-16,289.551627,290.395186,287.764718,289.805603,82749700
2019-12-17,290.186525,290.485843,289.787417,289.869049,61097700
2019-12-18,290.259197,290.485961,289.832877,289.887299,48133000
2019-12-19,290.077729,291.148081,289.823753,291.075500,85310500
2019-12-20,292.105435,293.481837,291.130130,292.351562,147142100
2019-12-23,293.135506,293.190195,292.652402,292.798248,52990000
2019-12-24,293.026159,293.071724,292.506587,292.807404,20270000
2019-12-26,293.190221,294.375213,293.181125,294.366089,30911200
2019-12-27,295.095263,295.149952,293.764452,294.293121,42528800
2019-12-30,294.375127,294.511849,292.187459,292.670563,49729100
2019-12-31,292.169283,293.627720,291.822902,293.381592,57077300
2020-01-02,294.912966,296.143523,293.992323,296.125275,59151200
2020-01-03,292.743687,295.004266,292.688999,293.883087,77709700
2020-01-06,292.132782,295.086123,292.014280,295.004089,55653900
2020-01-07,294.438912,294.912919,293.727928,294.174591,40496400
2020-01-08,294.366059,296.954771,294.119959,295.742462,68296000
2020-01-09,297.301137,297.820709,296.717751,297.747772,48473300
2020-01-10,298.331238,298.486181,296.426166,296.891022,53029300
2020-01-13,297.510772,298.941836,297.082356,298.932739,47086800
2020-01-14,298.495302,299.543544,297.921040,298.477081,62832800
2020-01-15,298.385816,299.908038,298.303783,299.151489,72056600
2020-01-16,300.528021,301.640076,300.300141,301.640076,54050300
2020-01-17,302.350978,302.788489,301.576181,302.578857,95846000
2020-01-21,301.621787,302.788531,301.548878,301.986389,77742400
2020-01-22,302.843128,303.490326,301.867823,302.022766,48914900
2020-01-23,301.375649,302.779396,300.263594,302.369202,51963000
2020-01-24,303.025525,303.107559,298.394991,299.680237,87578400
2020-01-27,294.448080,296.353152,294.110822,294.876495,84062500
2020-01-28,296.298548,298.841695,294.967737,297.966644,63834000
2020-01-29,299.324742,299.552622,297.519924,297.720459,53888900
2020-01-30,295.660364,298.896274,294.912940,298.686615,75491800
2020-01-31,298.066819,298.221790,292.351603,293.263123,113845600
2020-02-03,294.739730,297.301096,294.621228,295.441589,69083000
2020-02-04,299.042154,300.810504,298.723117,299.944550,62573200
2020-02-05,302.870532,303.617985,301.412123,303.408325,65951100
2020-02-06,304.365478,304.620702,303.353677,304.429291,50359700
2020-02-07,303.371900,304.438362,302.259845,302.806763,64139400
2020-02-10,301.922566,305.131104,301.886098,305.067291,42070000
2020-02-11,306.416370,307.200264,305.067311,305.596008,54864500
2020-02-12,307.027029,307.774481,306.662427,307.564850,43992700
2020-02-13,306.142890,308.202933,305.869446,307.236725,54501900
2020-02-14,307.646848,307.847384,306.452761,307.728882,64582200
2020-02-18,306.735408,307.792774,305.550416,306.935944,57226200
2020-02-19,307.902148,309.077988,307.619580,308.403473,48814700
2020-02-20,307.856524,308.676914,304.155758,307.136444,74163400
2020-02-21,305.787364,306.097277,303.153060,303.973450,113788200
2020-02-24,294.548385,304.046401,292.816476,293.892090,161088400
2020-02-25,295.277541,295.888243,284.111430,284.986481,218913200
2020-02-26,286.381128,289.963392,283.209059,283.938263,194773800
2020-02-27,278.432689,283.992962,271.186127,271.186127,284353500
2020-02-28,263.155728,271.532595,260.275322,270.046814,384975800
2020-03-02,271.824181,281.805329,268.405983,281.741516,238703600
2020-03-03,282.115302,286.071293,271.240880,273.674622,300139100
2020-03-04,279.034286,285.396701,276.491140,285.177917,176613400
2020-03-05,277.995228,281.176422,273.464975,275.698181,186366800
2020-03-06,267.211887,272.343746,264.550266,271.140533,228667200
2020-03-09,250.941262,259.044682,249.254974,249.965958,309417300
2020-03-10,259.454879,262.991551,249.300540,262.900421,276444100
2020-03-11,255.863499,256.993775,246.912373,250.084442,255316300
2020-03-12,233.348946,243.065745,225.765098,226.157059,392220700
2020-03-13,239.811597,247.459257,226.530768,245.490372,329566100
2020-03-16,219.840208,234.169291,216.358211,218.627899,297240000
2020-03-17,223.358714,233.503944,216.093917,230.432114,262070500
2020-03-18,215.346466,226.394077,207.844665,218.764664,327597100
2020-03-19,218.080968,225.491623,211.672989,219.229477,289322000
2020-03-20,222.370747,224.149495,209.506931,209.781998,347158800
2020-03-23,209.222681,210.588822,200.118062,204.418228,326025200
2020-03-24,214.934841,223.810240,214.366381,222.939194,235494500
2020-03-25,224.516235,235.042020,219.821818,226.276642,299430300
2020-03-26,228.779734,240.955876,228.348799,239.488892,257632800
2020-03-27,232.218064,239.131329,230.182591,232.355591,224341200
2020-03-30,234.446060,240.616654,232.456433,239.901489,171369500
2020-03-31,238.902036,241.441781,234.922783,236.325607,194881100
2020-04-01,227.367710,236.243108,223.626841,225.689819,189554600
2020-04-02,224.809657,231.677075,224.259524,230.897736,177660400
2020-04-03,229.916614,232.263836,224.837109,227.560242,135561200
2020-04-06,236.408182,244.806801,227.541960,242.844666,188061200
2020-04-07,251.417460,252.169308,242.872167,243.092209,201427200
2020-04-08,245.686962,253.058679,243.202227,251.252426,153774500
2020-04-09,254.507332,257.826459,252.572730,255.075821,189999200
2020-04-13,254.103940,254.443181,248.850211,252.746948,114839100
2020-04-14,257.624683,261.218833,252.609354,260.201111,134143400
2020-04-15,254.498184,260.338701,252.563555,254.672394,121775000
2020-04-16,255.946849,256.753707,252.838643,255.901016,131798300
2020-04-17,261.659084,263.419477,258.926773,262.814362,146684800
2020-04-20,259.119258,262.951835,257.964009,258.184052,100109300
2020-04-21,253.728029,254.929139,249.409507,250.344742,126385700
2020-04-22,255.213357,257.643081,253.893048,255.901016,92951600
2020-04-23,257.175524,260.338770,255.580163,255.882721,104709700
2020-04-24,257.395601,260.118734,255.350949,259.449402,85063200
2020-04-27,261.420555,264.308718,260.962115,263.190125,77896600
2020-04-28,266.830222,267.178640,261.677364,261.979950,105270000
2020-04-29,267.297815,270.369366,266.270914,268.838165,118745600
2020-04-30,267.462857,268.939047,264.602198,266.335114,122901700
2020-05-01,261.594858,266.500169,258.119878,259.284332,125180000
2020-05-04,257.404637,260.301978,255.928475,259.999420,80873200
2020-05-05,262.814279,265.207321,260.127802,262.401672,79569900
2020-05-06,264.097967,264.483041,260.192051,260.622986,73632600
2020-05-07,263.832011,265.693274,263.263550,263.767822,75250400
2020-05-08,266.894409,268.599820,265.766638,268.132202,76452400
2020-05-11,266.206702,269.562483,265.784945,268.187164,79514200
2020-05-12,269.369973,269.782552,262.704243,262.841797,95870800
2020-05-13,262.282449,263.318527,255.772602,258.193176,144721100
2020-05-14,255.763538,261.411491,250.298916,261.283142,121977900
2020-05-15,258.899191,262.530025,257.954806,262.484192,111146300
2020-05-18,268.691475,272.083939,268.370589,270.479401,119703800
2020-05-19,269.883410,271.588792,267.682905,267.701233,95189300
2020-05-20,271.231270,273.110862,271.002050,272.248993,85861700
2020-05-21,272.120658,272.927517,269.278327,270.369415,78293900
2020-05-22,270.085193,271.057083,268.847400,270.882874,63958200
2020-05-26,276.833480,277.071878,270.901267,274.220367,88951400
2020-05-27,277.007672,278.337159,272.194054,278.300476,104817400
2020-05-28,279.327338,281.335307,277.117655,277.786987,90405200
2020-05-29,277.319309,279.611507,274.577849,279.024719,119090800
2020-06-01,278.382956,280.757671,277.869506,280.152527,55758300
2020-06-02,281.069344,282.518029,279.739886,282.472168,74267200
2020-06-03,284.452757,287.185069,284.177705,286.231506,92567600
2020-06-04,285.250272,286.983187,283.389009,285.479492,75794400
2020-06-05,290.861572,294.565743,290.797383,292.796173,150524700
2020-06-08,293.603078,296.527925,293.062123,296.335388,73641200
2020-06-09,293.676443,296.408753,292.814574,294.125732,77479200
2020-06-10,294.703388,295.592762,291.769363,292.484528,95000800
2020-06-11,285.571129,286.203777,275.072881,275.622986,209243600
2020-06-12,282.618881,283.389057,273.780179,278.923859,194678900
2020-06-15,273.248352,282.655543,272.074748,281.527771,135782700
2020-06-16,289.257087,289.403791,282.096262,286.946533,137627500
2020-06-17,287.964352,288.257760,285.021149,285.754669,83398900
2020-06-18,284.241818,286.341452,283.783379,285.864685,80828700
2020-06-19,289.323549,289.516933,282.287753,284.230896,135549600
2020-06-22,283.632343,286.450338,282.490419,286.054352,74649400
2020-06-23,288.697304,289.627436,286.965981,287.371185,68471200
2020-06-24,285.336059,285.953084,278.208192,280.040802,132813500
2020-06-25,279.469878,283.310103,277.453073,283.043030,89468000
2020-06-26,281.947082,282.158902,275.740130,276.320282,127961000
2020-06-29,277.572723,280.519632,275.288846,280.381500,79773300
2020-06-30,279.948633,285.667529,279.792093,283.973022,113394800
2020-07-01,285.087459,287.223987,284.627002,285.962311,72396500
2020-07-02,289.388097,290.732653,286.874019,287.537079,69344200
2020-07-06,291.349554,292.555949,290.603616,291.975769,61713800
2020-07-07,290.437885,292.408626,288.586838,288.964417,82910000
2020-07-08,289.728780,291.285127,287.969858,291.174622,54638600
2020-07-09,291.782501,292.021947,286.109665,289.517059,83354200
2020-07-10,289.452547,292.740218,288.025141,292.473145,57550400
2020-07-13,294.812319,297.188265,289.286833,289.940674,102997500
2020-07-14,288.522346,294.471471,287.325169,293.697906,93657000
2020-07-15,296.911981,297.492161,294.020296,296.396271,87196500
2020-07-16,294.499130,295.871283,293.854479,295.420044,54622500
2020-07-17,296.423839,297.059272,294.453069,296.276489,62774900
2020-07-20,296.009413,299.416806,295.263475,298.670868,56308800
2020-07-21,300.632424,301.074444,298.320920,299.306305,57292200
2020-07-22,298.947171,301.323145,298.836666,301.010010,57792900
2020-07-23,300.650813,301.350717,296.055461,297.418396,75738000
2020-07-24,295.567431,296.525162,294.001866,295.502960,73766600
2020-07-27,296.193648,297.832874,295.401647,297.657898,48293000
2020-07-28,296.930322,298.044648,295.475290,295.769989,57495000
2020-07-29,296.644881,299.969396,296.608036,299.407623,48454200
2020-07-30,296.442244,298.753748,294.360997,298.339325,61861700
2020-07-31,300.125876,300.798154,295.917292,300.696838,84986800
2020-08-03,302.354553,303.551730,301.811217,302.787384,53077900
2020-08-04,301.930857,303.956879,301.930857,303.956879,41917900
2020-08-05,305.255448,306.102701,304.988375,305.844818,42697700
2020-08-06,305.264729,308.009036,304.942403,307.889313,43679400
2020-08-07,306.922242,308.395711,306.019737,308.110229,57308300
2020-08-10,308.561453,309.215294,306.627528,309.031128,44282100
2020-08-11,310.209975,310.845408,305.752753,306.480255,69601100
2020-08-12,308.911376,311.526769,308.883750,310.753204,53774400
2020-08-13,309.988896,311.499208,309.270584,310.191498,41816100
2020-08-14,309.804667,310.734799,309.077137,310.200653,47260400
2020-08-17,311.213692,311.582052,310.209899,311.186066,35481000
2020-08-18,311.582046,312.281950,309.988855,311.858337,38733900
2020-08-19,312.235887,312.751597,309.998073,310.559845,68054200
2020-08-20,308.837743,312.005690,308.708830,311.526825,42207800
2020-08-21,311.195304,312.852938,310.854542,312.631927,55106600
2020-08-24,315.063087,315.873496,312.604263,315.799835,48588700
2020-08-25,316.361602,316.987817,315.201241,316.904938,38463400
2020-08-26,317.494356,320.349168,316.951020,320.082123,50790200
2020-08-27,320.947768,322.227824,319.124348,320.781982,58034100
2020-08-28,321.804207,322.982976,320.616220,322.854034,48588900
2020-08-31,322.642298,323.517150,321.454311,321.684540,66099200
2020-09-01,322.513327,324.815612,321.620039,324.714325,54908700
2020-09-02,326.620581,330.377898,325.478629,329.410950,69540000
2020-09-03,327.725717,328.195392,315.495978,318.074554,148011100
2020-09-04,318.756053,320.321590,308.386549,315.477600,139156300
2020-09-08,310.081018,315.542061,306.553929,306.857819,114465300
2020-09-09,310.854644,315.376337,309.988982,312.917511,91462300
2020-09-10,314.786819,315.440660,306.526220,307.483978,90569500
2020-09-11,309.261351,310.320397,304.822539,307.640533,84680200
2020-09-14,310.799278,313.460733,307.787899,311.692566,65605700
2020-09-15,314.142216,314.971033,311.701799,313.267365,52920900
2020-09-16,314.501462,315.928868,311.747909,312.024200,82096000
2020-09-17,307.180132,310.992731,306.655205,309.279816,91523300
2020-09-18,310.083231,310.194179,303.241194,305.719116,105877900
2020-09-21,301.142448,302.464620,297.471782,302.316681,99450800
2020-09-22,303.796058,305.950365,301.290370,305.395599,63612100
2020-09-23,305.950291,306.227688,297.813818,298.313110,93112200
2020-09-24,297.000279,302.159539,295.687334,299.108368,76681300
2020-09-25,298.257653,304.729858,297.388555,303.943970,71069400
2020-09-28,308.095354,309.704150,307.106025,308.992218,64584600
2020-09-29,308.788907,309.528576,306.616089,307.309540,51304000
2020-09-30,307.975198,312.783132,307.781040,309.639496,104081100
2020-10-01,312.228396,313.199215,309.750473,311.627411,88698700
2020-10-02,306.690101,311.599729,306.218545,308.668732,89431100
2020-10-05,310.721210,314.327146,310.674991,314.142242,45713100
2020-10-06,314.280973,316.370580,309.167934,309.676453,90128900
2020-10-07,312.625875,315.871231,312.598138,315.066833,56999600
2020-10-08,316.999290,317.923890,316.083916,317.859161,45242500
2020-10-09,319.505011,321.160054,318.885544,320.697754,59528600
2020-10-12,323.231162,327.327137,322.741125,325.857025,80388500
2020-10-13,325.718263,325.893939,322.768785,323.730377,73255500
2020-10-14,324.303639,325.394661,320.965844,321.696259,57727900
2020-10-15,317.794432,321.779458,317.258176,321.298676,60357700
2020-10-16,322.648559,324.303602,320.928816,321.104492,89501900
2020-10-19,322.361958,322.990680,315.325762,316.222626,68425600
2020-10-20,317.563244,320.725390,316.805093,317.489288,60051900
2020-10-21,317.443104,319.606695,316.583233,316.888367,63575000
2020-10-22,317.100911,319.208998,314.965086,318.626495,55399300
2020-10-23,319.847028,319.902502,317.258158,319.708344,49143900
2020-10-26,316.333598,317.119514,310.314439,313.800201,91473000
2020-10-27,314.142276,314.475119,312.505716,312.718384,65994100
2020-10-28,307.059828,312.746115,301.539962,302.029999,127094300
2020-10-29,302.261231,308.261881,300.578451,305.099762,90597700
2020-10-30,303.527863,304.831553,298.276139,301.919067,120287300
2020-11-02,305.303101,307.300213,302.566263,305.303101,86068300
2020-11-03,308.529920,312.746096,305.386284,310.693481,93294200
2020-11-04,315.159348,321.705536,313.985115,317.637299,126959700
2020-11-05,322.907492,325.635075,322.556139,323.832092,82039700
2020-11-06,323.545419,325.006303,321.437331,323.758087,74973000
2020-11-09,336.526912,336.906001,327.364116,327.826416,172304200
2020-11-10,326.837064,328.399642,324.081773,327.345612,85552000
2020-11-11,329.527592,330.600132,328.288631,329.777252,58649000
2020-11-12,328.769485,329.823543,324.775232,326.578186,67546200
2020-11-13,328.482852,331.839157,327.965078,331.099487,62892200
2020-11-16,333.762310,335.426580,332.477102,335.232422,74541100
2020-11-17,332.828428,334.631410,331.321325,333.429413,66111000
2020-11-18,333.697561,334.243072,329.379665,329.416656,70591300
2020-11-19,328.787936,331.173393,327.447254,330.803558,59940900
2020-11-20,330.544634,330.748047,328.464283,328.538239,70417300
2020-11-23,330.341208,331.765101,328.112918,330.507629,63230600
2020-11-24,333.050348,336.378915,332.199731,335.833405,62415900
2020-11-25,335.750207,335.777944,334.224621,335.315643,45330900
2020-11-27,336.406678,336.721039,335.241672,336.249512,28514100
2020-11-30,335.472766,335.740908,332.088753,334.760834,83872700
2020-12-01,338.006218,339.957112,337.414461,338.422272,74231400
2020-12-02,337.312752,339.291383,336.739504,339.134216,45927000
2020-12-03,339.032432,340.428587,337.941410,339.041687,62882000
2020-12-04,339.624293,341.963531,339.531827,341.963531,50749900
2020-12-07,341.196105,341.750871,339.994135,341.260834,48944300
2020-12-08,339.994117,342.823392,339.947898,342.259399,42458900
2020-12-09,342.915867,343.073033,338.357593,339.189728,74098300
2020-12-10,337.821264,340.123510,336.952137,339.078735,57735400
2020-12-11,337.386778,339.088040,335.870448,338.681213,57698600
2020-12-14,340.844684,341.917195,336.989088,337.164764,69216200
2020-12-15,339.698206,341.723083,338.329816,341.723083,63865300
2020-12-16,341.935784,343.174745,341.057402,342.259399,58420500
2020-12-17,343.895879,344.376662,343.072972,344.173248,64119500
2020-12-18,344.461139,344.628270,340.793388,342.799042,136542300
2020-12-21,338.889863,351.415881,336.159948,341.573334,96386700
2020-12-22,341.898459,342.009880,339.874244,340.997772,47949000
2020-12-23,341.963364,343.207607,340.979112,341.304108,46201400
2020-12-24,341.777657,342.659783,341.192699,342.631927,26457900
2020-12-28,345.176145,345.965411,344.554038,345.575439,39000400
2020-12-29,347.098278,347.274703,344.331213,344.916199,53680500
2020-12-30,345.733259,346.438960,345.018292,345.408264,49455300
2020-12-31,345.213265,347.887469,344.702578,347.163208,78520700
2021-01-04,348.491002,348.621012,338.750608,342.436920,110210800
2021-01-05,341.796148,345.881725,341.749703,344.795319,66426200
2021-01-06,343.291244,350.041763,342.743408,346.856842,107997700
2021-01-07,349.224477,352.752923,349.048052,352.010101,68766800
2021-01-08,353.393734,354.229416,350.153132,354.015869,71677200
2021-01-11,350.849484,353.384385,350.728769,351.629456,51034700
2021-01-12,351.815154,352.715812,349.465916,351.703705,52547700
2021-01-13,351.629477,353.644397,350.849506,352.650879,45303600
2021-01-14,353.393723,353.895143,351.081663,351.415924,49989100
2021-01-15,349.800252,350.598784,346.996066,348.853149,107160000
2021-01-19,351.304501,352.130916,349.828122,351.592346,51233300
2021-01-20,353.876573,357.293629,353.486602,356.457947,61836100
2021-01-21,357.015033,357.442183,355.863651,356.782898,47840100
2021-01-22,354.935125,356.680788,354.554420,355.520111,52860500
2021-01-25,356.253720,357.275094,351.415996,356.922272,70402000
2021-01-26,357.869315,358.277876,356.132946,356.365082,42665300
2021-01-27,353.050253,353.143113,345.426931,347.655426,123351100
2021-01-28,349.465967,354.637951,349.029580,350.645233,94198100
2021-01-29,348.788210,349.753901,341.954126,343.625519,126765100
2021-02-01,347.014597,350.375913,343.913271,349.345245,75817600
2021-02-02,352.520841,355.835742,349.428810,354.285065,64450700
2021-02-03,355.111557,356.281529,353.291623,354.563721,52427100
2021-02-04,355.594427,358.640044,354.675180,358.593628,47142600
2021-02-05,360.459979,360.710675,358.547185,360.004974,48669800
2021-02-08,361.453447,362.651274,360.599205,362.604858,38365200
2021-02-09,361.769153,362.957714,361.360621,362.363434,35551100
2021-02-10,364.099800,364.248370,359.809941,362.205566,59154400
2021-02-11,363.282684,363.700539,360.367077,362.790558,42913300
2021-02-12,361.992093,364.824135,361.917794,364.582733,50593300
2021-02-16,365.808351,366.003365,363.552001,364.266968,50972400
2021-02-17,362.521266,364.601190,361.509131,364.350494,52290600
2021-02-18,361.750609,363.542688,360.032801,362.799866,59712800
2021-02-19,364.053444,364.341289,361.713500,362.159210,83241000
2021-02-22,359.401360,361.778424,359.104220,359.373505,67414200
2021-02-23,357.172851,361.156303,353.031563,359.809906,107284100
2021-02-24,358.723571,364.201991,357.739319,363.774841,72433900
2021-02-25,362.511971,363.876929,353.570110,355.009338,146670500
2021-02-26,356.885108,358.027196,351.202436,353.180206,152701600
2021-03-01,358.036400,362.985543,353.375130,361.741272,105348800
2021-03-02,361.964226,362.196362,358.417189,358.918610,79595300
2021-03-03,358.222121,359.187784,354.062244,354.164398,119940200
2021-03-04,353.978645,356.559989,345.306069,349.781647,183433000
2021-03-05,353.272971,357.265718,346.011797,356.216461,152039600
2021-03-08,357.172908,359.977095,354.164442,354.442993,123149200
2021-03-09,358.277858,362.047735,357.776438,359.503540,113633600
2021-03-10,361.843426,363.431225,360.432053,361.741272,109899400
2021-03-11,364.201995,367.377592,363.746990,365.409088,86245000
2021-03-12,364.053304,366.040368,363.245477,365.901093,64653600
2021-03-15,366.151900,368.343273,364.016265,368.083282,73427200
2021-03-16,368.696131,369.401803,366.848313,367.619019,73722500
2021-03-17,366.337599,369.671060,365.195482,368.872528,97959300
2021-03-18,366.291149,368.371073,362.827678,363.505524,115349100
2021-03-19,363.205574,364.779952,360.662343,362.832947,113624500
2021-03-22,363.345374,367.108978,363.289481,365.730225,73778600
2021-03-23,365.096742,366.540685,362.069097,362.851624,90686600
2021-03-24,364.248907,365.879177,360.960421,361.006989,97588600
2021-03-25,359.572383,363.829695,357.634674,363.037872,116128600
2021-03-26,364.183824,369.288910,363.587625,368.888336,114409100
2021-03-29,367.416315,369.605541,365.935102,368.701904,108107600
2021-03-30,367.434966,368.394496,366.130728,367.723755,76262200
2021-03-31,368.292036,370.770051,368.264090,369.214294,112734200
2021-04-01,371.142656,373.257368,370.937707,373.201447,99682900
2021-04-05,375.856399,379.098317,375.781885,378.557983,91684800
2021-04-06,377.999116,379.377841,377.663732,378.334473,62021000
2021-04-07,378.166755,379.116959,377.710288,378.772278,55836300
2021-04-08,380.020651,380.626175,379.089068,380.570282,57863100
2021-04-09,380.449212,383.504804,380.328102,383.337097,61104600
2021-04-12,382.740879,383.746976,382.135355,383.476837,56704900
2021-04-13,383.374349,385.237515,382.992397,384.613342,56551000
2021-04-14,384.585365,385.638058,382.759471,383.299805,61659900
2021-04-15,385.433143,387.687586,385.386575,387.417419,60229800
2021-04-16,388.703047,389.317895,387.287051,388.712372,82037300
2021-04-19,387.780730,388.227872,385.479719,386.802551,78498500
2021-04-20,385.591526,386.690788,382.498664,383.970581,81851800
2021-04-21,383.355713,387.808679,383.215953,387.603729,66793000
2021-04-22,387.436044,388.265138,383.001700,384.063690,97582800
2021-04-23,384.622714,389.634635,384.548200,388.227936,73209200
2021-04-26,388.880038,389.606672,388.293136,389.038391,52182400
2021-04-27,389.336451,389.532104,387.817966,388.954498,51303100
2021-04-28,389.224695,390.342606,388.376951,388.842743,51238900
2021-04-29,391.563113,391.935741,387.948565,391.320892,78544300
2021-04-30,389.056981,389.904724,387.855231,388.749542,85527000
2021-05-03,390.733842,391.115794,389.094275,389.588013,68128300
2021-05-04,387.603702,388.097440,383.504743,387.184479,101591200
2021-05-05,388.824118,389.057014,386.746678,387.305634,60162200
2021-05-06,387.380181,390.528936,385.377283,390.398529,74321400
2021-05-07,391.162395,393.891927,390.482329,393.239807,67733800
2021-05-10,393.593842,393.817412,389.224715,389.345825,81852400
2021-05-11,384.836928,386.858447,382.004908,385.870972,116888000
2021-05-12,383.094885,384.361824,376.359530,377.673065,134811000
2021-05-13,379.219556,384.138314,379.172960,382.209930,106394000
2021-05-14,384.939427,388.926601,384.911481,388.078857,82201600
2021-05-17,386.970227,387.901810,385.079086,387.091309,65129200
2021-05-18,387.352276,387.594496,383.597997,383.756378,59810200
2021-05-19,379.079742,382.927156,377.598500,382.750153,106467100
2021-05-20,383.625818,388.125379,383.504736,386.867737,78022200
2021-05-21,388.348974,389.587995,386.094559,386.551025,76578700
2021-05-24,388.786825,391.562953,388.544605,390.491638,51376700
2021-05-25,391.572280,391.926286,389.047698,389.625275,57451400
2021-05-26,390.212201,390.901563,389.178157,390.398529,43088600
2021-05-27,391.423252,391.935611,390.323963,390.603455,56707700
2021-05-28,392.168581,392.429423,391.069320,391.302216,58520200
2021-06-01,393.658982,393.798714,390.519552,390.957397,54216600
2021-06-02,391.609506,392.410682,390.603409,391.572235,49097100
2021-06-03,389.261948,391.255520,387.799356,390.118988,58138800
2021-06-04,391.963486,393.985034,390.184160,393.686920,55938800
2021-06-07,393.677681,393.854684,392.373471,393.305054,51555000
2021-06-08,394.162117,394.255281,391.563021,393.388916,47134300
2021-06-09,394.227292,394.301835,392.578401,392.801971,48436300
2021-06-10,394.022284,395.578040,392.708749,394.627808,51020100
2021-06-11,395.177538,395.391784,393.891949,395.279999,45570800
2021-06-14,395.391748,396.267439,394.152755,396.164978,42358500
2021-06-15,396.314045,396.351288,394.562664,395.438354,51508500
2021-06-16,395.578137,395.801708,391.190389,393.230530,80386100
2021-06-17,392.820634,394.078248,390.631408,393.100098,90949700
2021-06-18,389.825099,390.516717,387.591347,387.796967,118676300
2021-06-21,389.554005,393.535540,388.740880,393.348602,72822000
2021-06-22,393.339292,396.283373,392.619609,395.451538,57700300
2021-06-23,395.526343,396.330112,394.890801,394.974915,49445400
2021-06-24,397.115259,397.732090,396.862890,397.311523,45110300
2021-06-25,398.059229,399.171442,397.732103,398.722809,58129500
2021-06-28,399.246234,399.694838,398.049907,399.526611,53159600
2021-06-29,399.909804,400.545346,399.208831,399.741577,35970500
2021-06-30,399.283653,400.751030,399.255615,400.078094,64827900
2021-07-01,400.835191,402.452113,400.769760,402.293213,53441000
2021-07-02,403.452060,405.723206,402.377212,405.368042,57697700
2021-07-06,405.424142,405.639117,401.900594,404.629700,68710400
2021-07-07,405.311999,406.340099,403.302549,406.059692,63549500
2021-07-08,400.750914,403.508086,399.573271,402.751038,97595200
2021-07-09,404.255787,407.349412,402.554752,407.050323,76238600
2021-07-12,406.966166,408.760669,406.536244,408.508301,52889600
2021-07-13,407.723319,409.218733,406.854119,407.115814,52911300
2021-07-14,408.807472,409.293498,406.480251,407.723297,64130400
2021-07-15,406.386795,407.059730,404.433420,406.330719,55126400
2021-07-16,407.508354,407.555074,402.751087,403.143616,75874700
2021-07-19,398.330284,403.209057,394.386141,397.190033,147987000
2021-07-20,397.853579,404.153010,397.059138,402.881897,99608200
2021-07-21,404.078242,406.283986,402.835196,406.143768,64724400
2021-07-22,406.321358,407.237306,405.340007,406.994293,47878500
2021-07-23,408.919608,411.517880,408.237346,411.181427,63766600
2021-07-26,410.592585,412.200151,410.545865,412.190796,43719200
2021-07-27,411.153479,411.181517,407.489713,410.312317,67397100
2021-07-28,410.938424,411.517890,408.723354,410.143982,52472400
2021-07-29,411.069331,412.919882,411.059976,411.845062,47435300
2021-07-30,409.284126,411.293576,409.153264,409.844910,68951200
2021-08-02,411.555342,412.106771,408.629943,408.985107,58783300
2021-08-03,409.779536,412.433884,407.592504,412.312378,58053900
2021-08-04,411.031873,412.284274,410.050522,410.284180,46732200
2021-08-05,411.443138,412.966590,411.125366,412.882477,38969700
2021-08-06,413.200267,413.985354,412.919861,413.564758,46930000
2021-08-09,413.536748,413.854519,412.461928,413.228333,41222600
2021-08-10,413.676970,414.452730,412.994708,413.742401,43339300
2021-08-11,414.807809,414.863885,413.686241,414.770416,44034300
2021-08-12,414.620898,416.153706,413.723660,416.013489,38909400
2021-08-13,416.462125,416.789251,415.976127,416.770569,39470300
2021-08-16,415.471391,417.882726,413.919900,417.751892,73740000
2021-08-17,415.200367,415.873303,412.031984,415.013458,92673900
2021-08-18,414.004003,415.564849,410.228115,410.471100,89351900
2021-08-19,407.751368,412.303044,407.611179,411.106689,92812200
2021-08-20,411.452529,414.705026,410.966502,414.377899,72008700
2021-08-23,416.060219,418.929542,414.452653,418.022949,54973000
2021-08-24,418.686523,419.219270,418.172488,418.686523,38744700
2021-08-25,418.873476,420.079129,418.499601,419.565094,40529700
2021-08-26,419.284616,419.518274,416.994788,417.088257,57829600
2021-08-27,417.892136,421.191382,417.836061,420.817535,77235100
2021-08-30,421.490477,423.453208,421.247464,422.668121,48357400
2021-08-31,422.574555,422.911009,421.443660,422.041809,59300200
2021-09-01,422.976442,423.490477,422.032456,422.266113,48721400
2021-09-02,423.686814,424.369076,422.368981,423.565308,42501000
2021-09-03,422.434423,423.976558,422.032510,423.462494,47170500
2021-09-07,423.116714,423.210183,421.275490,421.948425,51671500
2021-09-08,421.415674,422.144685,419.518347,421.434357,56181900
2021-09-09,421.238120,422.985875,419.387541,419.630554,57970400
2021-09-10,421.555899,421.976466,416.200454,416.321960,89948200
2021-09-13,419.312756,419.574451,415.078851,417.387390,83738600
2021-09-14,418.826661,419.032281,414.246977,415.134888,78197100
2021-09-15,415.555512,419.097770,414.452654,418.602417,78792200
2021-09-16,418.079032,419.051027,414.994733,417.938843,77786700
2021-09-17,417.168103,417.590017,413.511343,413.867645,118425000
2021-09-20,407.754337,409.329540,402.109817,406.966736,166445500
2021-09-21,409.301382,410.595309,406.057208,406.582275,92526100
2021-09-22,408.851363,412.583121,406.694837,410.548462,102350100
2021-09-23,412.414343,417.139980,412.179936,415.536621,76396000
2021-09-24,413.905135,416.933673,413.689471,416.221069,62094800
2021-09-27,415.189684,416.352330,414.336442,415.030304,61371100
2021-09-28,412.264309,412.592483,405.935341,406.666687,130436300
2021-09-29,408.045030,409.779642,406.788616,407.351196,82329200
2021-09-30,408.823242,409.526461,402.034846,402.372406,140506000
2021-10-01,404.097598,408.832592,400.581505,407.154236,129240100
2021-10-04,405.991657,406.891769,399.765813,401.903625,128570000
2021-10-05,403.403766,408.326297,402.606807,406.085388,90682500
2021-10-06,402.494238,407.979350,400.872166,407.773071,113032200
2021-10-07,411.045436,414.130201,410.867284,411.298584,72437500
2021-10-08,412.067438,412.451868,409.920269,410.548462,74557400
2021-10-11,409.892168,412.798811,407.510592,407.576233,65233300
2021-10-12,408.495055,408.898227,405.785305,406.572906,71181200
2021-10-13,407.594929,408.851343,404.622674,408.035614,72974000
2021-10-14,411.692358,415.049071,411.223545,414.899048,70236800
2021-10-15,417.008763,418.424586,416.389927,418.058899,66260200
2021-10-18,416.277325,419.634009,415.620976,419.296478,62213200
2021-10-19,420.918595,422.596923,420.309116,422.531311,46996800
2021-10-20,422.990790,424.490995,422.878279,424.190948,49571600
2021-10-21,423.590848,425.522354,423.159549,425.297333,41305400
2021-10-22,424.865983,426.309934,422.915707,424.856598,58845100
2021-10-25,425.944236,427.463184,424.172140,427.135010,45214500
2021-10-26,428.682175,429.891691,427.144456,427.519501,56075100
2021-10-27,427.978875,428.644580,425.550401,425.625427,72438000
2021-10-28,427.050677,429.807297,427.041321,429.732300,51437900
2021-10-29,427.435102,430.894940,427.144440,430.604279,70162400
2021-11-01,431.588795,431.963868,429.619805,431.345032,48433600
2021-11-02,431.513786,433.398422,431.382505,433.088989,48908400
2021-11-03,432.526343,436.136204,432.085658,435.733032,52509800
2021-11-04,436.333102,437.870821,435.986186,437.786438,52847100
2021-11-05,440.008669,441.293211,437.795888,439.305450,66390600
2021-11-08,440.402379,440.899319,438.995942,439.680389,50405200
2021-11-09,440.046229,440.280635,436.820796,438.227234,51149100
2021-11-10,436.539458,438.227201,433.220286,434.701721,69429700
2021-11-11,436.192590,436.267616,434.823665,434.842407,34848500
2021-11-12,436.108135,438.677219,435.161125,438.124023,53466700
2021-11-15,439.408656,439.568036,437.148976,438.274109,46980500
2021-11-16,438.011491,441.143155,437.936493,440.008636,48857500
2021-11-17,439.746133,439.924284,438.320953,438.939789,47858300
2021-11-18,439.971147,440.693137,437.252041,440.430603,50625600
2021-11-19,440.318068,441.565125,439.277318,439.643005,57315600
2021-11-22,441.518226,444.002926,438.199025,438.405304,72762000
2021-11-23,438.077197,439.839937,435.479986,438.986694,73206500
2021-11-24,436.989514,440.280587,436.173785,440.158691,61858800
2021-11-26,433.501497,434.964189,429.216544,430.341705,112669600
2021-11-29,435.123696,437.458373,432.929656,435.620636,86268800
2021-11-30,433.182778,435.086156,426.900679,427.144470,148559600
2021-12-01,432.845117,435.686119,422.203070,422.399963,131939200
2021-12-02,422.615747,430.435536,422.221932,428.869690,127637800
2021-12-03,430.529283,431.588775,420.918627,425.137939,137331600
2021-12-06,427.678888,432.048224,425.269185,430.172974,98977500
2021-12-07,435.442441,439.633626,430.041711,439.071045,95484700
2021-12-08,439.464812,440.683713,437.711429,440.233643,72238800
2021-12-09,438.949096,440.336792,437.064490,437.261383,61272600
2021-12-10,439.961739,441.527556,437.411398,441.377533,77159800
2021-12-13,440.861880,441.208796,437.186377,437.467682,87724700
2021-12-14,434.204768,436.689468,431.541916,434.457916,97264100
2021-12-15,434.514197,441.490101,432.001340,441.246338,116899300
2021-12-16,443.093424,443.374700,435.808060,437.355164,116568600
2021-12-17,434.281177,437.282711,430.997378,432.700439,135511600
2021-12-20,427.628906,428.494535,424.486239,428.099365,107134800
2021-12-21,431.514864,435.843097,429.350762,435.701965,69806300
2021-12-22,435.447943,440.171347,435.250330,440.058441,58890200
2021-12-23,441.055772,444.292536,440.952285,442.796478,56439700
2021-12-27,444.170228,449.110053,444.123194,449.063019,56808600
2021-12-28,449.495832,450.521430,447.933903,448.696045,47274600
2021-12-29,448.799621,450.286261,447.802249,449.270081,54503000
2021-12-30,449.693401,450.700191,447.566944,448.027985,55329000
2021-12-31,447.538711,448.686605,446.626019,446.898865,65237400
2022-01-03,448.159720,449.618162,445.854486,449.486420,72668200
2022-01-04,450.907255,451.622362,447.482295,449.335907,71178700
2022-01-05,448.968940,449.740501,440.613574,440.707672,104538900
2022-01-06,440.246636,443.003522,437.931955,440.293671,86858900
2022-01-07,440.303195,441.479344,437.198144,438.553070,85111600
2022-01-10,435.363313,438.223687,429.623700,438.007294,119362000
2022-01-11,437.743761,442.090802,434.751616,441.996704,74303100
2022-01-12,443.728042,445.242937,441.234612,443.191711,67605400
2022-01-13,444.292588,444.941824,436.059546,437.085144,91173100
2022-01-14,433.942443,437.612021,432.728649,437.263885,95890900
2022-01-18,432.578067,432.785070,428.409803,429.520081,109709100
2022-01-19,431.063249,432.455791,424.787306,425.060181,109357600
2022-01-20,426.942086,431.637264,418.238584,420.355652,122379700
2022-01-21,419.235883,421.588180,412.075503,412.103729,202271200
2022-01-24,406.505275,414.361956,395.901128,413.853851,251783900
2022-01-25,407.474418,413.740942,401.913582,408.801117,167997300
2022-01-26,414.681886,417.805745,403.522570,407.775543,186391100
2022-01-27,412.367203,415.500451,404.077708,405.761932,149878300
2022-01-28,407.116924,415.886298,402.544071,415.839264,164457400
2022-01-31,415.171107,423.677023,413.825600,423.328888,152251400
2022-02-01,424.053457,426.829180,420.534428,426.189362,123155400
2022-02-02,428.588640,431.053843,426.283376,430.329346,117361000
2022-02-03,424.307451,426.208097,419.377015,420.214447,118024400
2022-02-04,419.979264,426.029367,417.608129,422.190430,118454400
2022-02-07,422.952548,424.345090,419.508780,420.835480,84472900
2022-02-08,420.336804,425.220176,418.916007,424.298065,81012000
2022-02-09,428.325148,430.827996,428.127563,430.508087,92589900
2022-02-10,424.674481,430.668132,420.779090,422.773834,140103700
2022-02-11,422.858432,424.928436,413.007008,414.437195,153214600
2022-02-14,413.929126,415.509863,409.619700,413.082275,123006300
2022-02-15,417.514075,419.913408,416.996552,419.744049,88482700
2022-02-16,417.702181,421.588181,415.829761,420.214447,84863600
2022-02-17,417.034163,420.186248,410.635925,411.238098,102259100
2022-02-18,411.492082,412.743521,406.307638,408.575256,132642900
2022-02-22,406.373491,409.770194,400.699722,404.190552,124391800
2022-02-23,407.098079,407.662637,396.456286,397.020844,132578000
2022-02-24,386.736526,403.428449,386.379001,402.995605,213942900
2022-02-25,404.228234,411.972008,402.581626,411.887329,121804500
2022-02-28,406.505263,412.310746,405.253853,410.833496,145615000
2022-03-01,409.337403,411.341565,401.875893,404.576355,137785900
2022-03-02,406.825152,413.740912,406.072428,412.019043,117726500
2022-03-03,414.446618,415.048792,408.170676,409.967834,105501700
2022-03-04,406.241795,407.766079,402.600443,406.636993,113978200
2022-03-07,406.053655,406.759344,394.583848,394.649719,137896600
2022-03-08,394.828486,401.970059,390.594350,391.657593,164772700
2022-03-09,400.022388,404.134200,397.839449,402.158264,116990800
2022-03-10,397.557114,401.236111,395.600015,400.342255,93972700
2022-03-11,402.826248,403.437840,394.743757,395.251862,95636300
2022-03-14,396.023378,399.467116,391.224686,392.363190,95729200
2022-03-15,394.969611,401.621916,393.699393,400.991516,106219100
2022-03-16,404.491731,409.939632,399.702427,409.883179,144954800
2022-03-17,407.973145,415.011230,407.596783,415.011230,102676900
2022-03-18,413.402831,419.877574,412.666635,419.556671,106345500
2022-03-21,419.386842,421.387783,415.932376,419.434052,88349800
2022-03-22,420.821408,425.276344,420.821408,424.341949,74650400
2022-03-23,421.812562,423.303820,418.792255,418.877197,79426100
2022-03-24,420.896967,425.200884,419.783240,425.191437,64736900
2022-03-25,425.823836,427.541636,423.247137,427.267914,77101300
2022-03-28,426.673240,430.307037,424.785556,430.307037,68529800
2022-03-29,434.186233,436.121126,431.505725,435.630310,86581500
2022-03-30,434.488347,435.300066,430.835682,432.940460,79666900
2022-03-31,432.175869,432.997007,425.823801,426.276855,121699900
2022-04-01,427.853069,427.994639,423.917263,427.484985,89048800
2022-04-04,427.683210,431.250932,426.862072,431.147095,59601000
2022-04-05,429.655781,432.119195,424.559040,425.701080,74214500
2022-04-06,421.793673,423.719091,418.565720,421.444427,106898000
2022-04-07,420.566613,425.380213,418.622300,423.568024,78097200
2022-04-08,422.812956,425.323579,420.896958,422.435425,79272700
2022-04-11,419.169730,420.009763,414.714822,415.215057,89770500
2022-04-12,418.197558,420.717629,412.128660,413.676575,84363600
2022-04-13,413.431187,419.169735,413.251855,418.414673,74070400
2022-04-14,418.641100,419.754856,413.100752,413.204590,97869500
2022-04-18,412.279743,415.054641,411.147121,413.374603,66002500
2022-04-19,413.270707,420.764816,413.100823,420.047516,77821000
2022-04-20,421.821996,422.435488,418.575176,419.736084,65224400
2022-04-21,423.350948,424.738397,412.553392,413.459473,85417300
2022-04-22,412.374124,413.478403,401.548252,402.114563,132471800
2022-04-25,399.877608,404.615685,395.318835,404.445801,119647700
2022-04-26,401.916293,402.114520,392.704413,392.732727,103996300
2022-04-27,393.808692,399.169737,391.703942,393.837006,122030000
2022-04-28,398.575097,405.512342,394.148475,403.785095,105449100
2022-04-29,399.802166,401.954126,388.117394,388.863037,145491100
2022-05-02,388.929042,392.562840,382.274937,391.203705,158312500
2022-05-03,391.703920,395.403765,390.146557,392.996979,100028200
2022-05-04,393.657695,405.531246,390.476952,404.964935,144247900
2022-05-05,400.708175,401.132916,386.446734,390.571320,172929100
2022-05-06,388.013569,391.505768,382.945140,388.240082,151770800
2022-05-09,382.350388,383.586819,374.233342,375.809570,155586100
2022-05-10,381.774752,383.275457,372.647813,376.678009,132497200
2022-05-11,375.715247,381.349986,369.948357,370.694000,142361000
2022-05-12,367.503795,373.572692,363.520780,370.307007,125090800
2022-05-13,374.431620,380.538280,373.393388,379.160278,104174400
2022-05-16,377.518017,381.283939,375.271668,377.621826,78622400
2022-05-17,383.700132,385.625578,379.971945,385.389618,83029700
2022-05-18,380.840310,381.123451,368.617542,369.853973,117674500
2022-05-19,366.795921,372.005948,365.370710,367.588745,98510700
2022-05-20,371.165910,374.733632,359.169685,367.749207,131432200
2022-05-23,370.769512,375.394362,368.457116,374.629852,76414900
2022-05-24,370.514693,372.959241,365.229171,371.770020,91448800
2022-05-25,370.278696,377.017743,369.882299,375.054535,91472900
2022-05-26,376.281548,384.181502,376.073902,382.548645,82168300
2022-05-27,385.002695,392.053198,384.804496,391.939941,84768700
2022-05-31,390.325900,393.072484,387.003586,389.740723,95937000
2022-06-01,391.855004,392.864894,384.077725,386.588348,86585800
2022-06-02,386.427894,393.997498,384.181545,393.950317,79609600
2022-06-03,389.240518,390.788433,386.512829,387.484985,71874300
2022-06-06,391.486843,393.214062,387.494381,388.664764,57508900
2022-06-07,385.182035,392.846030,384.719533,392.392975,59272400
2022-06-08,390.684605,392.468481,387.333977,388.126801,64350000
2022-06-09,386.352374,388.617590,378.896027,378.896027,86289800
2022-06-10,372.704371,373.553824,367.862457,367.909637,132893900
2022-06-13,358.518467,360.368390,352.336283,353.940826,170004900
2022-06-14,355.686897,356.715681,349.778436,352.874237,104011800
2022-06-15,356.168273,362.341009,351.222549,357.904968,125666800
2022-06-16,349.702969,350.108814,343.634042,346.059723,134473300
2022-06-17,346.474007,350.142450,343.307960,346.805756,111113900
2022-06-21,352.521665,356.919995,352.445816,355.536041,76811900
2022-06-22,351.317836,358.995988,350.900749,354.891510,90059400
2022-06-23,357.024332,359.100249,353.469635,358.370361,79292100
2022-06-24,361.536411,369.773832,361.507974,369.764343,98050300
2022-06-27,370.683833,370.977685,367.261858,368.351959,66009600
2022-06-28,369.906553,372.683949,360.711724,360.825470,86548900
2022-06-29,361.375248,362.361063,358.711597,360.531586,65676000
2022-06-30,356.645131,360.834947,353.156795,357.602539,112508300
2022-07-01,356.948480,361.820799,354.332213,361.384735,74839700
2022-07-05,356.303924,362.086238,353.479114,362.067261,81438000
2022-07-06,362.209428,365.773614,359.830170,363.290070,70426200
2022-07-07,365.062667,369.527358,363.309010,368.731110,64525900
2022-07-08,367.100685,370.295198,365.574549,368.427795,72397800
2022-07-11,365.754619,366.721486,363.527003,364.218994,58366900
2022-07-12,363.669202,366.048489,359.251895,360.996063,62219200
2022-07-13,355.564500,362.029316,355.147413,359.100220,84224600
2022-07-14,354.152079,359.308762,351.715949,358.228149,89704800
2022-07-15,362.626496,365.185889,360.721198,365.072144,79060400
2022-07-18,368.152884,368.825898,360.834946,362.057770,63203600
2022-07-19,365.972649,372.409028,365.318611,371.840271,78506000
2022-07-20,372.029911,375.622533,370.664904,374.210114,71843800
2022-07-21,373.631881,378.068136,371.233646,378.020752,64903900
2022-07-22,378.143944,379.338303,372.295270,374.513397,72197300
2022-07-25,375.139033,375.821536,372.731310,374.968414,53631500
2022-07-26,373.328510,373.537053,369.641119,370.532166,52946400
2022-07-27,373.821442,381.897732,373.527589,380.153564,82342100
2022-07-28,380.959335,385.613593,377.414097,384.921631,73966600
2022-07-29,386.352906,391.519078,385.585094,390.533234,87003700
2022-08-01,387.841085,391.879229,387.130145,389.376709,69997500
2022-08-02,387.812745,391.490677,385.632542,386.807953,63435400
2022-08-03,388.931285,394.031096,388.646921,392.865173,67820600
2022-08-04,392.789237,393.471740,390.959760,392.599670,45656600
2022-08-05,388.324648,392.580796,388.267775,391.936218,56814900
2022-08-08,393.623508,395.870072,390.381611,391.481201,53886100
2022-08-09,390.751290,391.253686,388.855452,389.926605,44931800
2022-08-10,396.969664,398.258849,395.016952,398.116638,68665700
2022-08-11,400.960396,402.818339,397.377262,398.116638,59489700
2022-08-12,400.050396,404.960611,399.102476,404.856354,61694500
2022-08-15,402.647642,407.046001,402.590769,406.524628,54048300
2022-08-16,405.453490,409.245167,404.647753,407.320892,59289000
2022-08-17,403.728267,407.131294,402.429622,404.429718,63563400
2022-08-18,404.628840,406.287699,403.339683,405.605225,49023200
2022-08-19,402.846720,403.112136,399.282534,400.154633,68016900
2022-08-22,395.329671,395.500319,390.921853,391.822388,77695600
2022-08-23,391.395917,393.784692,390.324763,390.874573,49105200
2022-08-24,390.646982,393.490740,389.964508,392.125763,49177800
2022-08-25,393.613987,397.709005,392.523886,397.661621,50942300
2022-08-26,397.547923,398.088216,384.144330,384.201202,103087000
2022-08-29,381.253168,384.703580,380.305249,381.660767,65370800
2022-08-30,382.817195,383.054175,375.376023,377.470917,85652400
2022-08-31,379.101372,380.343144,374.466061,374.598755,76029700
2022-09-01,372.428016,376.115407,369.726440,375.774170,78740100
2022-09-02,379.433170,380.646505,370.001360,371.811890,99632100
2022-09-06,372.655438,373.593869,368.190747,370.408875,76637400
2022-09-07,370.096082,377.831106,369.878079,377.063293,70964200
2022-09-08,374.797846,379.982937,373.593970,379.527954,80821700
2022-09-09,381.764997,386.286591,381.499581,385.423981,76706900
2022-09-12,387.490400,390.286773,387.187059,389.566345,69256300
2022-09-13,380.902361,382.106237,371.508507,372.627045,122947100
2022-09-14,373.925747,375.565657,370.750211,374.048981,85023700
2022-09-15,372.494303,375.338060,368.532007,369.802216,87633800
2022-09-16,365.629490,367.637802,363.697282,366.981049,103084800
2022-09-19,363.840112,369.826996,363.763951,369.826996,73278500
2022-09-20,366.505169,367.514089,362.831184,365.581909,77274900
2022-09-21,367.504587,370.550401,359.195276,359.204803,106746600
2022-09-22,358.433796,360.070916,355.445117,356.187531,89472600
2022-09-23,352.722940,352.761021,345.784243,350.219696,122346900
2022-09-26,348.753849,352.370727,345.536716,346.755035,92581200
2022-09-27,350.286240,352.551560,343.480782,345.869843,108294100
2022-09-28,346.821708,354.360053,345.127482,352.675354,110802200
2022-09-29,349.134536,349.420068,342.367159,345.308258,112952300
2022-09-30,344.366000,348.277968,339.835389,339.968628,153711200
2022-10-03,343.680718,350.790764,341.900832,348.944244,89756500
2022-10-04,354.455260,359.785420,348.906201,359.756866,103602800
2022-10-05,355.397529,361.175013,353.075102,358.919220,88065700
2022-10-06,357.520108,360.470735,354.721774,355.216736,82333500
2022-10-07,351.190456,355.302295,343.547398,345.308258,107789500
2022-10-10,346.421961,346.659914,340.435076,342.671814,76042800
2022-10-11,340.977555,345.536748,338.569468,340.501648,92482800
2022-10-12,340.910944,342.481430,339.131029,339.378510,76991800
2022-10-13,332.382655,349.800853,331.335655,348.335052,147254500
2022-10-14,350.790725,352.418347,339.759215,340.396942,123737000
2022-10-17,346.469451,350.248150,340.063739,349.144043,93168200
2022-10-18,357.053713,357.358300,349.810399,353.246460,97162900
2022-10-19,351.209574,353.931775,347.935334,350.743195,79746900
2022-10-20,350.295778,354.712205,347.040565,347.802032,88283100
2022-10-21,347.526011,356.739555,346.022159,356.254150,131038400
2022-10-24,357.777080,361.746124,355.131011,360.613464,85436900
2022-10-25,360.537299,366.686003,360.423086,366.371918,78846300
2022-10-26,363.230914,368.903712,362.973935,363.611633,104087300
2022-10-27,364.611113,366.448106,361.051312,361.670013,81971800
2022-10-28,361.565268,370.750260,361.384421,370.274353,100302000
2022-10-31,367.818659,369.684204,366.695526,367.599731,96631300
2022-11-01,371.340426,371.578379,364.820499,365.991211,85407600
2022-11-02,365.400992,369.903078,356.701436,356.806122,126990400
2022-11-03,353.569967,356.168427,351.019115,353.132141,87100100
2022-11-04,358.833578,360.613464,352.170885,358.214905,103505200
2022-11-07,359.509428,362.231630,357.434482,361.641510,68286900
2022-11-08,362.745493,366.562273,359.518862,363.592621,84641100
2022-11-09,361.622310,362.774025,355.606845,356.101807,78495500
2022-11-10,369.351179,376.004375,367.057334,375.671234,141455800
2022-11-11,376.527791,380.106618,374.643190,379.307098,93839900
2022-11-14,377.546214,380.896586,375.804380,376.080414,71903500
2022-11-15,381.819882,382.923989,375.480802,379.288055,93194500
2022-11-16,377.660430,378.612243,375.766331,376.394531,68508500
2022-11-17,371.644976,375.918637,371.340417,375.242828,74496300
2022-11-18,378.574187,378.640821,374.100682,376.946594,92922500
2022-11-21,375.623536,376.746668,373.738935,375.575928,51243200
2022-11-22,377.517678,380.791917,376.108984,380.630096,60429000
2022-11-23,380.296958,383.514092,380.068532,383.028687,68261600
2022-11-25,382.467087,383.495061,382.191082,382.942993,30545400
2022-11-28,379.859157,381.496277,376.070929,376.832397,67881600
2022-11-29,376.965584,378.155351,374.348098,376.185120,52310000
2022-11-30,376.432582,388.035187,374.519457,388.035187,144566700
2022-12-01,389.072670,390.243410,385.246391,387.749664,76398200
2022-12-02,382.866824,388.206482,382.762139,387.302277,85342700
2022-12-05,384.484943,385.417701,378.983464,380.335022,77289800
2022-12-06,380.173200,380.715711,372.768095,374.852539,77972200
2022-12-07,374.005474,376.575381,373.082214,374.214874,65927900
2022-12-08,376.099483,378.212480,374.319567,377.146454,60737900
2022-12-09,375.909146,378.459998,374.205392,374.329132,81447700
2022-12-12,375.119059,379.725861,374.452808,379.725861,75405800
2022-12-13,390.452863,390.709842,379.840150,382.600403,123782500
2022-12-14,382.257674,385.960241,377.213076,380.154175,108111300
2022-12-15,375.299932,376.204166,369.198835,370.854980,117705900
2022-12-16,368.302908,369.641559,364.344322,366.476593,119858000
2022-12-19,366.667865,367.002535,361.705268,363.369019,79878100
2022-12-20,362.613673,365.482225,361.294135,363.866272,74427200
2022-12-21,366.457507,370.435236,365.922046,369.306946,78167400
2022-12-22,366.266256,369.287801,358.349054,364.038361,100120900
2022-12-23,363.015186,366.275776,361.466173,366.132355,59857300
2022-12-27,366.017708,366.361921,363.015277,364.688599,51638200
2022-12-28,364.621582,366.591347,359.926745,360.156219,70911500
2022-12-29,362.996102,367.509291,362.470183,366.639160,66970900
2022-12-30,363.961853,365.816823,361.848665,365.673401,84022200
2023-01-03,367.528413,369.498150,361.274962,364.133972,74850700
2023-01-04,366.390557,368.972265,363.349899,366.945160,85934100
2023-01-05,364.994547,365.109284,362.164251,362.757080,76970500
2023-01-06,365.845539,372.194615,362.785768,371.075867,104189600
2023-01-09,373.265509,376.449618,370.683830,370.865479,73978100
2023-01-10,370.282229,373.533248,369.345158,373.466309,65358100
2023-01-11,375.043996,378.266330,374.231233,378.189819,68881100
2023-01-12,379.289500,381.029733,375.225718,379.566772,90157700
2023-01-13,376.373094,381.612992,376.105364,381.039276,63903900
2023-01-17,381.020190,382.693512,379.662396,380.341278,62677300
2023-01-18,381.526947,382.588298,374.135635,374.336426,99632300
2023-01-19,372.299783,373.944421,370.291820,371.611359,86958900
2023-01-20,373.007406,378.687142,371.362769,378.534149,91806400
2023-01-23,379.337246,385.007409,378.381062,383.075928,84178800
2023-01-24,381.402625,383.573152,380.216967,382.664795,59524900
2023-01-25,378.601054,383.142928,376.315761,382.808258,84800300
2023-01-26,385.466459,387.178037,382.502283,387.015472,72287400
2023-01-27,385.973152,390.275979,385.762790,387.904633,68346200
2023-01-30,385.150909,387.378834,382.741336,383.037750,74202000
2023-01-31,383.554088,388.717475,383.209846,388.669678,86811800
2023-02-01,387.455259,395.544596,384.720587,392.800323,101459200
2023-02-02,396.682425,399.981271,394.789199,398.518311,101654500
2023-02-03,393.555762,398.700036,393.077670,394.282471,94736800
2023-02-06,391.834637,393.268913,390.218684,391.872864,60295300
2023-02-07,390.954927,398.241044,389.711899,396.998016,90990700
2023-02-08,395.028299,396.366950,391.968498,392.656952,76227500
2023-02-09,396.252203,396.405196,388.029015,389.252930,78694900
2023-02-10,388.076813,390.543784,387.264080,390.161316,70769700
2023-02-13,390.811462,394.875243,390.352483,394.741364,64913500
2023-02-14,393.221073,396.864131,390.610709,394.559753,88389300
2023-02-15,392.370142,395.917577,391.528695,395.841095,61555700
2023-02-16,390.878410,394.817883,390.256897,390.390747,76431500
2023-02-17,388.268095,389.654573,386.346156,389.415527,89257800
2023-02-21,385.399506,386.451314,381.345295,381.603455,82655900
2023-02-22,382.014617,383.554089,379.624157,381.077576,83742300
2023-02-23,383.965235,384.577207,378.887900,383.104675,96242400
2023-02-24,378.094187,379.843991,376.392181,379.012115,108194400
2023-02-27,382.349258,383.707052,379.365969,380.303040,80444700
2023-02-28,379.824961,381.785126,378.792266,378.897461,96438600
2023-03-01,378.084656,379.308570,376.143604,377.444000,99706800
2023-03-02,375.474258,381.220933,375.139588,380.379486,85127800
2023-03-03,382.196236,386.728567,381.546038,386.479950,90120000
2023-03-06,387.302224,389.597088,386.307814,386.747650,72795900
2023-03-07,386.699890,386.938936,380.207393,380.819336,108310600
2023-03-08,380.934142,382.196282,379.212993,381.440918,74746600
2023-03-09,382.224928,383.888708,373.418483,374.403351,111945300
2023-03-10,373.858317,375.933248,367.480587,369.000916,189253000
2023-03-13,365.080535,373.284608,363.971358,368.474976,157790000
2023-03-14,373.389801,376.210555,370.090955,374.565918,149752400
2023-03-15,368.981849,372.424088,366.897345,372.223297,172996900
2023-03-16,369.871100,379.098270,369.364324,378.754028,143254200
2023-03-17,377.425589,378.558185,372.943155,374.325317,140553400
2023-03-20,375.102771,378.337433,374.402111,377.924683,93055800
2023-03-21,381.284120,383.366971,379.690794,382.887054,91524200
2023-03-22,382.714320,386.323273,376.321827,376.360199,111746600
2023-03-23,379.220518,383.251830,374.670918,377.377655,119351300
2023-03-24,376.101052,379.940385,373.759057,379.854004,107682400
2023-03-27,382.128803,382.896687,379.671632,380.564270,74010400
2023-03-28,379.873116,380.564197,377.876676,379.709961,62871700
2023-03-29,383.866150,385.469084,382.666358,385.229126,77497900
2023-03-30,387.859030,388.108596,385.622632,387.484711,69840000
2023-03-31,388.406235,393.243805,388.300639,392.946259,112062600
2023-04-03,392.427795,394.846564,392.034260,394.443451,67391100
2023-04-04,395.086556,395.374524,390.882482,392.255066,66601500
2023-04-05,391.525573,392.283850,389.577113,391.228027,65200200
2023-04-06,390.431341,393.032510,389.385126,392.754150,63743300
2023-04-10,390.277758,393.234060,389.663480,393.157257,63681000
2023-04-11,393.781135,394.664166,392.494963,393.262817,59297900
2023-04-12,395.326482,395.614449,391.074428,391.659912,86420400
2023-04-13,392.744581,397.217408,391.602377,396.862274,85814800
2023-04-14,396.228739,398.417158,393.589198,395.892792,78161500
2023-04-17,395.806409,397.332541,394.577824,397.313354,66436400
2023-04-18,398.887507,399.021898,396.199986,397.572540,63560000
2023-04-19,395.662418,398.407526,395.604830,397.505310,55227300
2023-04-20,394.693019,397.083024,393.790774,395.336121,75840400
2023-04-21,395.633611,396.103920,393.694759,395.643219,73457400
2023-04-24,395.441723,396.478359,394.107570,396.056030,64332100
2023-04-25,394.088292,394.645012,389.711455,389.769043,97766700
2023-04-26,390.383386,391.458394,387.561474,388.118164,80447000
2023-04-27,390.652177,396.113631,390.402611,395.844879,92968400
2023-04-28,394.961757,399.233027,394.904170,399.223419,89433100
2023-05-01,398.781911,400.845547,398.589933,398.820312,62122300
2023-05-02,398.109997,398.158007,391.439174,394.337860,103998500
2023-05-03,394.837035,397.246226,391.391237,391.631195,91531800
2023-05-04,390.584988,390.911328,387.523117,388.857300,94901900
2023-05-05,392.485449,397.102245,392.226305,396.056030,87891800
2023-05-08,396.382332,396.641477,394.760212,396.161560,50046800
2023-05-09,394.616203,395.537635,394.193874,394.424225,49220100
2023-05-10,397.255778,397.889271,392.447004,396.267151,96142900
2023-05-11,395.403256,395.863957,393.502776,395.576019,70157100
2023-05-12,396.814281,397.025446,392.639000,395.057770,70481500
2023-05-15,395.662469,396.823859,393.752411,396.420746,54289400
2023-05-16,395.316924,396.238385,393.761999,393.771606,57705500
2023-05-17,395.787220,399.156214,394.145913,398.551544,87287000
2023-05-18,398.234775,402.813198,398.014032,402.390869,97177200
2023-05-19,403.293179,403.821076,400.586442,401.805420,103793300
2023-05-22,401.824598,403.504306,400.586405,401.968567,60745400
2023-05-23,400.327167,401.901307,397.063740,397.457275,86383500
2023-05-24,395.854414,396.238342,393.416430,394.577820,89213700
2023-05-25,398.081224,399.444200,395.844825,397.994843,90961600
2023-05-26,398.647519,403.869014,398.570745,403.149139,93830000
2023-05-30,405.078370,405.606267,401.920511,403.302673,72216000
2023-05-31,401.479066,402.381312,399.501812,401.066345,110811800
2023-06-01,401.296643,405.932653,400.048871,404.876831,88865000
2023-06-02,407.449169,411.518852,406.921273,410.731812,91426200
2023-06-05,411.077451,412.363624,409.244166,409.944855,65460200
2023-06-06,409.532043,411.365299,408.879334,410.837402,64022200
2023-06-07,411.230938,412.363535,408.994511,409.416840,85373300
2023-06-08,409.484028,412.344342,408.716173,411.893219,61952800
2023-06-09,412.689881,414.638342,411.643667,412.632294,85742800
2023-06-12,413.611376,416.452474,412.891501,416.375671,76104300
2023-06-13,417.834646,419.763891,417.172359,419.120819,95899700
2023-06-14,419.456748,421.424395,416.174106,419.619904,100612100
2023-06-15,418.804031,426.069976,418.708071,424.822205,110303100
2023-06-16,426.804849,427.373251,422.903097,423.375153,114165800
2023-06-20,421.438756,422.325066,419.107318,421.178619,76160400
2023-06-21,420.195977,420.995585,418.432941,419.020630,76982300
2023-06-22,418.066844,420.639102,417.729649,420.533142,70637200
2023-06-23,417.084162,419.136206,416.641007,417.353912,92074500
2023-06-26,416.785485,418.702639,415.407832,415.648682,72823600
2023-06-27,416.525347,420.822096,416.072548,420.205536,72813700
2023-06-28,419.126561,421.429098,418.510002,420.417542,75636000
2023-06-29,420.003284,422.238376,419.598673,422.074585,67882300
2023-06-30,425.282678,428.037984,424.964740,427.055328,104964000
2023-07-03,426.708540,427.826056,426.429146,427.546692,32793400
2023-07-05,425.735480,427.643020,425.725837,426.910828,58418400
2023-07-06,423.336634,423.991738,421.062998,423.567841,80658300
2023-07-07,422.575593,426.438831,422.257655,422.498505,86134200
2023-07-10,422.142000,423.741245,421.573598,423.567841,62443500
2023-07-11,424.328939,426.756693,423.355897,426.265350,64463800
2023-07-12,430.051551,431.101652,428.625710,429.695068,91924500
2023-07-13,431.506193,433.895432,431.072681,433.105438,72425200
2023-07-14,433.991845,434.839611,432.074661,432.835754,69815800
2023-07-17,432.691220,435.388724,432.643032,434.338623,52680200
2023-07-18,434.011066,438.211470,433.577525,437.566010,80668200
2023-07-19,438.355953,439.723963,437.488871,438.539001,65891700
2023-07-20,437.546730,438.442684,434.916642,435.629547,70591600
2023-07-21,437.344395,437.546730,435.619933,435.629547,71275600
2023-07-24,436.775985,438.384874,435.745142,437.575623,54023400
2023-07-25,437.305908,440.022670,437.257721,438.770264,55191200
2023-07-26,437.835795,440.263549,436.785694,438.837738,71052900
2023-07-27,442.219183,442.623824,435.022595,435.928192,92194400
2023-07-28,439.194133,441.024584,435.928198,440.196075,80011800
2023-07-31,440.668145,441.390693,439.357907,441.034241,62040400
2023-08-01,439.569821,440.513962,438.818371,439.772156,55291500
2023-08-02,436.660432,436.920539,432.903183,433.654633,93933400
2023-08-03,431.641067,434.290412,430.995577,432.411774,64276100
2023-08-04,434.223038,436.323240,429.935903,430.456146,100128900
2023-08-07,432.286551,434.367496,431.592903,434.213348,58357500
2023-08-08,431.679614,434.203743,428.972466,432.325104,71361300
2023-08-09,432.594883,432.758674,428.673843,429.434937,78789600
2023-08-10,431.785598,435.167136,428.423346,429.589050,93005500
2023-08-11,427.720059,430.350148,427.122757,429.338562,68690900
2023-08-14,428.423333,431.708496,428.115038,431.708496,47867400
2023-08-15,429.935889,430.292371,426.111195,426.679626,75707500
2023-08-16,426.265346,427.922393,423.442595,423.548584,80107200
2023-08-17,425.012852,425.272959,419.800863,420.321106,95711300
2023-08-18,417.508086,421.554373,417.161277,420.523529,98852000
2023-08-21,421.535060,424.001358,419.386700,423.259552,68719000
2023-08-22,425.032103,425.032103,421.554248,422.113007,64994200
2023-08-23,423.172868,427.431103,423.028364,426.814514,68441000
2023-08-24,428.413697,428.924297,420.870270,420.899200,88517300
2023-08-25,422.623663,425.147762,419.078363,423.866455,102325100
2023-08-28,426.053366,427.170912,423.866462,426.554352,61595400
2023-08-29,426.448359,432.999487,426.265311,432.720093,83081900
2023-08-30,433.057283,435.138227,432.353991,434.502380,69053900
2023-08-31,435.118953,436.255756,433.683499,433.866547,66084600
2023-09-01,436.583352,437.065051,433.221070,434.675812,58944100
2023-09-05,434.232725,434.550634,432.729826,432.797241,55166200
2023-09-06,431.987897,432.093886,427.565901,429.887695,70758500
2023-09-07,426.891568,429.242263,426.544759,428.567902,70355400
2023-09-08,428.616015,430.745118,428.259563,429.213318,61659700
2023-09-11,431.833767,432.344367,430.128563,432.036102,60180100
2023-09-12,430.590991,432.113148,429.088092,429.666107,67565400
2023-09-13,429.887751,431.323206,428.789462,430.167145,60199300
2023-09-14,432.633397,434.569808,431.332803,433.876160,83430800
2023-09-15,432.293555,432.622263,428.213671,428.648712,111848900
2023-09-18,428.339296,430.195559,427.865575,428.900055,55752200
2023-09-19,427.981587,428.571348,425.332573,428.010590,66514600
2023-09-20,429.267500,429.683216,423.872757,424.075806,82562600
2023-09-21,421.233359,421.494383,416.911776,417.066467,104095800
2023-09-22,418.091289,419.686498,415.712948,416.128693,100829700
2023-09-25,414.920175,417.917221,414.485105,417.878571,70874500
2023-09-26,414.842850,415.548623,410.907980,411.739441,96168400
2023-09-27,412.909255,413.470014,408.268642,411.903778,104705800
2023-09-28,411.352707,415.964317,410.762946,414.291748,92258300
2023-09-29,417.337259,417.511275,411.768499,413.286377,115111300
2023-10-02,412.454826,414.369094,410.366541,413.121918,83798600
2023-10-03,410.946644,413.179942,406.228671,407.591858,103760600
2023-10-04,408.055936,411.304359,406.596064,410.559937,87453000
2023-10-05,410.269847,411.246321,407.185792,410.405212,70142700
2023-10-06,407.959264,416.815127,406.634757,415.277924,113273300
2023-10-09,413.382981,418.507022,412.831929,417.936615,80374400
2023-10-10,418.565058,422.702947,418.168667,420.111938,78607300
2023-10-11,421.175349,422.084111,418.797008,421.832764,62451700
2023-10-12,422.441847,422.818883,416.911769,419.261078,81154200
2023-10-13,420.759598,421.958446,415.606585,417.172791,95143100
2023-10-16,419.415874,422.625647,419.174175,421.562164,75433200
2023-10-17,418.439345,423.592389,418.091313,421.542755,75324700
2023-10-18,419.773552,420.730672,414.842882,415.925690,93559800
2023-10-19,416.641089,418.448994,411.594409,412.271149,121323000
2023-10-20,411.836135,412.377539,407.098807,407.205170,123919900
2023-10-23,405.677606,410.356929,403.927707,406.499390,92035100
2023-10-24,408.616676,410.714639,406.770091,409.564148,78564200
2023-10-25,407.881960,407.910962,403.173634,403.686035,94223200
2023-10-26,402.622552,403.473308,397.933581,398.852020,115156800
2023-10-27,400.437626,400.834016,395.622966,397.044159,107367700
2023-10-30,399.828480,402.844882,398.532976,401.791077,86562700
2023-10-31,402.361474,404.633453,400.456883,404.314423,79665200
2023-11-01,405.281264,409.438479,404.749508,408.626373,98068100
2023-11-02,412.416164,416.612088,412.396839,416.457397,94938900
2023-11-03,418.758465,421.803870,418.632777,420.256989,100167800
2023-11-06,421.011028,421.668443,419.280453,421.223724,67831700
2023-11-07,421.223697,423.060605,420.082884,422.422516,64256100
2023-11-08,423.021930,423.544009,420.430922,422.731903,61746000
2023-11-09,423.872744,423.911424,419.009757,419.435150,83174400
2023-11-10,421.504132,426.289759,419.425495,425.980377,89462200
2023-11-13,424.646163,426.676413,423.863060,425.574280,52236100
2023-11-14,431.500826,435.116638,431.278452,433.830811,97176900
2023-11-15,435.164892,436.392742,433.898390,434.749176,77327600
2023-11-16,434.304501,435.600005,433.241019,435.280975,66665800
2023-11-17,435.290601,436.431444,434.372162,435.822357,83133200
2023-11-20,435.570961,440.018233,435.561284,439.177124,69936200
2023-11-21,438.132993,439.051462,436.953500,438.220001,49244600
2023-11-22,439.873215,441.226724,438.819410,439.911865,59394900
2023-11-24,439.960273,440.375988,439.631565,440.182617,29737400
2023-11-27,439.554201,440.366307,439.003120,439.389862,50506000
2023-11-28,439.003076,441.120364,438.442347,439.824860,62115000
2023-11-29,441.971175,443.102340,439.119142,439.515503,63146000
2023-11-30,440.356627,441.594125,438.287667,441.246063,79752700
2023-12-01,440.636965,444.388141,440.047233,443.856415,89183400
2023-12-04,440.472684,443.875799,439.254511,441.526489,72430900
2023-12-05,440.143949,442.396573,439.766884,441.439453,69793500
2023-12-06,443.576068,443.605071,439.225483,439.660553,69124700
2023-12-07,441.739171,443.663088,441.139762,443.015350,66995400
2023-12-08,442.270878,445.451648,442.029179,444.919922,83194400
2023-12-11,444.426861,446.824528,444.214165,446.650482,65002200
2023-12-12,446.302440,448.787115,445.306641,448.690430,68327600
2023-12-13,449.067441,455.129276,448.709731,454.877899,93278000
2023-12-14,456.811520,458.000691,453.669430,456.337799,119026000
2023-12-15,455.741744,456.916332,453.742070,455.586426,141553700
2023-12-18,457.188109,459.129542,456.130031,458.149109,70375300
2023-12-19,458.692736,461.012763,458.615092,460.935089,55761800
2023-12-20,460.080858,461.964050,454.120673,454.547791,102921000
2023-12-21,457.527851,459.129557,455.110776,458.857758,86667500
2023-12-22,459.983780,461.459288,457.887058,459.779938,67160400
2023-12-26,460.187655,462.624134,460.109981,461.721375,55387000
2023-12-27,461.517539,462.701815,460.983657,462.556213,68000300
2023-12-28,462.915365,463.565729,462.313525,462.730927,77158100
2023-12-29,462.536765,463.060961,459.440177,461.391327,122283100
2024-01-02,458.333593,459.799385,456.712483,458.809235,123623700
2024-01-03,456.654246,457.392001,454.460447,455.062286,103585900
2024-01-04,454.586586,457.168696,453.373191,453.596466,84232200
2024-01-05,453.800312,456.663938,452.771355,454.217743,86118900
2024-01-08,454.712783,460.847719,454.586585,460.702118,74879100
2024-01-09,458.052054,461.022445,457.547292,460.003204,65931400
2024-01-10,460.274992,463.468658,459.993476,462.604706,67310600
2024-01-11,463.604558,464.119037,458.430651,462.400879,77940700
2024-01-12,463.847226,464.584980,461.313670,462.721191,58026400
2024-01-16,461.342783,462.653227,459.207195,461.022430,85014900
2024-01-17,458.003509,458.945106,456.110600,458.459747,68843900
2024-01-18,460.129385,463.090059,458.585949,462.536743,91856200
2024-01-19,463.662771,468.584312,462.585290,468.302795,110834500
2024-01-22,469.836598,471.011157,468.642606,469.292999,75844900
2024-01-23,469.836566,470.904331,468.749368,470.661652,49945300
2024-01-24,473.525296,474.457175,470.681103,471.176178,81765000
2024-01-25,473.302027,474.010661,471.176184,473.738861,72525000
2024-01-26,473.311746,474.796941,472.292505,473.137024,76641600
2024-01-29,473.447626,477.029573,472.904027,476.883942,61322800
2024-01-30,476.194784,477.223741,475.757949,476.515137,58618400
2024-01-31,474.311528,474.758049,468.720191,468.739624,126011100
2024-02-01,470.438421,474.903724,469.632710,474.874603,91891600
2024-02-02,475.311429,481.524010,474.971673,479.873810,99228200
2024-02-05,479.242813,479.902893,475.874425,478.126465,75757100
2024-02-06,479.068036,479.844627,477.641082,479.514587,55918600
2024-02-07,481.756982,483.931378,480.854193,483.513977,70556500
2024-02-08,483.513980,484.106103,482.698582,483.727539,52343600
2024-02-09,484.232317,486.960029,483.892560,486.523224,63979400
2024-02-12,486.494070,488.755827,485.591281,486.309631,56502300
2024-02-13,480.048529,482.533561,476.350100,479.611694,113099200
2024-02-14,482.242340,484.455573,479.922313,483.970215,68387800
2024-02-15,484.669159,487.493948,484.193487,487.309509,61683000
2024-02-16,487.008593,488.144315,484.144967,484.882721,75532900
2024-02-20,483.145106,483.814903,479.970873,482.213226,71736700
2024-02-21,480.912433,482.805312,479.106884,482.649994,59293400
2024-02-22,489.250850,493.599641,488.289821,492.638641,76402500
2024-02-23,494.356856,495.191687,492.250417,492.978455,61321800
2024-02-26,493.415266,493.852100,491.046715,491.172913,50386700
2024-02-27,491.862112,492.308633,489.969203,492.085358,48854500
2024-02-28,490.532239,492.017434,490.173079,491.435028,56506600
2024-02-29,493.192034,494.813114,490.551684,493.201721,83924800
2024-03-01,494.075362,498.259118,493.667648,497.832001,76844800
2024-03-04,497.036043,499.142481,497.006893,497.298096,49799300
2024-03-05,495.298424,495.744975,490.124517,492.328033,72855600
2024-03-06,495.599315,497.074823,493.531714,494.822754,68382400
2024-03-07,498.113539,500.783010,494.881036,499.734619,58652100
2024-03-08,500.365608,503.044736,496.162388,496.735107,86532500
2024-03-11,495.531422,496.890419,493.609392,496.307983,62557200
2024-03-12,498.414439,502.229348,495.900257,501.646942,73114400
2024-03-13,501.967319,502.142040,499.424045,500.860687,55104100
2024-03-14,501.831290,501.986638,496.832136,499.870483,110171800
2024-03-15,496.808134,498.259015,494.773036,496.438110,107646300
2024-03-18,500.498589,501.939694,498.979568,499.388519,88893300
2024-03-19,498.697150,502.445996,497.694177,502.163635,60755300
2024-03-20,502.222077,506.944656,501.550199,506.808319,69594600
2024-03-21,509.641960,510.343019,508.200795,508.483215,60256100
2024-03-22,508.395580,508.882447,507.285511,507.519257,79070800
2024-03-25,506.146185,507.266002,505.961174,506.117004,48512100
2024-03-26,507.538667,507.879510,504.783047,505.182251,65463700
2024-03-27,508.006031,509.466630,505.844314,509.427643,82999800
2024-03-28,509.466629,510.829818,509.047931,509.330292,96294900
2024-04-01,510.070360,510.605901,507.285439,508.444183,62477500
2024-04-02,504.627242,505.347795,502.913463,505.211517,74230300
2024-04-03,504.120838,507.266035,504.072164,505.766449,59155800
2024-04-04,509.768536,510.109318,499.291163,499.593018,96858100
2024-04-05,500.946505,506.769407,500.508313,504.812195,74546500
2024-04-08,505.513331,506.516245,504.286419,505.094574,48401800
2024-04-09,506.827861,507.071294,500.839381,505.678864,68049200
2024-04-10,499.992245,502.601841,498.638802,500.615448,82652800
2024-04-11,502.134488,505.834660,498.629074,504.393555,70099000
2024-04-12,500.858864,502.270788,495.707810,497.431335,92561100
2024-04-15,501.598983,501.764501,490.352351,491.199524,92101400
2024-04-16,491.676555,493.195576,489.018255,490.303589,73484000
2024-04-17,492.757416,492.922963,486.009455,487.401886,75910300
2024-04-18,488.794330,490.887849,485.464151,486.398926,74548100
2024-04-19,486.321048,487.314244,480.887603,482.153473,102212600
2024-04-22,484.753381,489.183883,482.416428,486.593750,67961000
2024-04-23,488.599579,492.796365,486.408681,492.367920,64633600
2024-04-24,493.254033,494.042755,489.914137,492.134247,55928100
2024-04-25,486.067893,491.024189,484.422283,490.264679,69122400
2024-04-26,493.049560,496.486836,492.416640,494.909393,64306100
2024-04-29,496.691259,497.333926,493.925862,496.662048,46415400
2024-04-30,495.201490,496.175223,488.794342,488.794342,77483600
2024-05-01,488.210097,494.841214,486.739751,487.207153,80242800
2024-05-02,490.907332,492.601647,486.428155,491.764221,62550200
2024-05-03,497.733243,499.086716,495.201532,497.859833,72756700
2024-05-06,500.255135,503.039996,499.816943,503.001068,47264700
2024-05-07,503.965042,504.948522,502.884213,503.556091,52561300
2024-05-08,501.725500,504.140338,501.608657,503.604797,42047200
2024-05-09,503.789808,506.545488,503.137423,506.506500,43643700
2024-05-10,508.103489,508.911704,505.941831,507.158997,52233200
2024-05-13,508.833795,508.940891,506.087861,507.227112,36716400
2024-05-14,507.421783,510.070367,506.886242,509.554260,57535900
2024-05-15,512.017880,516.156244,511.384930,515.864136,59504900
2024-05-16,515.961479,517.558415,514.656651,514.802734,50244800
2024-05-17,514.919521,515.610893,513.468669,515.542725,59187600
2024-05-20,515.659660,517.597379,515.270143,516.136780,37764200
2024-05-21,515.377327,517.558479,515.172822,517.402649,33437000
2024-05-22,516.711310,517.422116,513.741377,515.912842,48390000
2024-05-23,518.960661,519.067757,510.937053,512.144531,57211200
2024-05-24,513.984759,516.341235,513.040267,515.533020,41291100
2024-05-28,516.341310,516.574996,513.264281,515.893372,36269600
2024-05-29,511.871750,513.458939,511.569895,512.280701,45190300
2024-05-30,510.742217,511.404348,507.636008,508.882355,46377600
2024-05-31,509.836716,513.643985,504.744054,513.517395,90785800
2024-06-03,515.124142,515.406503,508.872735,513.936157,46835700
2024-06-04,512.631323,515.250666,511.170724,514.510620,34632700
2024-06-05,516.828089,520.645104,514.841636,520.625610,47610400
2024-06-06,520.927446,521.355891,518.687873,520.615845,30808500
2024-06-07,519.642190,522.787387,518.551614,519.983032,43224500
2024-06-10,519.174762,521.910948,518.580799,521.589600,35686100
2024-06-11,520.041470,522.904247,518.074511,522.845825,36383400
2024-06-12,527.402880,529.827466,526.107799,527.139954,63251300
2024-06-13,528.882919,529.058183,525.416433,528.201294,44760900
2024-06-14,526.672650,528.551947,525.669676,528.522766,40089900
2024-06-17,527.841028,534.121616,527.383343,532.729126,55839500
2024-06-18,532.787500,534.209171,532.368802,534.082581,41376400
2024-06-20,535.007685,535.669816,530.859574,532.631775,70328200
2024-06-21,531.810222,533.031314,530.462131,531.917664,64338600
2024-06-24,531.741916,534.301321,530.071440,530.188660,45528700
2024-06-25,531.409746,532.591785,529.895603,532.230347,37936200
2024-06-26,531.116613,533.607630,530.471903,532.894531,38550600
2024-06-27,532.757745,534.311001,532.015311,533.734619,35041500
2024-06-28,534.506412,537.554314,530.393810,531.634399,76144500
2024-07-01,533.011788,533.256006,529.973724,532.728516,40297800
2024-07-02,531.126461,536.313660,531.077629,536.313660,40434800
2024-07-03,536.001010,539.068409,535.961957,538.706970,32789900
2024-07-05,539.009792,542.213908,538.374800,541.813416,41488400
2024-07-08,542.594933,543.386199,541.373841,542.438660,36110500
2024-07-09,543.395891,544.294599,542.673014,542.966064,27289700
2024-07-10,544.187214,548.680810,543.894163,548.338928,38701200
2024-07-11,548.456218,549.325650,542.975968,543.610901,53054200
2024-07-12,544.734325,550.634624,544.265445,547.039734,53084400
2024-07-15,549.032565,551.777579,546.688044,548.544128,40584300
2024-07-16,549.853027,552.090047,549.100815,551.796997,36475300
2024-07-17,545.877152,547.547628,543.737796,544.060181,57119000
2024-07-18,545.593961,546.580613,537.700801,539.879211,56270400
2024-07-19,539.644800,541.266444,535.239088,536.294128,65509100
2024-07-22,540.211437,542.428960,538.277245,541.823303,43346700
2024-07-23,541.715702,543.864837,540.484891,540.973328,34439600
2024-07-24,536.167054,536.469883,527.795237,528.713501,74515300
2024-07-25,528.830691,534.799436,525.020918,525.958679,61158300
2024-07-26,529.739222,534.535646,528.967453,531.849243,53763800
2024-07-29,533.392736,534.398885,530.169004,532.161865,39515800
2024-07-30,533.627191,534.682232,526.066196,529.465698,46853600
2024-07-31,536.284325,540.699815,534.916737,538.072021,65663400
2024-08-01,539.791306,542.038105,526.955167,530.452393,76428700
2024-08-02,523.360300,524.571615,516.375627,520.576233,82789100
2024-08-05,499.807883,511.471762,498.469540,505.415131,146267400
2024-08-06,507.212536,517.499048,505.893779,510.074829,84826300
2024-08-07,516.248598,519.296500,506.069587,506.665466,70698300
2024-08-08,511.793993,519.003328,509.771917,518.378174,63276600
2024-08-09,517.557610,522.148930,516.336518,520.664062,45619600
2024-08-12,521.855886,523.340694,518.671267,520.937622,42542100
2024-08-13,524.122235,529.739261,523.878017,529.504761,52333100
2024-08-14,530.296082,532.357332,527.629235,531.175293,42446900
2024-08-15,536.792216,540.562935,536.186559,540.279663,60846800
2024-08-16,538.667848,542.184630,538.511574,541.491028,44430700
2024-08-19,541.901307,546.668457,541.051431,546.668457,39121800
2024-08-20,546.219085,547.870005,544.441167,545.779480,33732300
2024-08-21,546.824832,549.110684,541.901349,547.655151,41514600
2024-08-22,549.550280,550.155938,542.145558,543.356873,56121500
2024-08-23,546.590400,550.068070,544.402152,549.130249,50639400
2024-08-26,550.155910,550.869009,546.121416,547.821167,35788600
2024-08-27,546.551289,549.061862,545.408363,548.573425,32693900
2024-08-28,548.231531,548.661358,542.204175,545.388794,41066000
2024-08-29,547.352255,550.644316,544.294635,545.437561,38715200
2024-08-30,547.801732,551.152403,544.255674,550.644409,62700100
2024-09-03,547.508612,547.840775,536.802109,539.312683,60600100
2024-09-04,537.476146,541.608304,536.753268,538.208801,47224900
2024-09-05,538.150147,540.992824,534.447756,536.899719,44264300
2024-09-06,537.222118,538.843702,526.964940,527.863647,68493800
2024-09-09,532.054494,535.043727,530.130021,533.773743,40445800
2024-09-10,535.678706,536.450475,530.813892,536.098755,36394600
2024-09-11,536.010880,542.516836,527.473009,541.598572,75248600
2024-09-12,542.174860,546.463351,539.957337,546.160522,51819600
2024-09-13,546.766202,550.009431,546.512205,549.013000,39310500
2024-09-16,548.749194,550.087507,546.951780,549.823792,36656100
2024-09-17,552.031424,553.477238,547.821100,550.048401,49321000
2024-09-18,550.703089,555.538628,547.860411,548.417236,59044900
2024-09-19,557.804786,559.631536,554.942553,557.775452,75315500
2024-09-20,556.409559,557.849939,553.793262,556.811279,77503100
2024-09-23,557.879445,558.849507,556.664355,558.202759,44116900
2024-09-24,558.996426,559.858717,556.174394,559.799927,46805700
2024-09-25,559.643262,560.378165,557.458110,558.565369,38428600
2024-09-26,562.817993,563.141367,558.428193,560.779846,48336000
2024-09-27,561.847886,562.661135,558.937640,559.966492,42100900
2024-09-30,558.937656,562.817964,556.644793,562.210449,63557400
2024-10-01,561.857698,562.504386,554.606634,557.173889,72668800
2024-10-02,556.282243,558.428161,553.891356,557.409058,38097800
2024-10-03,555.939253,558.330139,554.106900,556.390015,40846500
2024-10-04,560.828722,561.818400,556.664273,561.446045,42939100
2024-10-07,559.799846,560.446594,555.223869,556.370300,49964700
2024-10-08,558.937620,562.230030,558.065581,561.632263,37398700
2024-10-09,561.622536,566.080994,561.024829,565.522461,37912200
2024-10-10,564.179976,565.953539,562.925713,564.532715,44138100
2024-10-11,564.454359,568.648233,564.317162,567.913330,42268000
2024-10-14,569.520288,573.488811,569.040161,572.557922,36217200
2024-10-15,572.822427,573.126184,566.894163,568.109253,54203600
2024-10-16,568.109319,571.097912,567.305818,570.578552,30725400
2024-10-17,574.115839,574.321633,570.441325,570.627502,34393700
2024-10-18,572.313019,573.606455,570.853021,572.822571,37416800
2024-10-21,572.097379,573.077249,568.912800,571.881836,36439000
2024-10-22,569.353678,572.734243,568.697182,571.578003,34183800
2024-10-23,569.559420,570.000373,562.857080,566.355225,49314600
2024-10-24,568.305234,568.383640,564.963902,567.580139,34979900
2024-10-25,569.804405,572.695034,566.443457,567.384094,47268200
2024-10-28,570.852957,570.980345,568.834426,569.138184,30174700
2024-10-29,568.177810,571.176211,566.786411,570.059204,42899700
2024-10-30,569.588859,571.578024,567.629118,568.334656,41435800
2024-10-31,563.974229,564.042827,556.997556,557.193542,60182500
2024-11-01,559.819558,563.964391,559.133637,559.545166,45667500
2024-11-04,559.682322,560.975758,556.458571,558.339905,38217000
2024-11-05,559.251199,565.130421,559.035656,565.091248,39478300
2024-11-06,577.339650,580.014677,573.606346,579.142578,68182000
2024-11-07,581.141564,584.639709,581.063158,583.620605,47233200
2024-11-08,584.169324,587.569506,584.169324,586.148682,46444900
2024-11-11,587.736005,588.088744,584.982572,586.707153,37586800
2024-11-12,586.628782,587.226488,582.405543,584.884644,43006100
2024-11-13,585.345132,587.167676,582.983671,585.168762,47388600
2024-11-14,585.296122,585.776249,580.720145,581.406006,38904100
2024-11-15,577.849163,578.319542,572.107137,573.959106,75988800
2024-11-18,574.419589,577.623784,573.557358,576.310791,37001700
2024-11-19,572.940038,579.142575,572.273734,578.417480,49412000
2024-11-20,578.495885,578.897605,572.861630,578.613464,50032600
2024-11-21,581.455080,583.140428,575.624840,581.719604,46750300
2024-11-22,581.709848,584.149775,581.210164,583.522644,38226400
2024-11-25,587.452008,588.765001,583.218960,585.502075,42441400
2024-11-26,586.746286,589.225387,586.031000,588.559082,45621300
2024-11-27,588.372889,588.754993,585.256909,586.775696,34000200
2024-11-29,587.589059,591.204783,587.314726,590.420898,30177400
2024-12-02,590.832378,592.155239,590.342443,591.479126,31746000
2024-12-03,591.243987,591.998447,590.215135,591.753479,26906600
2024-12-04,593.438873,595.672946,592.772568,595.427979,42787600
2024-12-05,595.427990,596.231491,594.095381,594.448120,28762200
2024-12-06,595.212465,596.809658,594.800936,595.575012,31241500
2024-12-09,595.457415,595.623976,591.920097,592.507996,34742700
2024-12-10,593.184168,593.605505,590.009397,590.665894,37234500
2024-12-11,593.585881,596.182501,593.311488,595.232056,28677700
2024-12-12,594.369809,594.938090,592.165100,592.165100,31543800
2024-12-13,594.193404,594.908690,590.675643,592.047485,35904700
2024-12-16,593.801363,595.545561,593.027288,594.575439,43695200
2024-12-17,592.027830,592.988084,590.754011,592.125793,55773500
2024-12-18,591.822113,594.203191,574.096291,574.478455,108248700
2024-12-19,579.456191,581.063193,574.057095,574.302063,85919500
2024-12-20,571.977828,585.722501,571.132258,581.199951,125716700
2024-12-23,580.944331,585.280077,577.768657,584.680359,57635800
2024-12-24,586.027285,591.218442,585.447189,591.179077,33160100
2024-12-26,589.409389,592.339211,588.013307,591.218445,41219100
2024-12-27,587.482380,587.718391,580.816530,584.994995,64969300
2024-12-30,577.994812,581.779985,574.573345,578.319214,56578800
